2026-05-25 17:54:50 [main] [txId=] INFO  c.e.w.TrainerWorkloadApplication - Starting TrainerWorkloadApplication using Java 17.0.18 with PID 3434 (/Users/mariagevorgyan/Documents/Epam_Task1_Spring/trainer-workload-service/target/classes started by mariagevorgyan in /Users/mariagevorgyan/Documents/Epam_Task1_Spring/trainer-workload-service)
2026-05-25 17:54:50 [main] [txId=] DEBUG c.e.w.TrainerWorkloadApplication - Running with Spring Boot v3.2.0, Spring v6.1.1
2026-05-25 17:54:50 [main] [txId=] INFO  c.e.w.TrainerWorkloadApplication - No active profile set, falling back to 1 default profile: "default"
2026-05-25 17:54:50 [main] [txId=] INFO  o.s.cloud.context.scope.GenericScope - BeanFactory id=edcc1f8f-7b7e-3326-988c-f319dee77adb
2026-05-25 17:54:50 [main] [txId=] WARN  o.s.c.s.PostProcessorRegistrationDelegate$BeanPostProcessorChecker - Bean 'org.springframework.cloud.client.loadbalancer.LoadBalancerAutoConfiguration$LoadBalancerInterceptorConfig' of type [org.springframework.cloud.client.loadbalancer.LoadBalancerAutoConfiguration$LoadBalancerInterceptorConfig] is not eligible for getting processed by all BeanPostProcessors (for example: not eligible for auto-proxying). The currently created BeanPostProcessor [lbRestClientPostProcessor] is declared through a non-static factory method on that class; consider declaring it as static instead.
2026-05-25 17:54:50 [main] [txId=] WARN  o.s.c.s.PostProcessorRegistrationDelegate$BeanPostProcessorChecker - Bean 'org.springframework.cloud.loadbalancer.config.BlockingLoadBalancerClientAutoConfiguration' of type [org.springframework.cloud.loadbalancer.config.BlockingLoadBalancerClientAutoConfiguration] is not eligible for getting processed by all BeanPostProcessors (for example: not eligible for auto-proxying). Is this bean getting eagerly injected into a currently created BeanPostProcessor [lbRestClientPostProcessor]? Check the corresponding BeanPostProcessor declaration and its dependencies.
2026-05-25 17:54:50 [main] [txId=] WARN  o.s.c.s.PostProcessorRegistrationDelegate$BeanPostProcessorChecker - Bean 'org.springframework.cloud.loadbalancer.config.LoadBalancerAutoConfiguration' of type [org.springframework.cloud.loadbalancer.config.LoadBalancerAutoConfiguration] is not eligible for getting processed by all BeanPostProcessors (for example: not eligible for auto-proxying). Is this bean getting eagerly injected into a currently created BeanPostProcessor [lbRestClientPostProcessor]? Check the corresponding BeanPostProcessor declaration and its dependencies.
2026-05-25 17:54:50 [main] [txId=] WARN  o.s.c.s.PostProcessorRegistrationDelegate$BeanPostProcessorChecker - Bean 'org.springframework.cloud.commons.config.CommonsConfigAutoConfiguration' of type [org.springframework.cloud.commons.config.CommonsConfigAutoConfiguration] is not eligible for getting processed by all BeanPostProcessors (for example: not eligible for auto-proxying). Is this bean getting eagerly injected into a currently created BeanPostProcessor [lbRestClientPostProcessor]? Check the corresponding BeanPostProcessor declaration and its dependencies.
2026-05-25 17:54:50 [main] [txId=] WARN  o.s.c.s.PostProcessorRegistrationDelegate$BeanPostProcessorChecker - Bean 'org.springframework.cloud.client.loadbalancer.LoadBalancerDefaultMappingsProviderAutoConfiguration' of type [org.springframework.cloud.client.loadbalancer.LoadBalancerDefaultMappingsProviderAutoConfiguration] is not eligible for getting processed by all BeanPostProcessors (for example: not eligible for auto-proxying). Is this bean getting eagerly injected into a currently created BeanPostProcessor [lbRestClientPostProcessor]? Check the corresponding BeanPostProcessor declaration and its dependencies.
2026-05-25 17:54:50 [main] [txId=] WARN  o.s.c.s.PostProcessorRegistrationDelegate$BeanPostProcessorChecker - Bean 'loadBalancerClientsDefaultsMappingsProvider' of type [org.springframework.cloud.client.loadbalancer.LoadBalancerDefaultMappingsProviderAutoConfiguration$$Lambda$544/0x0000000601363388] is not eligible for getting processed by all BeanPostProcessors (for example: not eligible for auto-proxying). Is this bean getting eagerly injected into a currently created BeanPostProcessor [lbRestClientPostProcessor]? Check the corresponding BeanPostProcessor declaration and its dependencies.
2026-05-25 17:54:50 [main] [txId=] WARN  o.s.c.s.PostProcessorRegistrationDelegate$BeanPostProcessorChecker - Bean 'defaultsBindHandlerAdvisor' of type [org.springframework.cloud.commons.config.DefaultsBindHandlerAdvisor] is not eligible for getting processed by all BeanPostProcessors (for example: not eligible for auto-proxying). Is this bean getting eagerly injected into a currently created BeanPostProcessor [lbRestClientPostProcessor]? Check the corresponding BeanPostProcessor declaration and its dependencies.
2026-05-25 17:54:50 [main] [txId=] WARN  o.s.c.s.PostProcessorRegistrationDelegate$BeanPostProcessorChecker - Bean 'spring.cloud.loadbalancer-org.springframework.cloud.client.loadbalancer.LoadBalancerClientsProperties' of type [org.springframework.cloud.client.loadbalancer.LoadBalancerClientsProperties] is not eligible for getting processed by all BeanPostProcessors (for example: not eligible for auto-proxying). Is this bean getting eagerly injected into a currently created BeanPostProcessor [lbRestClientPostProcessor]? Check the corresponding BeanPostProcessor declaration and its dependencies.
2026-05-25 17:54:50 [main] [txId=] WARN  o.s.c.s.PostProcessorRegistrationDelegate$BeanPostProcessorChecker - Bean 'default.org.springframework.cloud.loadbalancer.config.LoadBalancerAutoConfiguration.LoadBalancerClientSpecification' of type [org.springframework.cloud.loadbalancer.annotation.LoadBalancerClientSpecification] is not eligible for getting processed by all BeanPostProcessors (for example: not eligible for auto-proxying). Is this bean getting eagerly injected into a currently created BeanPostProcessor [lbRestClientPostProcessor]? Check the corresponding BeanPostProcessor declaration and its dependencies.
2026-05-25 17:54:50 [main] [txId=] WARN  o.s.c.s.PostProcessorRegistrationDelegate$BeanPostProcessorChecker - Bean 'default.org.springframework.cloud.loadbalancer.config.BlockingLoadBalancerClientAutoConfiguration.LoadBalancerClientSpecification' of type [org.springframework.cloud.loadbalancer.annotation.LoadBalancerClientSpecification] is not eligible for getting processed by all BeanPostProcessors (for example: not eligible for auto-proxying). Is this bean getting eagerly injected into a currently created BeanPostProcessor [lbRestClientPostProcessor]? Check the corresponding BeanPostProcessor declaration and its dependencies.
2026-05-25 17:54:50 [main] [txId=] WARN  o.s.c.s.PostProcessorRegistrationDelegate$BeanPostProcessorChecker - Bean 'default.org.springframework.cloud.netflix.eureka.loadbalancer.LoadBalancerEurekaAutoConfiguration.LoadBalancerClientSpecification' of type [org.springframework.cloud.loadbalancer.annotation.LoadBalancerClientSpecification] is not eligible for getting processed by all BeanPostProcessors (for example: not eligible for auto-proxying). Is this bean getting eagerly injected into a currently created BeanPostProcessor [lbRestClientPostProcessor]? Check the corresponding BeanPostProcessor declaration and its dependencies.
2026-05-25 17:54:50 [main] [txId=] WARN  o.s.c.s.PostProcessorRegistrationDelegate$BeanPostProcessorChecker - Bean 'loadBalancerClientFactory' of type [org.springframework.cloud.loadbalancer.support.LoadBalancerClientFactory] is not eligible for getting processed by all BeanPostProcessors (for example: not eligible for auto-proxying). Is this bean getting eagerly injected into a currently created BeanPostProcessor [lbRestClientPostProcessor]? Check the corresponding BeanPostProcessor declaration and its dependencies.
2026-05-25 17:54:50 [main] [txId=] WARN  o.s.c.s.PostProcessorRegistrationDelegate$BeanPostProcessorChecker - Bean 'blockingLoadBalancerClient' of type [org.springframework.cloud.loadbalancer.blocking.client.BlockingLoadBalancerClient] is not eligible for getting processed by all BeanPostProcessors (for example: not eligible for auto-proxying). Is this bean getting eagerly injected into a currently created BeanPostProcessor [lbRestClientPostProcessor]? Check the corresponding BeanPostProcessor declaration and its dependencies.
2026-05-25 17:54:50 [main] [txId=] WARN  o.s.c.s.PostProcessorRegistrationDelegate$BeanPostProcessorChecker - Bean 'loadBalancerServiceInstanceCookieTransformer' of type [org.springframework.cloud.loadbalancer.core.LoadBalancerServiceInstanceCookieTransformer] is not eligible for getting processed by all BeanPostProcessors (for example: not eligible for auto-proxying). Is this bean getting eagerly injected into a currently created BeanPostProcessor [lbRestClientPostProcessor]? Check the corresponding BeanPostProcessor declaration and its dependencies.
2026-05-25 17:54:50 [main] [txId=] WARN  o.s.c.s.PostProcessorRegistrationDelegate$BeanPostProcessorChecker - Bean 'xForwarderHeadersTransformer' of type [org.springframework.cloud.loadbalancer.blocking.XForwardedHeadersTransformer] is not eligible for getting processed by all BeanPostProcessors (for example: not eligible for auto-proxying). Is this bean getting eagerly injected into a currently created BeanPostProcessor [lbRestClientPostProcessor]? Check the corresponding BeanPostProcessor declaration and its dependencies.
2026-05-25 17:54:50 [main] [txId=] WARN  o.s.c.s.PostProcessorRegistrationDelegate$BeanPostProcessorChecker - Bean 'org.springframework.cloud.client.loadbalancer.LoadBalancerAutoConfiguration' of type [org.springframework.cloud.client.loadbalancer.LoadBalancerAutoConfiguration] is not eligible for getting processed by all BeanPostProcessors (for example: not eligible for auto-proxying). Is this bean getting eagerly injected into a currently created BeanPostProcessor [lbRestClientPostProcessor]? Check the corresponding BeanPostProcessor declaration and its dependencies.
2026-05-25 17:54:50 [main] [txId=] WARN  o.s.c.s.PostProcessorRegistrationDelegate$BeanPostProcessorChecker - Bean 'loadBalancerRequestFactory' of type [org.springframework.cloud.client.loadbalancer.LoadBalancerRequestFactory] is not eligible for getting processed by all BeanPostProcessors (for example: not eligible for auto-proxying). Is this bean getting eagerly injected into a currently created BeanPostProcessor [lbRestClientPostProcessor]? Check the corresponding BeanPostProcessor declaration and its dependencies.
2026-05-25 17:54:50 [main] [txId=] WARN  o.s.c.s.PostProcessorRegistrationDelegate$BeanPostProcessorChecker - Bean 'loadBalancerInterceptor' of type [org.springframework.cloud.client.loadbalancer.LoadBalancerInterceptor] is not eligible for getting processed by all BeanPostProcessors (for example: not eligible for auto-proxying). Is this bean getting eagerly injected into a currently created BeanPostProcessor [lbRestClientPostProcessor]? Check the corresponding BeanPostProcessor declaration and its dependencies.
2026-05-25 17:54:50 [main] [txId=] INFO  o.s.b.w.e.tomcat.TomcatWebServer - Tomcat initialized with port 8081 (http)
2026-05-25 17:54:50 [main] [txId=] INFO  o.a.coyote.http11.Http11NioProtocol - Initializing ProtocolHandler ["http-nio-8081"]
2026-05-25 17:54:50 [main] [txId=] INFO  o.a.catalina.core.StandardService - Starting service [Tomcat]
2026-05-25 17:54:50 [main] [txId=] INFO  o.a.catalina.core.StandardEngine - Starting Servlet engine: [Apache Tomcat/10.1.16]
2026-05-25 17:54:50 [main] [txId=] INFO  o.a.c.c.C.[Tomcat].[localhost].[/] - Initializing Spring embedded WebApplicationContext
2026-05-25 17:54:50 [main] [txId=] INFO  o.s.b.w.s.c.ServletWebServerApplicationContext - Root WebApplicationContext: initialization completed in 376 ms
2026-05-25 17:54:50 [main] [txId=] DEBUG c.e.w.l.TransactionLoggingFilter - Filter 'transactionLoggingFilter' configured for use
2026-05-25 17:54:50 [main] [txId=] DEBUG c.e.workload.security.JwtAuthFilter - Filter 'jwtAuthFilter' configured for use
2026-05-25 17:54:50 [main] [txId=] WARN  o.s.b.a.s.s.UserDetailsServiceAutoConfiguration - 

Using generated security password: 3bebc053-feaf-40f6-831f-a2762c5faeab

This generated password is for development use only. Your security configuration must be updated before running your application in production.

2026-05-25 17:54:50 [main] [txId=] INFO  o.s.b.a.e.web.EndpointLinksResolver - Exposing 2 endpoint(s) beneath base path '/actuator'
2026-05-25 17:54:50 [main] [txId=] INFO  o.s.s.web.DefaultSecurityFilterChain - Will secure any request with [org.springframework.security.web.session.DisableEncodeUrlFilter@582dcd35, org.springframework.security.web.context.request.async.WebAsyncManagerIntegrationFilter@1e6bd263, org.springframework.security.web.context.SecurityContextHolderFilter@28e94c2, org.springframework.security.web.header.HeaderWriterFilter@69bc9584, org.springframework.web.filter.CorsFilter@394a6d2b, org.springframework.security.web.authentication.logout.LogoutFilter@563317c1, com.epam.workload.security.JwtAuthFilter@b5b9333, org.springframework.security.web.savedrequest.RequestCacheAwareFilter@14d1737a, org.springframework.security.web.servletapi.SecurityContextHolderAwareRequestFilter@482a58c7, org.springframework.security.web.authentication.AnonymousAuthenticationFilter@635ff2a5, org.springframework.security.web.session.SessionManagementFilter@3bd08435, org.springframework.security.web.access.ExceptionTranslationFilter@365cef67, org.springframework.security.web.access.intercept.AuthorizationFilter@77663cd7]
2026-05-25 17:54:50 [main] [txId=] INFO  o.s.c.n.e.c.DiscoveryClientOptionalArgsConfiguration - Eureka HTTP Client uses RestTemplate.
2026-05-25 17:54:50 [main] [txId=] WARN  o.s.c.l.c.LoadBalancerCacheAutoConfiguration$LoadBalancerCaffeineWarnLogger - Spring Cloud LoadBalancer is currently working with the default cache. While this cache implementation is useful for development and tests, it's recommended to use Caffeine cache in production.You can switch to using Caffeine cache, by adding it and org.springframework.cache.caffeine.CaffeineCacheManager to the classpath.
2026-05-25 17:54:50 [main] [txId=] INFO  o.s.c.n.eureka.InstanceInfoFactory - Setting initial instance status as: STARTING
2026-05-25 17:54:50 [main] [txId=] INFO  c.netflix.discovery.DiscoveryClient - Initializing Eureka in region us-east-1
2026-05-25 17:54:50 [main] [txId=] INFO  c.n.d.s.r.aws.ConfigClusterResolver - Resolving eureka endpoints via configuration
2026-05-25 17:54:51 [main] [txId=] INFO  c.netflix.discovery.DiscoveryClient - Disable delta property : false
2026-05-25 17:54:51 [main] [txId=] INFO  c.netflix.discovery.DiscoveryClient - Single vip registry refresh property : null
2026-05-25 17:54:51 [main] [txId=] INFO  c.netflix.discovery.DiscoveryClient - Force full registry fetch : false
2026-05-25 17:54:51 [main] [txId=] INFO  c.netflix.discovery.DiscoveryClient - Application is null : false
2026-05-25 17:54:51 [main] [txId=] INFO  c.netflix.discovery.DiscoveryClient - Registered Applications size is zero : true
2026-05-25 17:54:51 [main] [txId=] INFO  c.netflix.discovery.DiscoveryClient - Application version is -1: true
2026-05-25 17:54:51 [main] [txId=] INFO  c.netflix.discovery.DiscoveryClient - Getting all instance registry info from the eureka server
2026-05-25 17:54:51 [main] [txId=] INFO  c.netflix.discovery.DiscoveryClient - The response status is 200
2026-05-25 17:54:51 [main] [txId=] INFO  c.netflix.discovery.DiscoveryClient - Starting heartbeat executor: renew interval is: 30
2026-05-25 17:54:51 [main] [txId=] INFO  c.n.discovery.InstanceInfoReplicator - InstanceInfoReplicator onDemand update allowed rate per min is 4
2026-05-25 17:54:51 [main] [txId=] INFO  c.netflix.discovery.DiscoveryClient - Discovery Client initialized at timestamp 1779717291110 with initial instances count: 0
2026-05-25 17:54:51 [main] [txId=] INFO  o.s.c.n.e.s.EurekaServiceRegistry - Registering application TRAINER-WORKLOAD-SERVICE with eureka with status UP
2026-05-25 17:54:51 [main] [txId=] INFO  c.netflix.discovery.DiscoveryClient - Saw local status change event StatusChangeEvent [timestamp=1779717291111, current=UP, previous=STARTING]
2026-05-25 17:54:51 [DiscoveryClient-InstanceInfoReplicator-0] [txId=] INFO  c.netflix.discovery.DiscoveryClient - DiscoveryClient_TRAINER-WORKLOAD-SERVICE/192.168.18.151:trainer-workload-service:8081: registering service...
2026-05-25 17:54:51 [main] [txId=] INFO  o.a.coyote.http11.Http11NioProtocol - Starting ProtocolHandler ["http-nio-8081"]
2026-05-25 17:54:51 [main] [txId=] INFO  o.s.b.w.e.tomcat.TomcatWebServer - Tomcat started on port 8081 (http) with context path ''
2026-05-25 17:54:51 [main] [txId=] INFO  o.s.c.n.e.s.EurekaAutoServiceRegistration - Updating port to 8081
2026-05-25 17:54:51 [DiscoveryClient-InstanceInfoReplicator-0] [txId=] INFO  c.netflix.discovery.DiscoveryClient - DiscoveryClient_TRAINER-WORKLOAD-SERVICE/192.168.18.151:trainer-workload-service:8081 - registration status: 204
2026-05-25 17:54:51 [main] [txId=] INFO  c.e.w.TrainerWorkloadApplication - Started TrainerWorkloadApplication in 0.999 seconds (process running for 1.1)
2026-05-25 17:55:21 [DiscoveryClient-CacheRefreshExecutor-0] [txId=] INFO  c.netflix.discovery.DiscoveryClient - Disable delta property : false
2026-05-25 17:55:21 [DiscoveryClient-CacheRefreshExecutor-0] [txId=] INFO  c.netflix.discovery.DiscoveryClient - Single vip registry refresh property : null
2026-05-25 17:55:21 [DiscoveryClient-CacheRefreshExecutor-0] [txId=] INFO  c.netflix.discovery.DiscoveryClient - Force full registry fetch : false
2026-05-25 17:55:21 [DiscoveryClient-CacheRefreshExecutor-0] [txId=] INFO  c.netflix.discovery.DiscoveryClient - Application is null : false
2026-05-25 17:55:21 [DiscoveryClient-CacheRefreshExecutor-0] [txId=] INFO  c.netflix.discovery.DiscoveryClient - Registered Applications size is zero : true
2026-05-25 17:55:21 [DiscoveryClient-CacheRefreshExecutor-0] [txId=] INFO  c.netflix.discovery.DiscoveryClient - Application version is -1: false
2026-05-25 17:55:21 [DiscoveryClient-CacheRefreshExecutor-0] [txId=] INFO  c.netflix.discovery.DiscoveryClient - Getting all instance registry info from the eureka server
2026-05-25 17:55:21 [DiscoveryClient-CacheRefreshExecutor-0] [txId=] INFO  c.netflix.discovery.DiscoveryClient - The response status is 200
2026-05-25 17:56:33 [http-nio-8081-exec-1] [txId=] INFO  o.a.c.c.C.[Tomcat].[localhost].[/] - Initializing Spring DispatcherServlet 'dispatcherServlet'
2026-05-25 17:56:33 [http-nio-8081-exec-1] [txId=] INFO  o.s.web.servlet.DispatcherServlet - Initializing Servlet 'dispatcherServlet'
2026-05-25 17:56:33 [http-nio-8081-exec-1] [txId=] INFO  o.s.web.servlet.DispatcherServlet - Completed initialization in 1 ms
2026-05-25 17:56:33 [http-nio-8081-exec-1] [txId=] WARN  o.s.w.s.h.HandlerMappingIntrospector - Cache miss for REQUEST dispatch to '/actuator/info' (previous null). Performing CorsConfiguration lookup. This is logged once only at WARN level, and every time at TRACE.
2026-05-25 17:56:33 [http-nio-8081-exec-1] [txId=] WARN  o.s.w.s.h.HandlerMappingIntrospector - Cache miss for REQUEST dispatch to '/actuator/info' (previous null). Performing MatchableHandlerMapping lookup. This is logged once only at WARN level, and every time at TRACE.
2026-05-25 17:56:33 [http-nio-8081-exec-1] [txId=af0f48f8-4379-4382-bdc9-2e54889ecc20] INFO  c.e.w.l.TransactionLoggingFilter - [TRANSACTION] endpoint=/actuator/info method=GET transactionId=af0f48f8-4379-4382-bdc9-2e54889ecc20
2026-05-25 17:56:33 [http-nio-8081-exec-1] [txId=af0f48f8-4379-4382-bdc9-2e54889ecc20] INFO  c.e.w.l.TransactionLoggingFilter - [TRANSACTION] endpoint=/actuator/info status=200 transactionId=af0f48f8-4379-4382-bdc9-2e54889ecc20
2026-05-25 17:59:50 [AsyncResolver-bootstrap-executor-0] [txId=] INFO  c.n.d.s.r.aws.ConfigClusterResolver - Resolving eureka endpoints via configuration
2026-05-25 18:04:51 [AsyncResolver-bootstrap-executor-0] [txId=] INFO  c.n.d.s.r.aws.ConfigClusterResolver - Resolving eureka endpoints via configuration
2026-05-25 18:09:51 [AsyncResolver-bootstrap-executor-0] [txId=] INFO  c.n.d.s.r.aws.ConfigClusterResolver - Resolving eureka endpoints via configuration
2026-05-25 18:11:17 [http-nio-8081-exec-5] [txId=64384100-2bfa-4a9f-94be-b14283a4257a] INFO  c.e.w.l.TransactionLoggingFilter - [TRANSACTION] endpoint=/api/trainer-workload/jane.smith method=GET transactionId=64384100-2bfa-4a9f-94be-b14283a4257a
2026-05-25 18:11:17 [http-nio-8081-exec-5] [txId=64384100-2bfa-4a9f-94be-b14283a4257a] INFO  c.e.w.c.TrainerWorkloadController - Fetching workload summary for trainer 'jane.smith'
2026-05-25 18:11:17 [http-nio-8081-exec-5] [txId=64384100-2bfa-4a9f-94be-b14283a4257a] WARN  c.e.w.c.TrainerWorkloadController - No summary found for trainer 'jane.smith'
2026-05-25 18:11:17 [http-nio-8081-exec-5] [txId=64384100-2bfa-4a9f-94be-b14283a4257a] INFO  c.e.w.l.TransactionLoggingFilter - [TRANSACTION] endpoint=/api/trainer-workload/jane.smith status=404 transactionId=64384100-2bfa-4a9f-94be-b14283a4257a
2026-05-25 18:14:29 [http-nio-8081-exec-7] [txId=78619885-f556-4d13-9ab7-c88dd5fd36f1] INFO  c.e.w.l.TransactionLoggingFilter - [TRANSACTION] endpoint=/api/trainer-workload/jane.smith method=GET transactionId=78619885-f556-4d13-9ab7-c88dd5fd36f1
2026-05-25 18:14:29 [http-nio-8081-exec-7] [txId=78619885-f556-4d13-9ab7-c88dd5fd36f1] INFO  c.e.w.c.TrainerWorkloadController - Fetching workload summary for trainer 'jane.smith'
2026-05-25 18:14:29 [http-nio-8081-exec-7] [txId=78619885-f556-4d13-9ab7-c88dd5fd36f1] WARN  c.e.w.c.TrainerWorkloadController - No summary found for trainer 'jane.smith'
2026-05-25 18:14:29 [http-nio-8081-exec-7] [txId=78619885-f556-4d13-9ab7-c88dd5fd36f1] INFO  c.e.w.l.TransactionLoggingFilter - [TRANSACTION] endpoint=/api/trainer-workload/jane.smith status=404 transactionId=78619885-f556-4d13-9ab7-c88dd5fd36f1
2026-05-25 18:14:50 [AsyncResolver-bootstrap-executor-0] [txId=] INFO  c.n.d.s.r.aws.ConfigClusterResolver - Resolving eureka endpoints via configuration
2026-05-25 18:15:01 [http-nio-8081-exec-8] [txId=ed6813fd-35ba-42ad-bb44-470e5a2c24f4] INFO  c.e.w.l.TransactionLoggingFilter - [TRANSACTION] endpoint=/api/trainer-workload method=POST transactionId=ed6813fd-35ba-42ad-bb44-470e5a2c24f4
2026-05-25 18:15:01 [http-nio-8081-exec-8] [txId=ed6813fd-35ba-42ad-bb44-470e5a2c24f4] INFO  c.e.w.c.TrainerWorkloadController - Updating workload for trainer 'jane.smith', action=ADD
2026-05-25 18:15:01 [http-nio-8081-exec-8] [txId=ed6813fd-35ba-42ad-bb44-470e5a2c24f4] INFO  c.e.w.service.TrainerWorkloadService - Added 60 minutes for trainer 'jane.smith' in 2025/3
2026-05-25 18:15:01 [http-nio-8081-exec-8] [txId=ed6813fd-35ba-42ad-bb44-470e5a2c24f4] INFO  c.e.w.c.TrainerWorkloadController - Workload updated successfully for trainer 'jane.smith', transactionId=ed6813fd-35ba-42ad-bb44-470e5a2c24f4
2026-05-25 18:15:01 [http-nio-8081-exec-8] [txId=ed6813fd-35ba-42ad-bb44-470e5a2c24f4] INFO  c.e.w.l.TransactionLoggingFilter - [TRANSACTION] endpoint=/api/trainer-workload status=200 transactionId=ed6813fd-35ba-42ad-bb44-470e5a2c24f4
2026-05-25 18:15:49 [http-nio-8081-exec-10] [txId=663cb008-f0ac-4824-82c8-864569b4f43a] INFO  c.e.w.l.TransactionLoggingFilter - [TRANSACTION] endpoint=/api/trainer-workload/jane.smith method=GET transactionId=663cb008-f0ac-4824-82c8-864569b4f43a
2026-05-25 18:15:49 [http-nio-8081-exec-10] [txId=663cb008-f0ac-4824-82c8-864569b4f43a] INFO  c.e.w.c.TrainerWorkloadController - Fetching workload summary for trainer 'jane.smith'
2026-05-25 18:15:49 [http-nio-8081-exec-10] [txId=663cb008-f0ac-4824-82c8-864569b4f43a] INFO  c.e.w.c.TrainerWorkloadController - Summary retrieved for trainer 'jane.smith', transactionId=663cb008-f0ac-4824-82c8-864569b4f43a
2026-05-25 18:15:49 [http-nio-8081-exec-10] [txId=663cb008-f0ac-4824-82c8-864569b4f43a] INFO  c.e.w.l.TransactionLoggingFilter - [TRANSACTION] endpoint=/api/trainer-workload/jane.smith status=200 transactionId=663cb008-f0ac-4824-82c8-864569b4f43a
2026-05-25 18:16:48 [http-nio-8081-exec-2] [txId=7cc7d62a-352a-4318-a8a4-f4e1a28df1d8] INFO  c.e.w.l.TransactionLoggingFilter - [TRANSACTION] endpoint=/api/trainer-workload method=POST transactionId=7cc7d62a-352a-4318-a8a4-f4e1a28df1d8
2026-05-25 18:16:48 [http-nio-8081-exec-2] [txId=7cc7d62a-352a-4318-a8a4-f4e1a28df1d8] INFO  c.e.w.c.TrainerWorkloadController - Updating workload for trainer 'jane.smith', action=DELETE
2026-05-25 18:16:48 [http-nio-8081-exec-2] [txId=7cc7d62a-352a-4318-a8a4-f4e1a28df1d8] INFO  c.e.w.service.TrainerWorkloadService - Removed 60 minutes for trainer 'jane.smith' in 2025/3
2026-05-25 18:16:48 [http-nio-8081-exec-2] [txId=7cc7d62a-352a-4318-a8a4-f4e1a28df1d8] INFO  c.e.w.c.TrainerWorkloadController - Workload updated successfully for trainer 'jane.smith', transactionId=7cc7d62a-352a-4318-a8a4-f4e1a28df1d8
2026-05-25 18:16:48 [http-nio-8081-exec-2] [txId=7cc7d62a-352a-4318-a8a4-f4e1a28df1d8] INFO  c.e.w.l.TransactionLoggingFilter - [TRANSACTION] endpoint=/api/trainer-workload status=200 transactionId=7cc7d62a-352a-4318-a8a4-f4e1a28df1d8
2026-05-25 18:17:02 [http-nio-8081-exec-3] [txId=5d59c0ff-5a6b-4bf3-903b-aca404601a08] INFO  c.e.w.l.TransactionLoggingFilter - [TRANSACTION] endpoint=/api/trainer-workload/jane.smith method=GET transactionId=5d59c0ff-5a6b-4bf3-903b-aca404601a08
2026-05-25 18:17:02 [http-nio-8081-exec-3] [txId=5d59c0ff-5a6b-4bf3-903b-aca404601a08] INFO  c.e.w.c.TrainerWorkloadController - Fetching workload summary for trainer 'jane.smith'
2026-05-25 18:17:02 [http-nio-8081-exec-3] [txId=5d59c0ff-5a6b-4bf3-903b-aca404601a08] INFO  c.e.w.c.TrainerWorkloadController - Summary retrieved for trainer 'jane.smith', transactionId=5d59c0ff-5a6b-4bf3-903b-aca404601a08
2026-05-25 18:17:02 [http-nio-8081-exec-3] [txId=5d59c0ff-5a6b-4bf3-903b-aca404601a08] INFO  c.e.w.l.TransactionLoggingFilter - [TRANSACTION] endpoint=/api/trainer-workload/jane.smith status=200 transactionId=5d59c0ff-5a6b-4bf3-903b-aca404601a08
2026-05-25 18:17:13 [http-nio-8081-exec-5] [txId=b2a79ea9-40d3-4dcd-b5d4-cf9317d4170f] INFO  c.e.w.l.TransactionLoggingFilter - [TRANSACTION] endpoint=/api/trainer-workload/jane.smith method=GET transactionId=b2a79ea9-40d3-4dcd-b5d4-cf9317d4170f
2026-05-25 18:17:13 [http-nio-8081-exec-5] [txId=b2a79ea9-40d3-4dcd-b5d4-cf9317d4170f] INFO  c.e.w.c.TrainerWorkloadController - Fetching workload summary for trainer 'jane.smith'
2026-05-25 18:17:13 [http-nio-8081-exec-5] [txId=b2a79ea9-40d3-4dcd-b5d4-cf9317d4170f] INFO  c.e.w.c.TrainerWorkloadController - Summary retrieved for trainer 'jane.smith', transactionId=b2a79ea9-40d3-4dcd-b5d4-cf9317d4170f
2026-05-25 18:17:13 [http-nio-8081-exec-5] [txId=b2a79ea9-40d3-4dcd-b5d4-cf9317d4170f] INFO  c.e.w.l.TransactionLoggingFilter - [TRANSACTION] endpoint=/api/trainer-workload/jane.smith status=200 transactionId=b2a79ea9-40d3-4dcd-b5d4-cf9317d4170f
2026-05-25 18:17:14 [http-nio-8081-exec-6] [txId=6c5224b6-383b-4dd4-b31a-20ce63644969] INFO  c.e.w.l.TransactionLoggingFilter - [TRANSACTION] endpoint=/api/trainer-workload/jane.smith method=GET transactionId=6c5224b6-383b-4dd4-b31a-20ce63644969
2026-05-25 18:17:14 [http-nio-8081-exec-6] [txId=6c5224b6-383b-4dd4-b31a-20ce63644969] INFO  c.e.w.c.TrainerWorkloadController - Fetching workload summary for trainer 'jane.smith'
2026-05-25 18:17:14 [http-nio-8081-exec-6] [txId=6c5224b6-383b-4dd4-b31a-20ce63644969] INFO  c.e.w.c.TrainerWorkloadController - Summary retrieved for trainer 'jane.smith', transactionId=6c5224b6-383b-4dd4-b31a-20ce63644969
2026-05-25 18:17:14 [http-nio-8081-exec-6] [txId=6c5224b6-383b-4dd4-b31a-20ce63644969] INFO  c.e.w.l.TransactionLoggingFilter - [TRANSACTION] endpoint=/api/trainer-workload/jane.smith status=200 transactionId=6c5224b6-383b-4dd4-b31a-20ce63644969
2026-05-25 18:17:29 [http-nio-8081-exec-7] [txId=6030e807-8528-4839-871f-6aa1c245198b] INFO  c.e.w.l.TransactionLoggingFilter - [TRANSACTION] endpoint=/api/trainer-workload method=POST transactionId=6030e807-8528-4839-871f-6aa1c245198b
2026-05-25 18:17:29 [http-nio-8081-exec-7] [txId=6030e807-8528-4839-871f-6aa1c245198b] INFO  c.e.w.c.TrainerWorkloadController - Updating workload for trainer 'jane.smith', action=DELETE
2026-05-25 18:17:29 [http-nio-8081-exec-7] [txId=6030e807-8528-4839-871f-6aa1c245198b] INFO  c.e.w.service.TrainerWorkloadService - Removed 60 minutes for trainer 'jane.smith' in 2025/3
2026-05-25 18:17:29 [http-nio-8081-exec-7] [txId=6030e807-8528-4839-871f-6aa1c245198b] INFO  c.e.w.c.TrainerWorkloadController - Workload updated successfully for trainer 'jane.smith', transactionId=6030e807-8528-4839-871f-6aa1c245198b
2026-05-25 18:17:29 [http-nio-8081-exec-7] [txId=6030e807-8528-4839-871f-6aa1c245198b] INFO  c.e.w.l.TransactionLoggingFilter - [TRANSACTION] endpoint=/api/trainer-workload status=200 transactionId=6030e807-8528-4839-871f-6aa1c245198b
2026-05-25 18:17:32 [http-nio-8081-exec-8] [txId=c6315b3e-a8f1-48a6-acf3-0d33d0da001e] INFO  c.e.w.l.TransactionLoggingFilter - [TRANSACTION] endpoint=/api/trainer-workload/jane.smith method=GET transactionId=c6315b3e-a8f1-48a6-acf3-0d33d0da001e
2026-05-25 18:17:32 [http-nio-8081-exec-8] [txId=c6315b3e-a8f1-48a6-acf3-0d33d0da001e] INFO  c.e.w.c.TrainerWorkloadController - Fetching workload summary for trainer 'jane.smith'
2026-05-25 18:17:32 [http-nio-8081-exec-8] [txId=c6315b3e-a8f1-48a6-acf3-0d33d0da001e] INFO  c.e.w.c.TrainerWorkloadController - Summary retrieved for trainer 'jane.smith', transactionId=c6315b3e-a8f1-48a6-acf3-0d33d0da001e
2026-05-25 18:17:32 [http-nio-8081-exec-8] [txId=c6315b3e-a8f1-48a6-acf3-0d33d0da001e] INFO  c.e.w.l.TransactionLoggingFilter - [TRANSACTION] endpoint=/api/trainer-workload/jane.smith status=200 transactionId=c6315b3e-a8f1-48a6-acf3-0d33d0da001e
2026-05-25 18:18:10 [http-nio-8081-exec-9] [txId=82a51e45-2de2-426f-bee9-d32cafa03661] INFO  c.e.w.l.TransactionLoggingFilter - [TRANSACTION] endpoint=/api/trainer-workload/jane.smith method=GET transactionId=82a51e45-2de2-426f-bee9-d32cafa03661
2026-05-25 18:18:10 [http-nio-8081-exec-9] [txId=82a51e45-2de2-426f-bee9-d32cafa03661] INFO  c.e.w.c.TrainerWorkloadController - Fetching workload summary for trainer 'jane.smith'
2026-05-25 18:18:10 [http-nio-8081-exec-9] [txId=82a51e45-2de2-426f-bee9-d32cafa03661] INFO  c.e.w.c.TrainerWorkloadController - Summary retrieved for trainer 'jane.smith', transactionId=82a51e45-2de2-426f-bee9-d32cafa03661
2026-05-25 18:18:10 [http-nio-8081-exec-9] [txId=82a51e45-2de2-426f-bee9-d32cafa03661] INFO  c.e.w.l.TransactionLoggingFilter - [TRANSACTION] endpoint=/api/trainer-workload/jane.smith status=200 transactionId=82a51e45-2de2-426f-bee9-d32cafa03661
2026-05-25 18:19:14 [http-nio-8081-exec-2] [txId=0614c604-3354-4902-b3a0-eed199bbfe91] INFO  c.e.w.l.TransactionLoggingFilter - [TRANSACTION] endpoint=/api/trainer-workload/jane.smith method=GET transactionId=0614c604-3354-4902-b3a0-eed199bbfe91
2026-05-25 18:19:14 [http-nio-8081-exec-2] [txId=0614c604-3354-4902-b3a0-eed199bbfe91] INFO  c.e.w.c.TrainerWorkloadController - Fetching workload summary for trainer 'jane.smith'
2026-05-25 18:19:14 [http-nio-8081-exec-2] [txId=0614c604-3354-4902-b3a0-eed199bbfe91] INFO  c.e.w.c.TrainerWorkloadController - Summary retrieved for trainer 'jane.smith', transactionId=0614c604-3354-4902-b3a0-eed199bbfe91
2026-05-25 18:19:14 [http-nio-8081-exec-2] [txId=0614c604-3354-4902-b3a0-eed199bbfe91] INFO  c.e.w.l.TransactionLoggingFilter - [TRANSACTION] endpoint=/api/trainer-workload/jane.smith status=200 transactionId=0614c604-3354-4902-b3a0-eed199bbfe91
2026-05-25 18:19:50 [AsyncResolver-bootstrap-executor-0] [txId=] INFO  c.n.d.s.r.aws.ConfigClusterResolver - Resolving eureka endpoints via configuration
2026-05-25 18:21:55 [SpringApplicationShutdownHook] [txId=] INFO  o.s.c.n.e.s.EurekaServiceRegistry - Unregistering application TRAINER-WORKLOAD-SERVICE with eureka with status DOWN
2026-05-25 18:21:55 [SpringApplicationShutdownHook] [txId=] INFO  c.netflix.discovery.DiscoveryClient - Saw local status change event StatusChangeEvent [timestamp=1779718915730, current=DOWN, previous=UP]
2026-05-25 18:21:55 [DiscoveryClient-InstanceInfoReplicator-0] [txId=] INFO  c.netflix.discovery.DiscoveryClient - DiscoveryClient_TRAINER-WORKLOAD-SERVICE/192.168.18.151:trainer-workload-service:8081: registering service...
2026-05-25 18:21:55 [DiscoveryClient-InstanceInfoReplicator-0] [txId=] INFO  c.netflix.discovery.DiscoveryClient - DiscoveryClient_TRAINER-WORKLOAD-SERVICE/192.168.18.151:trainer-workload-service:8081 - registration status: 204
2026-05-25 18:21:55 [SpringApplicationShutdownHook] [txId=] INFO  c.netflix.discovery.DiscoveryClient - Shutting down DiscoveryClient ...
2026-05-25 18:21:58 [SpringApplicationShutdownHook] [txId=] INFO  c.netflix.discovery.DiscoveryClient - Unregistering ...
2026-05-25 18:21:58 [SpringApplicationShutdownHook] [txId=] INFO  c.netflix.discovery.DiscoveryClient - DiscoveryClient_TRAINER-WORKLOAD-SERVICE/192.168.18.151:trainer-workload-service:8081 - deregister  status: 200
2026-05-25 18:21:58 [SpringApplicationShutdownHook] [txId=] INFO  c.netflix.discovery.DiscoveryClient - Completed shut down of DiscoveryClient
2026-05-25 18:27:33 [main] [txId=] INFO  c.e.w.TrainerWorkloadApplication - Starting TrainerWorkloadApplication using Java 17.0.18 with PID 7836 (/Users/mariagevorgyan/Documents/Epam_Task1_Spring/trainer-workload-service/target/classes started by mariagevorgyan in /Users/mariagevorgyan/Documents/Epam_Task1_Spring/trainer-workload-service)
2026-05-25 18:27:33 [main] [txId=] DEBUG c.e.w.TrainerWorkloadApplication - Running with Spring Boot v3.2.0, Spring v6.1.1
2026-05-25 18:27:33 [main] [txId=] INFO  c.e.w.TrainerWorkloadApplication - No active profile set, falling back to 1 default profile: "default"
2026-05-25 18:27:33 [main] [txId=] INFO  o.s.cloud.context.scope.GenericScope - BeanFactory id=edcc1f8f-7b7e-3326-988c-f319dee77adb
2026-05-25 18:27:33 [main] [txId=] WARN  o.s.c.s.PostProcessorRegistrationDelegate$BeanPostProcessorChecker - Bean 'org.springframework.cloud.client.loadbalancer.LoadBalancerAutoConfiguration$LoadBalancerInterceptorConfig' of type [org.springframework.cloud.client.loadbalancer.LoadBalancerAutoConfiguration$LoadBalancerInterceptorConfig] is not eligible for getting processed by all BeanPostProcessors (for example: not eligible for auto-proxying). The currently created BeanPostProcessor [lbRestClientPostProcessor] is declared through a non-static factory method on that class; consider declaring it as static instead.
2026-05-25 18:27:33 [main] [txId=] WARN  o.s.c.s.PostProcessorRegistrationDelegate$BeanPostProcessorChecker - Bean 'org.springframework.cloud.loadbalancer.config.BlockingLoadBalancerClientAutoConfiguration' of type [org.springframework.cloud.loadbalancer.config.BlockingLoadBalancerClientAutoConfiguration] is not eligible for getting processed by all BeanPostProcessors (for example: not eligible for auto-proxying). Is this bean getting eagerly injected into a currently created BeanPostProcessor [lbRestClientPostProcessor]? Check the corresponding BeanPostProcessor declaration and its dependencies.
2026-05-25 18:27:33 [main] [txId=] WARN  o.s.c.s.PostProcessorRegistrationDelegate$BeanPostProcessorChecker - Bean 'org.springframework.cloud.loadbalancer.config.LoadBalancerAutoConfiguration' of type [org.springframework.cloud.loadbalancer.config.LoadBalancerAutoConfiguration] is not eligible for getting processed by all BeanPostProcessors (for example: not eligible for auto-proxying). Is this bean getting eagerly injected into a currently created BeanPostProcessor [lbRestClientPostProcessor]? Check the corresponding BeanPostProcessor declaration and its dependencies.
2026-05-25 18:27:33 [main] [txId=] WARN  o.s.c.s.PostProcessorRegistrationDelegate$BeanPostProcessorChecker - Bean 'org.springframework.cloud.commons.config.CommonsConfigAutoConfiguration' of type [org.springframework.cloud.commons.config.CommonsConfigAutoConfiguration] is not eligible for getting processed by all BeanPostProcessors (for example: not eligible for auto-proxying). Is this bean getting eagerly injected into a currently created BeanPostProcessor [lbRestClientPostProcessor]? Check the corresponding BeanPostProcessor declaration and its dependencies.
2026-05-25 18:27:33 [main] [txId=] WARN  o.s.c.s.PostProcessorRegistrationDelegate$BeanPostProcessorChecker - Bean 'org.springframework.cloud.client.loadbalancer.LoadBalancerDefaultMappingsProviderAutoConfiguration' of type [org.springframework.cloud.client.loadbalancer.LoadBalancerDefaultMappingsProviderAutoConfiguration] is not eligible for getting processed by all BeanPostProcessors (for example: not eligible for auto-proxying). Is this bean getting eagerly injected into a currently created BeanPostProcessor [lbRestClientPostProcessor]? Check the corresponding BeanPostProcessor declaration and its dependencies.
2026-05-25 18:27:33 [main] [txId=] WARN  o.s.c.s.PostProcessorRegistrationDelegate$BeanPostProcessorChecker - Bean 'loadBalancerClientsDefaultsMappingsProvider' of type [org.springframework.cloud.client.loadbalancer.LoadBalancerDefaultMappingsProviderAutoConfiguration$$Lambda$544/0x000000b8013627d8] is not eligible for getting processed by all BeanPostProcessors (for example: not eligible for auto-proxying). Is this bean getting eagerly injected into a currently created BeanPostProcessor [lbRestClientPostProcessor]? Check the corresponding BeanPostProcessor declaration and its dependencies.
2026-05-25 18:27:33 [main] [txId=] WARN  o.s.c.s.PostProcessorRegistrationDelegate$BeanPostProcessorChecker - Bean 'defaultsBindHandlerAdvisor' of type [org.springframework.cloud.commons.config.DefaultsBindHandlerAdvisor] is not eligible for getting processed by all BeanPostProcessors (for example: not eligible for auto-proxying). Is this bean getting eagerly injected into a currently created BeanPostProcessor [lbRestClientPostProcessor]? Check the corresponding BeanPostProcessor declaration and its dependencies.
2026-05-25 18:27:33 [main] [txId=] WARN  o.s.c.s.PostProcessorRegistrationDelegate$BeanPostProcessorChecker - Bean 'spring.cloud.loadbalancer-org.springframework.cloud.client.loadbalancer.LoadBalancerClientsProperties' of type [org.springframework.cloud.client.loadbalancer.LoadBalancerClientsProperties] is not eligible for getting processed by all BeanPostProcessors (for example: not eligible for auto-proxying). Is this bean getting eagerly injected into a currently created BeanPostProcessor [lbRestClientPostProcessor]? Check the corresponding BeanPostProcessor declaration and its dependencies.
2026-05-25 18:27:33 [main] [txId=] WARN  o.s.c.s.PostProcessorRegistrationDelegate$BeanPostProcessorChecker - Bean 'default.org.springframework.cloud.loadbalancer.config.LoadBalancerAutoConfiguration.LoadBalancerClientSpecification' of type [org.springframework.cloud.loadbalancer.annotation.LoadBalancerClientSpecification] is not eligible for getting processed by all BeanPostProcessors (for example: not eligible for auto-proxying). Is this bean getting eagerly injected into a currently created BeanPostProcessor [lbRestClientPostProcessor]? Check the corresponding BeanPostProcessor declaration and its dependencies.
2026-05-25 18:27:33 [main] [txId=] WARN  o.s.c.s.PostProcessorRegistrationDelegate$BeanPostProcessorChecker - Bean 'default.org.springframework.cloud.loadbalancer.config.BlockingLoadBalancerClientAutoConfiguration.LoadBalancerClientSpecification' of type [org.springframework.cloud.loadbalancer.annotation.LoadBalancerClientSpecification] is not eligible for getting processed by all BeanPostProcessors (for example: not eligible for auto-proxying). Is this bean getting eagerly injected into a currently created BeanPostProcessor [lbRestClientPostProcessor]? Check the corresponding BeanPostProcessor declaration and its dependencies.
2026-05-25 18:27:33 [main] [txId=] WARN  o.s.c.s.PostProcessorRegistrationDelegate$BeanPostProcessorChecker - Bean 'default.org.springframework.cloud.netflix.eureka.loadbalancer.LoadBalancerEurekaAutoConfiguration.LoadBalancerClientSpecification' of type [org.springframework.cloud.loadbalancer.annotation.LoadBalancerClientSpecification] is not eligible for getting processed by all BeanPostProcessors (for example: not eligible for auto-proxying). Is this bean getting eagerly injected into a currently created BeanPostProcessor [lbRestClientPostProcessor]? Check the corresponding BeanPostProcessor declaration and its dependencies.
2026-05-25 18:27:33 [main] [txId=] WARN  o.s.c.s.PostProcessorRegistrationDelegate$BeanPostProcessorChecker - Bean 'loadBalancerClientFactory' of type [org.springframework.cloud.loadbalancer.support.LoadBalancerClientFactory] is not eligible for getting processed by all BeanPostProcessors (for example: not eligible for auto-proxying). Is this bean getting eagerly injected into a currently created BeanPostProcessor [lbRestClientPostProcessor]? Check the corresponding BeanPostProcessor declaration and its dependencies.
2026-05-25 18:27:33 [main] [txId=] WARN  o.s.c.s.PostProcessorRegistrationDelegate$BeanPostProcessorChecker - Bean 'blockingLoadBalancerClient' of type [org.springframework.cloud.loadbalancer.blocking.client.BlockingLoadBalancerClient] is not eligible for getting processed by all BeanPostProcessors (for example: not eligible for auto-proxying). Is this bean getting eagerly injected into a currently created BeanPostProcessor [lbRestClientPostProcessor]? Check the corresponding BeanPostProcessor declaration and its dependencies.
2026-05-25 18:27:33 [main] [txId=] WARN  o.s.c.s.PostProcessorRegistrationDelegate$BeanPostProcessorChecker - Bean 'loadBalancerServiceInstanceCookieTransformer' of type [org.springframework.cloud.loadbalancer.core.LoadBalancerServiceInstanceCookieTransformer] is not eligible for getting processed by all BeanPostProcessors (for example: not eligible for auto-proxying). Is this bean getting eagerly injected into a currently created BeanPostProcessor [lbRestClientPostProcessor]? Check the corresponding BeanPostProcessor declaration and its dependencies.
2026-05-25 18:27:33 [main] [txId=] WARN  o.s.c.s.PostProcessorRegistrationDelegate$BeanPostProcessorChecker - Bean 'xForwarderHeadersTransformer' of type [org.springframework.cloud.loadbalancer.blocking.XForwardedHeadersTransformer] is not eligible for getting processed by all BeanPostProcessors (for example: not eligible for auto-proxying). Is this bean getting eagerly injected into a currently created BeanPostProcessor [lbRestClientPostProcessor]? Check the corresponding BeanPostProcessor declaration and its dependencies.
2026-05-25 18:27:33 [main] [txId=] WARN  o.s.c.s.PostProcessorRegistrationDelegate$BeanPostProcessorChecker - Bean 'org.springframework.cloud.client.loadbalancer.LoadBalancerAutoConfiguration' of type [org.springframework.cloud.client.loadbalancer.LoadBalancerAutoConfiguration] is not eligible for getting processed by all BeanPostProcessors (for example: not eligible for auto-proxying). Is this bean getting eagerly injected into a currently created BeanPostProcessor [lbRestClientPostProcessor]? Check the corresponding BeanPostProcessor declaration and its dependencies.
2026-05-25 18:27:33 [main] [txId=] WARN  o.s.c.s.PostProcessorRegistrationDelegate$BeanPostProcessorChecker - Bean 'loadBalancerRequestFactory' of type [org.springframework.cloud.client.loadbalancer.LoadBalancerRequestFactory] is not eligible for getting processed by all BeanPostProcessors (for example: not eligible for auto-proxying). Is this bean getting eagerly injected into a currently created BeanPostProcessor [lbRestClientPostProcessor]? Check the corresponding BeanPostProcessor declaration and its dependencies.
2026-05-25 18:27:33 [main] [txId=] WARN  o.s.c.s.PostProcessorRegistrationDelegate$BeanPostProcessorChecker - Bean 'loadBalancerInterceptor' of type [org.springframework.cloud.client.loadbalancer.LoadBalancerInterceptor] is not eligible for getting processed by all BeanPostProcessors (for example: not eligible for auto-proxying). Is this bean getting eagerly injected into a currently created BeanPostProcessor [lbRestClientPostProcessor]? Check the corresponding BeanPostProcessor declaration and its dependencies.
2026-05-25 18:27:33 [main] [txId=] INFO  o.s.b.w.e.tomcat.TomcatWebServer - Tomcat initialized with port 8081 (http)
2026-05-25 18:27:33 [main] [txId=] INFO  o.a.coyote.http11.Http11NioProtocol - Initializing ProtocolHandler ["http-nio-8081"]
2026-05-25 18:27:33 [main] [txId=] INFO  o.a.catalina.core.StandardService - Starting service [Tomcat]
2026-05-25 18:27:33 [main] [txId=] INFO  o.a.catalina.core.StandardEngine - Starting Servlet engine: [Apache Tomcat/10.1.16]
2026-05-25 18:27:33 [main] [txId=] INFO  o.a.c.c.C.[Tomcat].[localhost].[/] - Initializing Spring embedded WebApplicationContext
2026-05-25 18:27:33 [main] [txId=] INFO  o.s.b.w.s.c.ServletWebServerApplicationContext - Root WebApplicationContext: initialization completed in 370 ms
2026-05-25 18:27:33 [main] [txId=] DEBUG c.e.w.l.TransactionLoggingFilter - Filter 'transactionLoggingFilter' configured for use
2026-05-25 18:27:33 [main] [txId=] DEBUG c.e.workload.security.JwtAuthFilter - Filter 'jwtAuthFilter' configured for use
2026-05-25 18:27:33 [main] [txId=] WARN  o.s.b.a.s.s.UserDetailsServiceAutoConfiguration - 

Using generated security password: 1b4265fa-accb-4338-a6a7-2d43baa9d4ed

This generated password is for development use only. Your security configuration must be updated before running your application in production.

2026-05-25 18:27:33 [main] [txId=] INFO  o.s.b.a.e.web.EndpointLinksResolver - Exposing 2 endpoint(s) beneath base path '/actuator'
2026-05-25 18:27:33 [main] [txId=] INFO  o.s.s.web.DefaultSecurityFilterChain - Will secure any request with [org.springframework.security.web.session.DisableEncodeUrlFilter@7f5ce33e, org.springframework.security.web.context.request.async.WebAsyncManagerIntegrationFilter@638afcaa, org.springframework.security.web.context.SecurityContextHolderFilter@1e120628, org.springframework.security.web.header.HeaderWriterFilter@641ed324, org.springframework.web.filter.CorsFilter@58601e7a, org.springframework.security.web.authentication.logout.LogoutFilter@25e8e59, com.epam.workload.security.JwtAuthFilter@553d2579, org.springframework.security.web.savedrequest.RequestCacheAwareFilter@1de5cc88, org.springframework.security.web.servletapi.SecurityContextHolderAwareRequestFilter@23e2c1ca, org.springframework.security.web.authentication.AnonymousAuthenticationFilter@62735b13, org.springframework.security.web.session.SessionManagementFilter@482a58c7, org.springframework.security.web.access.ExceptionTranslationFilter@288728e, org.springframework.security.web.access.intercept.AuthorizationFilter@635ff2a5]
2026-05-25 18:27:33 [main] [txId=] INFO  o.s.c.n.e.c.DiscoveryClientOptionalArgsConfiguration - Eureka HTTP Client uses RestTemplate.
2026-05-25 18:27:33 [main] [txId=] WARN  o.s.c.l.c.LoadBalancerCacheAutoConfiguration$LoadBalancerCaffeineWarnLogger - Spring Cloud LoadBalancer is currently working with the default cache. While this cache implementation is useful for development and tests, it's recommended to use Caffeine cache in production.You can switch to using Caffeine cache, by adding it and org.springframework.cache.caffeine.CaffeineCacheManager to the classpath.
2026-05-25 18:27:33 [main] [txId=] INFO  o.s.c.n.eureka.InstanceInfoFactory - Setting initial instance status as: STARTING
2026-05-25 18:27:33 [main] [txId=] INFO  c.netflix.discovery.DiscoveryClient - Initializing Eureka in region us-east-1
2026-05-25 18:27:33 [main] [txId=] INFO  c.n.d.s.r.aws.ConfigClusterResolver - Resolving eureka endpoints via configuration
2026-05-25 18:27:33 [main] [txId=] INFO  c.netflix.discovery.DiscoveryClient - Disable delta property : false
2026-05-25 18:27:33 [main] [txId=] INFO  c.netflix.discovery.DiscoveryClient - Single vip registry refresh property : null
2026-05-25 18:27:33 [main] [txId=] INFO  c.netflix.discovery.DiscoveryClient - Force full registry fetch : false
2026-05-25 18:27:33 [main] [txId=] INFO  c.netflix.discovery.DiscoveryClient - Application is null : false
2026-05-25 18:27:33 [main] [txId=] INFO  c.netflix.discovery.DiscoveryClient - Registered Applications size is zero : true
2026-05-25 18:27:33 [main] [txId=] INFO  c.netflix.discovery.DiscoveryClient - Application version is -1: true
2026-05-25 18:27:33 [main] [txId=] INFO  c.netflix.discovery.DiscoveryClient - Getting all instance registry info from the eureka server
2026-05-25 18:27:34 [main] [txId=] INFO  c.netflix.discovery.DiscoveryClient - The response status is 200
2026-05-25 18:27:34 [main] [txId=] INFO  c.netflix.discovery.DiscoveryClient - Starting heartbeat executor: renew interval is: 30
2026-05-25 18:27:34 [main] [txId=] INFO  c.n.discovery.InstanceInfoReplicator - InstanceInfoReplicator onDemand update allowed rate per min is 4
2026-05-25 18:27:34 [main] [txId=] INFO  c.netflix.discovery.DiscoveryClient - Discovery Client initialized at timestamp 1779719254069 with initial instances count: 1
2026-05-25 18:27:34 [main] [txId=] INFO  o.s.c.n.e.s.EurekaServiceRegistry - Registering application TRAINER-WORKLOAD-SERVICE with eureka with status UP
2026-05-25 18:27:34 [main] [txId=] INFO  c.netflix.discovery.DiscoveryClient - Saw local status change event StatusChangeEvent [timestamp=1779719254071, current=UP, previous=STARTING]
2026-05-25 18:27:34 [DiscoveryClient-InstanceInfoReplicator-0] [txId=] INFO  c.netflix.discovery.DiscoveryClient - DiscoveryClient_TRAINER-WORKLOAD-SERVICE/192.168.18.151:trainer-workload-service:8081: registering service...
2026-05-25 18:27:34 [main] [txId=] INFO  o.a.coyote.http11.Http11NioProtocol - Starting ProtocolHandler ["http-nio-8081"]
2026-05-25 18:27:34 [main] [txId=] INFO  o.s.b.w.e.tomcat.TomcatWebServer - Tomcat started on port 8081 (http) with context path ''
2026-05-25 18:27:34 [main] [txId=] INFO  o.s.c.n.e.s.EurekaAutoServiceRegistration - Updating port to 8081
2026-05-25 18:27:34 [DiscoveryClient-InstanceInfoReplicator-0] [txId=] INFO  c.netflix.discovery.DiscoveryClient - DiscoveryClient_TRAINER-WORKLOAD-SERVICE/192.168.18.151:trainer-workload-service:8081 - registration status: 204
2026-05-25 18:27:34 [main] [txId=] INFO  c.e.w.TrainerWorkloadApplication - Started TrainerWorkloadApplication in 0.979 seconds (process running for 1.08)
2026-05-25 18:27:52 [http-nio-8081-exec-1] [txId=] INFO  o.a.c.c.C.[Tomcat].[localhost].[/] - Initializing Spring DispatcherServlet 'dispatcherServlet'
2026-05-25 18:27:52 [http-nio-8081-exec-1] [txId=] INFO  o.s.web.servlet.DispatcherServlet - Initializing Servlet 'dispatcherServlet'
2026-05-25 18:27:52 [http-nio-8081-exec-1] [txId=] INFO  o.s.web.servlet.DispatcherServlet - Completed initialization in 2 ms
2026-05-25 18:27:52 [http-nio-8081-exec-1] [txId=] WARN  o.s.w.s.h.HandlerMappingIntrospector - Cache miss for REQUEST dispatch to '/actuator/info' (previous null). Performing CorsConfiguration lookup. This is logged once only at WARN level, and every time at TRACE.
2026-05-25 18:27:52 [http-nio-8081-exec-1] [txId=] WARN  o.s.w.s.h.HandlerMappingIntrospector - Cache miss for REQUEST dispatch to '/actuator/info' (previous null). Performing MatchableHandlerMapping lookup. This is logged once only at WARN level, and every time at TRACE.
2026-05-25 18:27:52 [http-nio-8081-exec-1] [txId=9a26490a-5af5-4efd-b979-920c15f6d601] INFO  c.e.w.l.TransactionLoggingFilter - [TRANSACTION] endpoint=/actuator/info method=GET transactionId=9a26490a-5af5-4efd-b979-920c15f6d601
2026-05-25 18:27:52 [http-nio-8081-exec-1] [txId=9a26490a-5af5-4efd-b979-920c15f6d601] INFO  c.e.w.l.TransactionLoggingFilter - [TRANSACTION] endpoint=/actuator/info status=200 transactionId=9a26490a-5af5-4efd-b979-920c15f6d601
2026-05-25 18:28:45 [http-nio-8081-exec-3] [txId=be52cae3-7112-4a6b-875c-9cec44f0eb01] INFO  c.e.w.l.TransactionLoggingFilter - [TRANSACTION] endpoint=/api/trainer-workload/jane.smith method=GET transactionId=be52cae3-7112-4a6b-875c-9cec44f0eb01
2026-05-25 18:28:45 [http-nio-8081-exec-3] [txId=be52cae3-7112-4a6b-875c-9cec44f0eb01] INFO  c.e.w.c.TrainerWorkloadController - Fetching workload summary for trainer 'jane.smith'
2026-05-25 18:28:45 [http-nio-8081-exec-3] [txId=be52cae3-7112-4a6b-875c-9cec44f0eb01] WARN  c.e.w.c.TrainerWorkloadController - No summary found for trainer 'jane.smith'
2026-05-25 18:28:45 [http-nio-8081-exec-3] [txId=be52cae3-7112-4a6b-875c-9cec44f0eb01] INFO  c.e.w.l.TransactionLoggingFilter - [TRANSACTION] endpoint=/api/trainer-workload/jane.smith status=404 transactionId=be52cae3-7112-4a6b-875c-9cec44f0eb01
2026-05-25 18:28:54 [http-nio-8081-exec-6] [txId=c39fb14a-012a-410a-b588-61bc934a3c32] INFO  c.e.w.l.TransactionLoggingFilter - [TRANSACTION] endpoint=/api/trainer-workload/jane.smith method=GET transactionId=c39fb14a-012a-410a-b588-61bc934a3c32
2026-05-25 18:28:54 [http-nio-8081-exec-6] [txId=c39fb14a-012a-410a-b588-61bc934a3c32] INFO  c.e.w.c.TrainerWorkloadController - Fetching workload summary for trainer 'jane.smith'
2026-05-25 18:28:54 [http-nio-8081-exec-6] [txId=c39fb14a-012a-410a-b588-61bc934a3c32] WARN  c.e.w.c.TrainerWorkloadController - No summary found for trainer 'jane.smith'
2026-05-25 18:28:54 [http-nio-8081-exec-6] [txId=c39fb14a-012a-410a-b588-61bc934a3c32] INFO  c.e.w.l.TransactionLoggingFilter - [TRANSACTION] endpoint=/api/trainer-workload/jane.smith status=404 transactionId=c39fb14a-012a-410a-b588-61bc934a3c32
2026-05-25 18:29:01 [http-nio-8081-exec-7] [txId=b85f0cbe-d696-4c41-bc02-6bd07fb9a0e6] INFO  c.e.w.l.TransactionLoggingFilter - [TRANSACTION] endpoint=/api/trainer-workload method=POST transactionId=b85f0cbe-d696-4c41-bc02-6bd07fb9a0e6
2026-05-25 18:29:01 [http-nio-8081-exec-7] [txId=b85f0cbe-d696-4c41-bc02-6bd07fb9a0e6] INFO  c.e.w.c.TrainerWorkloadController - Updating workload for trainer 'jane.smith', action=ADD
2026-05-25 18:29:01 [http-nio-8081-exec-7] [txId=b85f0cbe-d696-4c41-bc02-6bd07fb9a0e6] INFO  c.e.w.service.TrainerWorkloadService - Added 60 minutes for trainer 'jane.smith' in 2025/3
2026-05-25 18:29:01 [http-nio-8081-exec-7] [txId=b85f0cbe-d696-4c41-bc02-6bd07fb9a0e6] INFO  c.e.w.c.TrainerWorkloadController - Workload updated successfully for trainer 'jane.smith', transactionId=b85f0cbe-d696-4c41-bc02-6bd07fb9a0e6
2026-05-25 18:29:01 [http-nio-8081-exec-7] [txId=b85f0cbe-d696-4c41-bc02-6bd07fb9a0e6] INFO  c.e.w.l.TransactionLoggingFilter - [TRANSACTION] endpoint=/api/trainer-workload status=200 transactionId=b85f0cbe-d696-4c41-bc02-6bd07fb9a0e6
2026-05-25 18:29:06 [http-nio-8081-exec-8] [txId=43352d5b-5d22-4a53-8bed-24cba49ec5c1] INFO  c.e.w.l.TransactionLoggingFilter - [TRANSACTION] endpoint=/api/trainer-workload/jane.smith method=GET transactionId=43352d5b-5d22-4a53-8bed-24cba49ec5c1
2026-05-25 18:29:06 [http-nio-8081-exec-8] [txId=43352d5b-5d22-4a53-8bed-24cba49ec5c1] INFO  c.e.w.c.TrainerWorkloadController - Fetching workload summary for trainer 'jane.smith'
2026-05-25 18:29:06 [http-nio-8081-exec-8] [txId=43352d5b-5d22-4a53-8bed-24cba49ec5c1] INFO  c.e.w.c.TrainerWorkloadController - Summary retrieved for trainer 'jane.smith', transactionId=43352d5b-5d22-4a53-8bed-24cba49ec5c1
2026-05-25 18:29:06 [http-nio-8081-exec-8] [txId=43352d5b-5d22-4a53-8bed-24cba49ec5c1] INFO  c.e.w.l.TransactionLoggingFilter - [TRANSACTION] endpoint=/api/trainer-workload/jane.smith status=200 transactionId=43352d5b-5d22-4a53-8bed-24cba49ec5c1
2026-05-25 18:29:17 [http-nio-8081-exec-9] [txId=f94fab4d-3e42-408b-b2fd-6ec41a39c8b9] INFO  c.e.w.l.TransactionLoggingFilter - [TRANSACTION] endpoint=/api/trainer-workload method=POST transactionId=f94fab4d-3e42-408b-b2fd-6ec41a39c8b9
2026-05-25 18:29:17 [http-nio-8081-exec-9] [txId=f94fab4d-3e42-408b-b2fd-6ec41a39c8b9] INFO  c.e.w.c.TrainerWorkloadController - Updating workload for trainer 'jane.smith', action=DELETE
2026-05-25 18:29:17 [http-nio-8081-exec-9] [txId=f94fab4d-3e42-408b-b2fd-6ec41a39c8b9] INFO  c.e.w.service.TrainerWorkloadService - Removed 60 minutes for trainer 'jane.smith' in 2025/3
2026-05-25 18:29:17 [http-nio-8081-exec-9] [txId=f94fab4d-3e42-408b-b2fd-6ec41a39c8b9] INFO  c.e.w.c.TrainerWorkloadController - Workload updated successfully for trainer 'jane.smith', transactionId=f94fab4d-3e42-408b-b2fd-6ec41a39c8b9
2026-05-25 18:29:17 [http-nio-8081-exec-9] [txId=f94fab4d-3e42-408b-b2fd-6ec41a39c8b9] INFO  c.e.w.l.TransactionLoggingFilter - [TRANSACTION] endpoint=/api/trainer-workload status=200 transactionId=f94fab4d-3e42-408b-b2fd-6ec41a39c8b9
2026-05-25 18:30:14 [SpringApplicationShutdownHook] [txId=] INFO  o.s.c.n.e.s.EurekaServiceRegistry - Unregistering application TRAINER-WORKLOAD-SERVICE with eureka with status DOWN
2026-05-25 18:30:14 [SpringApplicationShutdownHook] [txId=] INFO  c.netflix.discovery.DiscoveryClient - Saw local status change event StatusChangeEvent [timestamp=1779719414494, current=DOWN, previous=UP]
2026-05-25 18:30:14 [DiscoveryClient-InstanceInfoReplicator-0] [txId=] INFO  c.netflix.discovery.DiscoveryClient - DiscoveryClient_TRAINER-WORKLOAD-SERVICE/192.168.18.151:trainer-workload-service:8081: registering service...
2026-05-25 18:30:14 [DiscoveryClient-InstanceInfoReplicator-0] [txId=] INFO  c.netflix.discovery.DiscoveryClient - DiscoveryClient_TRAINER-WORKLOAD-SERVICE/192.168.18.151:trainer-workload-service:8081 - registration status: 204
2026-05-25 18:30:14 [SpringApplicationShutdownHook] [txId=] INFO  c.netflix.discovery.DiscoveryClient - Shutting down DiscoveryClient ...
2026-05-25 18:30:17 [SpringApplicationShutdownHook] [txId=] INFO  c.netflix.discovery.DiscoveryClient - Unregistering ...
2026-05-25 18:30:17 [SpringApplicationShutdownHook] [txId=] INFO  c.netflix.discovery.DiscoveryClient - DiscoveryClient_TRAINER-WORKLOAD-SERVICE/192.168.18.151:trainer-workload-service:8081 - deregister  status: 200
2026-05-25 18:30:17 [SpringApplicationShutdownHook] [txId=] INFO  c.netflix.discovery.DiscoveryClient - Completed shut down of DiscoveryClient
2026-05-28 18:39:33 [main] [txId=] INFO  c.e.w.c.TrainerWorkloadControllerTest - Starting TrainerWorkloadControllerTest using Java 17.0.18 with PID 63437 (started by mariagevorgyan in /Users/mariagevorgyan/Documents/Epam_Task1_Spring/trainer-workload-service)
2026-05-28 18:39:33 [main] [txId=] DEBUG c.e.w.c.TrainerWorkloadControllerTest - Running with Spring Boot v3.2.0, Spring v6.1.1
2026-05-28 18:39:33 [main] [txId=] INFO  c.e.w.c.TrainerWorkloadControllerTest - No active profile set, falling back to 1 default profile: "default"
2026-05-28 18:39:33 [main] [txId=] WARN  o.s.b.a.s.s.UserDetailsServiceAutoConfiguration - 

Using generated security password: c5216675-fb00-4e98-a6c8-903a0f9f43f0

This generated password is for development use only. Your security configuration must be updated before running your application in production.

2026-05-28 18:39:33 [main] [txId=] INFO  o.s.s.web.DefaultSecurityFilterChain - Will secure any request with [org.springframework.security.web.session.DisableEncodeUrlFilter@9ea174b, org.springframework.security.web.context.request.async.WebAsyncManagerIntegrationFilter@3a51a0a5, org.springframework.security.web.context.SecurityContextHolderFilter@33a0c688, org.springframework.security.web.header.HeaderWriterFilter@ad726fa, org.springframework.web.filter.CorsFilter@51d1d49c, org.springframework.security.web.csrf.CsrfFilter@76bda241, org.springframework.security.web.authentication.logout.LogoutFilter@6630a09a, org.springframework.security.web.authentication.UsernamePasswordAuthenticationFilter@2cbb96d2, org.springframework.security.web.authentication.ui.DefaultLoginPageGeneratingFilter@6c7396e8, org.springframework.security.web.authentication.ui.DefaultLogoutPageGeneratingFilter@7e43e38c, org.springframework.security.web.authentication.www.BasicAuthenticationFilter@96c50fb, org.springframework.security.web.savedrequest.RequestCacheAwareFilter@1d06efae, org.springframework.security.web.servletapi.SecurityContextHolderAwareRequestFilter@33a24fc7, org.springframework.security.web.authentication.AnonymousAuthenticationFilter@274af340, org.springframework.security.web.access.ExceptionTranslationFilter@7ac8423f, org.springframework.security.web.access.intercept.AuthorizationFilter@2e0ab2c4]
2026-05-28 18:39:33 [main] [txId=] DEBUG c.e.w.l.TransactionLoggingFilter - Filter 'transactionLoggingFilter' configured for use
2026-05-28 18:39:33 [main] [txId=] DEBUG c.e.workload.security.JwtAuthFilter - Filter 'jwtAuthFilter' configured for use
2026-05-28 18:39:33 [main] [txId=] INFO  o.s.b.t.m.w.SpringBootMockServletContext - Initializing Spring TestDispatcherServlet ''
2026-05-28 18:39:33 [main] [txId=] INFO  o.s.t.w.s.TestDispatcherServlet - Initializing Servlet ''
2026-05-28 18:39:33 [main] [txId=] INFO  o.s.t.w.s.TestDispatcherServlet - Completed initialization in 1 ms
2026-05-28 18:39:33 [main] [txId=] INFO  c.e.w.c.TrainerWorkloadControllerTest - Started TrainerWorkloadControllerTest in 1.017 seconds (process running for 2.763)
2026-05-28 18:39:33 [main] [txId=] WARN  o.s.w.s.h.HandlerMappingIntrospector - Cache miss for REQUEST dispatch to '/api/trainer-workload' (previous null). Performing CorsConfiguration lookup. This is logged once only at WARN level, and every time at TRACE.
2026-05-28 18:39:33 [main] [txId=fb8f2e9e-257d-4b36-baf8-1e014ba97381] INFO  c.e.w.l.TransactionLoggingFilter - [TRANSACTION] endpoint=/api/trainer-workload method=POST transactionId=fb8f2e9e-257d-4b36-baf8-1e014ba97381
2026-05-28 18:39:33 [main] [txId=fb8f2e9e-257d-4b36-baf8-1e014ba97381] INFO  c.e.w.c.TrainerWorkloadController - Updating workload for trainer 'john.doe', action=ADD
2026-05-28 18:39:33 [main] [txId=fb8f2e9e-257d-4b36-baf8-1e014ba97381] INFO  c.e.w.c.TrainerWorkloadController - Workload updated successfully for trainer 'john.doe', transactionId=fb8f2e9e-257d-4b36-baf8-1e014ba97381
2026-05-28 18:39:33 [main] [txId=fb8f2e9e-257d-4b36-baf8-1e014ba97381] INFO  c.e.w.l.TransactionLoggingFilter - [TRANSACTION] endpoint=/api/trainer-workload status=200 transactionId=fb8f2e9e-257d-4b36-baf8-1e014ba97381
2026-05-28 18:39:33 [main] [txId=fc32cfb1-ca64-43ee-8e03-99d60ceb83f4] INFO  c.e.w.l.TransactionLoggingFilter - [TRANSACTION] endpoint=/api/trainer-workload/unknown method=GET transactionId=fc32cfb1-ca64-43ee-8e03-99d60ceb83f4
2026-05-28 18:39:33 [main] [txId=fc32cfb1-ca64-43ee-8e03-99d60ceb83f4] INFO  c.e.w.c.TrainerWorkloadController - Fetching workload summary for trainer 'unknown'
2026-05-28 18:39:33 [main] [txId=fc32cfb1-ca64-43ee-8e03-99d60ceb83f4] WARN  c.e.w.c.TrainerWorkloadController - No summary found for trainer 'unknown'
2026-05-28 18:39:33 [main] [txId=fc32cfb1-ca64-43ee-8e03-99d60ceb83f4] INFO  c.e.w.l.TransactionLoggingFilter - [TRANSACTION] endpoint=/api/trainer-workload/unknown status=404 transactionId=fc32cfb1-ca64-43ee-8e03-99d60ceb83f4
2026-05-28 18:39:33 [main] [txId=34b8ecf8-94aa-4cba-bfff-258905de9ca9] INFO  c.e.w.l.TransactionLoggingFilter - [TRANSACTION] endpoint=/api/trainer-workload/john.doe method=GET transactionId=34b8ecf8-94aa-4cba-bfff-258905de9ca9
2026-05-28 18:39:33 [main] [txId=34b8ecf8-94aa-4cba-bfff-258905de9ca9] INFO  c.e.w.c.TrainerWorkloadController - Fetching workload summary for trainer 'john.doe'
2026-05-28 18:39:33 [main] [txId=34b8ecf8-94aa-4cba-bfff-258905de9ca9] INFO  c.e.w.c.TrainerWorkloadController - Summary retrieved for trainer 'john.doe', transactionId=34b8ecf8-94aa-4cba-bfff-258905de9ca9
2026-05-28 18:39:33 [main] [txId=34b8ecf8-94aa-4cba-bfff-258905de9ca9] INFO  c.e.w.l.TransactionLoggingFilter - [TRANSACTION] endpoint=/api/trainer-workload/john.doe status=200 transactionId=34b8ecf8-94aa-4cba-bfff-258905de9ca9
2026-05-28 18:39:33 [main] [txId=] INFO  c.e.w.service.TrainerWorkloadService - Added 60 minutes for trainer 'john.doe' in 2024/3
2026-05-28 18:39:33 [main] [txId=] INFO  c.e.w.service.TrainerWorkloadService - Added 60 minutes for trainer 'john.doe' in 2024/3
2026-05-28 18:39:33 [main] [txId=] INFO  c.e.w.service.TrainerWorkloadService - Added 90 minutes for trainer 'john.doe' in 2024/3
2026-05-28 18:39:33 [main] [txId=] INFO  c.e.w.service.TrainerWorkloadService - Added 90 minutes for trainer 'john.doe' in 2024/3
2026-05-28 18:39:33 [main] [txId=] INFO  c.e.w.service.TrainerWorkloadService - Removed 30 minutes for trainer 'john.doe' in 2024/3
2026-05-28 18:39:33 [main] [txId=] INFO  c.e.w.m.WorkloadMessageListener - [JMS] Received workload message: trainer=john.doe, action=ADD, transactionId=null
2026-05-28 18:39:33 [main] [txId=] INFO  c.e.w.m.WorkloadMessageListener - [JMS] Received workload message: trainer=john.doe, action=ADD, transactionId=null
2026-05-28 18:39:33 [main] [txId=] INFO  c.e.w.m.WorkloadMessageListener - [JMS] Received workload message: trainer=null, action=ADD, transactionId=null
2026-05-28 18:39:33 [main] [txId=] ERROR c.e.w.m.WorkloadMessageListener - [DLQ] Dead letter received on 'DLQ.trainer.workload.queue': messageId=msg-001, type=text
2026-05-28 18:39:33 [main] [txId=] ERROR c.e.w.m.WorkloadMessageListener - [DLQ] Failed to read dead letter message properties
jakarta.jms.JMSException: fail
	at com.epam.workload.messaging.WorkloadMessageListener.onDeadLetterMessage(WorkloadMessageListener.java:47)
	at com.epam.workload.messaging.WorkloadMessageListenerTest.onDeadLetterMessage_jmsExceptionHandled(WorkloadMessageListenerTest.java:112)
	at java.base/jdk.internal.reflect.NativeMethodAccessorImpl.invoke0(Native Method)
	at java.base/jdk.internal.reflect.NativeMethodAccessorImpl.invoke(NativeMethodAccessorImpl.java:77)
	at java.base/jdk.internal.reflect.DelegatingMethodAccessorImpl.invoke(DelegatingMethodAccessorImpl.java:43)
	at java.base/java.lang.reflect.Method.invoke(Method.java:569)
	at org.junit.platform.commons.util.ReflectionUtils.invokeMethod(ReflectionUtils.java:728)
	at org.junit.jupiter.engine.execution.MethodInvocation.proceed(MethodInvocation.java:60)
	at org.junit.jupiter.engine.execution.InvocationInterceptorChain$ValidatingInvocation.proceed(InvocationInterceptorChain.java:131)
	at org.junit.jupiter.engine.extension.TimeoutExtension.intercept(TimeoutExtension.java:156)
	at org.junit.jupiter.engine.extension.TimeoutExtension.interceptTestableMethod(TimeoutExtension.java:147)
	at org.junit.jupiter.engine.extension.TimeoutExtension.interceptTestMethod(TimeoutExtension.java:86)
	at org.junit.jupiter.engine.execution.InterceptingExecutableInvoker$ReflectiveInterceptorCall.lambda$ofVoidMethod$0(InterceptingExecutableInvoker.java:103)
	at org.junit.jupiter.engine.execution.InterceptingExecutableInvoker.lambda$invoke$0(InterceptingExecutableInvoker.java:93)
	at org.junit.jupiter.engine.execution.InvocationInterceptorChain$InterceptedInvocation.proceed(InvocationInterceptorChain.java:106)
	at org.junit.jupiter.engine.execution.InvocationInterceptorChain.proceed(InvocationInterceptorChain.java:64)
	at org.junit.jupiter.engine.execution.InvocationInterceptorChain.chainAndInvoke(InvocationInterceptorChain.java:45)
	at org.junit.jupiter.engine.execution.InvocationInterceptorChain.invoke(InvocationInterceptorChain.java:37)
	at org.junit.jupiter.engine.execution.InterceptingExecutableInvoker.invoke(InterceptingExecutableInvoker.java:92)
	at org.junit.jupiter.engine.execution.InterceptingExecutableInvoker.invoke(InterceptingExecutableInvoker.java:86)
	at org.junit.jupiter.engine.descriptor.TestMethodTestDescriptor.lambda$invokeTestMethod$7(TestMethodTestDescriptor.java:218)
	at org.junit.platform.engine.support.hierarchical.ThrowableCollector.execute(ThrowableCollector.java:73)
	at org.junit.jupiter.engine.descriptor.TestMethodTestDescriptor.invokeTestMethod(TestMethodTestDescriptor.java:214)
	at org.junit.jupiter.engine.descriptor.TestMethodTestDescriptor.execute(TestMethodTestDescriptor.java:139)
	at org.junit.jupiter.engine.descriptor.TestMethodTestDescriptor.execute(TestMethodTestDescriptor.java:69)
	at org.junit.platform.engine.support.hierarchical.NodeTestTask.lambda$executeRecursively$6(NodeTestTask.java:151)
	at org.junit.platform.engine.support.hierarchical.ThrowableCollector.execute(ThrowableCollector.java:73)
	at org.junit.platform.engine.support.hierarchical.NodeTestTask.lambda$executeRecursively$8(NodeTestTask.java:141)
	at org.junit.platform.engine.support.hierarchical.Node.around(Node.java:137)
	at org.junit.platform.engine.support.hierarchical.NodeTestTask.lambda$executeRecursively$9(NodeTestTask.java:139)
	at org.junit.platform.engine.support.hierarchical.ThrowableCollector.execute(ThrowableCollector.java:73)
	at org.junit.platform.engine.support.hierarchical.NodeTestTask.executeRecursively(NodeTestTask.java:138)
	at org.junit.platform.engine.support.hierarchical.NodeTestTask.execute(NodeTestTask.java:95)
	at java.base/java.util.ArrayList.forEach(ArrayList.java:1511)
	at org.junit.platform.engine.support.hierarchical.SameThreadHierarchicalTestExecutorService.invokeAll(SameThreadHierarchicalTestExecutorService.java:41)
	at org.junit.platform.engine.support.hierarchical.NodeTestTask.lambda$executeRecursively$6(NodeTestTask.java:155)
	at org.junit.platform.engine.support.hierarchical.ThrowableCollector.execute(ThrowableCollector.java:73)
	at org.junit.platform.engine.support.hierarchical.NodeTestTask.lambda$executeRecursively$8(NodeTestTask.java:141)
	at org.junit.platform.engine.support.hierarchical.Node.around(Node.java:137)
	at org.junit.platform.engine.support.hierarchical.NodeTestTask.lambda$executeRecursively$9(NodeTestTask.java:139)
	at org.junit.platform.engine.support.hierarchical.ThrowableCollector.execute(ThrowableCollector.java:73)
	at org.junit.platform.engine.support.hierarchical.NodeTestTask.executeRecursively(NodeTestTask.java:138)
	at org.junit.platform.engine.support.hierarchical.NodeTestTask.execute(NodeTestTask.java:95)
	at java.base/java.util.ArrayList.forEach(ArrayList.java:1511)
	at org.junit.platform.engine.support.hierarchical.SameThreadHierarchicalTestExecutorService.invokeAll(SameThreadHierarchicalTestExecutorService.java:41)
	at org.junit.platform.engine.support.hierarchical.NodeTestTask.lambda$executeRecursively$6(NodeTestTask.java:155)
	at org.junit.platform.engine.support.hierarchical.ThrowableCollector.execute(ThrowableCollector.java:73)
	at org.junit.platform.engine.support.hierarchical.NodeTestTask.lambda$executeRecursively$8(NodeTestTask.java:141)
	at org.junit.platform.engine.support.hierarchical.Node.around(Node.java:137)
	at org.junit.platform.engine.support.hierarchical.NodeTestTask.lambda$executeRecursively$9(NodeTestTask.java:139)
	at org.junit.platform.engine.support.hierarchical.ThrowableCollector.execute(ThrowableCollector.java:73)
	at org.junit.platform.engine.support.hierarchical.NodeTestTask.executeRecursively(NodeTestTask.java:138)
	at org.junit.platform.engine.support.hierarchical.NodeTestTask.execute(NodeTestTask.java:95)
	at org.junit.platform.engine.support.hierarchical.SameThreadHierarchicalTestExecutorService.submit(SameThreadHierarchicalTestExecutorService.java:35)
	at org.junit.platform.engine.support.hierarchical.HierarchicalTestExecutor.execute(HierarchicalTestExecutor.java:57)
	at org.junit.platform.engine.support.hierarchical.HierarchicalTestEngine.execute(HierarchicalTestEngine.java:54)
	at org.junit.platform.launcher.core.EngineExecutionOrchestrator.execute(EngineExecutionOrchestrator.java:198)
	at org.junit.platform.launcher.core.EngineExecutionOrchestrator.execute(EngineExecutionOrchestrator.java:169)
	at org.junit.platform.launcher.core.EngineExecutionOrchestrator.execute(EngineExecutionOrchestrator.java:93)
	at org.junit.platform.launcher.core.EngineExecutionOrchestrator.lambda$execute$0(EngineExecutionOrchestrator.java:58)
	at org.junit.platform.launcher.core.EngineExecutionOrchestrator.withInterceptedStreams(EngineExecutionOrchestrator.java:141)
	at org.junit.platform.launcher.core.EngineExecutionOrchestrator.execute(EngineExecutionOrchestrator.java:57)
	at org.junit.platform.launcher.core.DefaultLauncher.execute(DefaultLauncher.java:103)
	at org.junit.platform.launcher.core.DefaultLauncher.execute(DefaultLauncher.java:85)
	at org.junit.platform.launcher.core.DelegatingLauncher.execute(DelegatingLauncher.java:47)
	at org.junit.platform.launcher.core.SessionPerRequestLauncher.execute(SessionPerRequestLauncher.java:63)
	at com.intellij.junit5.JUnit5IdeaTestRunner.startRunnerWithArgs(JUnit5IdeaTestRunner.java:66)
	at com.intellij.rt.junit.IdeaTestRunner$Repeater$1.execute(IdeaTestRunner.java:38)
	at com.intellij.rt.execution.junit.TestsRepeater.repeat(TestsRepeater.java:11)
	at com.intellij.rt.junit.IdeaTestRunner$Repeater.startRunnerWithArgs(IdeaTestRunner.java:35)
	at com.intellij.rt.junit.JUnitStarter.prepareStreamsAndStart(JUnitStarter.java:237)
	at com.intellij.rt.junit.JUnitStarter.main(JUnitStarter.java:58)
2026-05-28 18:39:33 [main] [txId=] INFO  c.e.w.m.WorkloadMessageListener - [JMS] Received workload message: trainer=john.doe, action=ADD, transactionId=null
2026-05-28 18:39:33 [main] [txId=] INFO  c.e.w.m.WorkloadMessageListener - [JMS] Workload processed successfully for trainer 'john.doe'
2026-05-28 18:39:33 [main] [txId=tx-123] INFO  c.e.w.m.WorkloadMessageListener - [JMS] Received workload message: trainer=john.doe, action=ADD, transactionId=tx-123
2026-05-28 18:39:33 [main] [txId=tx-123] INFO  c.e.w.m.WorkloadMessageListener - [JMS] Workload processed successfully for trainer 'john.doe'
2026-05-28 18:39:33 [main] [txId=] INFO  c.e.w.m.WorkloadMessageListener - [JMS] Received workload message: trainer=john.doe, action=ADD, transactionId=null
2026-05-28 18:39:33 [main] [txId=] INFO  c.e.w.m.WorkloadMessageListener - [JMS] Received workload message: trainer=   , action=ADD, transactionId=null
2026-05-28 18:39:33 [main] [txId=] INFO  c.e.w.m.WorkloadMessageListener - [JMS] Received workload message: trainer=john.doe, action=null, transactionId=null
2026-05-28 18:39:33 [main] [txId=4f9cd3ac-0968-4c61-92a9-c783cff168ae] INFO  c.e.w.l.TransactionLoggingFilter - [TRANSACTION] endpoint= method= transactionId=4f9cd3ac-0968-4c61-92a9-c783cff168ae
2026-05-28 18:39:33 [main] [txId=4f9cd3ac-0968-4c61-92a9-c783cff168ae] INFO  c.e.w.l.TransactionLoggingFilter - [TRANSACTION] endpoint= status=200 transactionId=4f9cd3ac-0968-4c61-92a9-c783cff168ae
2026-05-28 18:39:34 [main] [txId=4c59cab0-c9d2-4a34-8266-ca1b044e64d6] INFO  c.e.w.l.TransactionLoggingFilter - [TRANSACTION] endpoint= method= transactionId=4c59cab0-c9d2-4a34-8266-ca1b044e64d6
2026-05-28 18:39:34 [main] [txId=4c59cab0-c9d2-4a34-8266-ca1b044e64d6] INFO  c.e.w.l.TransactionLoggingFilter - [TRANSACTION] endpoint= status=200 transactionId=4c59cab0-c9d2-4a34-8266-ca1b044e64d6
2026-05-28 18:39:34 [main] [txId=tx-abc-123] INFO  c.e.w.l.TransactionLoggingFilter - [TRANSACTION] endpoint= method= transactionId=tx-abc-123
2026-05-28 18:39:34 [main] [txId=tx-abc-123] INFO  c.e.w.l.TransactionLoggingFilter - [TRANSACTION] endpoint= status=200 transactionId=tx-abc-123
2026-05-28 18:57:54 [main] [txId=] INFO  c.e.w.TrainerWorkloadApplication - Starting TrainerWorkloadApplication using Java 17.0.18 with PID 66307 (/Users/mariagevorgyan/Documents/Epam_Task1_Spring/trainer-workload-service/target/classes started by mariagevorgyan in /Users/mariagevorgyan/Documents/Epam_Task1_Spring/trainer-workload-service)
2026-05-28 18:57:54 [main] [txId=] DEBUG c.e.w.TrainerWorkloadApplication - Running with Spring Boot v3.2.0, Spring v6.1.1
2026-05-28 18:57:54 [main] [txId=] INFO  c.e.w.TrainerWorkloadApplication - No active profile set, falling back to 1 default profile: "default"
2026-05-28 18:57:54 [main] [txId=] INFO  o.s.cloud.context.scope.GenericScope - BeanFactory id=b44c9ad6-fa87-3038-b78f-4eb651794c00
2026-05-28 18:57:54 [main] [txId=] WARN  o.s.c.s.PostProcessorRegistrationDelegate$BeanPostProcessorChecker - Bean 'org.springframework.cloud.client.loadbalancer.LoadBalancerAutoConfiguration$LoadBalancerInterceptorConfig' of type [org.springframework.cloud.client.loadbalancer.LoadBalancerAutoConfiguration$LoadBalancerInterceptorConfig] is not eligible for getting processed by all BeanPostProcessors (for example: not eligible for auto-proxying). The currently created BeanPostProcessor [lbRestClientPostProcessor] is declared through a non-static factory method on that class; consider declaring it as static instead.
2026-05-28 18:57:54 [main] [txId=] WARN  o.s.c.s.PostProcessorRegistrationDelegate$BeanPostProcessorChecker - Bean 'org.springframework.cloud.loadbalancer.config.BlockingLoadBalancerClientAutoConfiguration' of type [org.springframework.cloud.loadbalancer.config.BlockingLoadBalancerClientAutoConfiguration] is not eligible for getting processed by all BeanPostProcessors (for example: not eligible for auto-proxying). Is this bean getting eagerly injected into a currently created BeanPostProcessor [lbRestClientPostProcessor]? Check the corresponding BeanPostProcessor declaration and its dependencies.
2026-05-28 18:57:54 [main] [txId=] WARN  o.s.c.s.PostProcessorRegistrationDelegate$BeanPostProcessorChecker - Bean 'org.springframework.cloud.loadbalancer.config.LoadBalancerAutoConfiguration' of type [org.springframework.cloud.loadbalancer.config.LoadBalancerAutoConfiguration] is not eligible for getting processed by all BeanPostProcessors (for example: not eligible for auto-proxying). Is this bean getting eagerly injected into a currently created BeanPostProcessor [lbRestClientPostProcessor]? Check the corresponding BeanPostProcessor declaration and its dependencies.
2026-05-28 18:57:54 [main] [txId=] WARN  o.s.c.s.PostProcessorRegistrationDelegate$BeanPostProcessorChecker - Bean 'org.springframework.cloud.commons.config.CommonsConfigAutoConfiguration' of type [org.springframework.cloud.commons.config.CommonsConfigAutoConfiguration] is not eligible for getting processed by all BeanPostProcessors (for example: not eligible for auto-proxying). Is this bean getting eagerly injected into a currently created BeanPostProcessor [lbRestClientPostProcessor]? Check the corresponding BeanPostProcessor declaration and its dependencies.
2026-05-28 18:57:54 [main] [txId=] WARN  o.s.c.s.PostProcessorRegistrationDelegate$BeanPostProcessorChecker - Bean 'org.springframework.cloud.client.loadbalancer.LoadBalancerDefaultMappingsProviderAutoConfiguration' of type [org.springframework.cloud.client.loadbalancer.LoadBalancerDefaultMappingsProviderAutoConfiguration] is not eligible for getting processed by all BeanPostProcessors (for example: not eligible for auto-proxying). Is this bean getting eagerly injected into a currently created BeanPostProcessor [lbRestClientPostProcessor]? Check the corresponding BeanPostProcessor declaration and its dependencies.
2026-05-28 18:57:54 [main] [txId=] WARN  o.s.c.s.PostProcessorRegistrationDelegate$BeanPostProcessorChecker - Bean 'loadBalancerClientsDefaultsMappingsProvider' of type [org.springframework.cloud.client.loadbalancer.LoadBalancerDefaultMappingsProviderAutoConfiguration$$Lambda$549/0x0000009801376c80] is not eligible for getting processed by all BeanPostProcessors (for example: not eligible for auto-proxying). Is this bean getting eagerly injected into a currently created BeanPostProcessor [lbRestClientPostProcessor]? Check the corresponding BeanPostProcessor declaration and its dependencies.
2026-05-28 18:57:54 [main] [txId=] WARN  o.s.c.s.PostProcessorRegistrationDelegate$BeanPostProcessorChecker - Bean 'defaultsBindHandlerAdvisor' of type [org.springframework.cloud.commons.config.DefaultsBindHandlerAdvisor] is not eligible for getting processed by all BeanPostProcessors (for example: not eligible for auto-proxying). Is this bean getting eagerly injected into a currently created BeanPostProcessor [lbRestClientPostProcessor]? Check the corresponding BeanPostProcessor declaration and its dependencies.
2026-05-28 18:57:54 [main] [txId=] WARN  o.s.c.s.PostProcessorRegistrationDelegate$BeanPostProcessorChecker - Bean 'spring.cloud.loadbalancer-org.springframework.cloud.client.loadbalancer.LoadBalancerClientsProperties' of type [org.springframework.cloud.client.loadbalancer.LoadBalancerClientsProperties] is not eligible for getting processed by all BeanPostProcessors (for example: not eligible for auto-proxying). Is this bean getting eagerly injected into a currently created BeanPostProcessor [lbRestClientPostProcessor]? Check the corresponding BeanPostProcessor declaration and its dependencies.
2026-05-28 18:57:54 [main] [txId=] WARN  o.s.c.s.PostProcessorRegistrationDelegate$BeanPostProcessorChecker - Bean 'default.org.springframework.cloud.loadbalancer.config.LoadBalancerAutoConfiguration.LoadBalancerClientSpecification' of type [org.springframework.cloud.loadbalancer.annotation.LoadBalancerClientSpecification] is not eligible for getting processed by all BeanPostProcessors (for example: not eligible for auto-proxying). Is this bean getting eagerly injected into a currently created BeanPostProcessor [lbRestClientPostProcessor]? Check the corresponding BeanPostProcessor declaration and its dependencies.
2026-05-28 18:57:54 [main] [txId=] WARN  o.s.c.s.PostProcessorRegistrationDelegate$BeanPostProcessorChecker - Bean 'default.org.springframework.cloud.loadbalancer.config.BlockingLoadBalancerClientAutoConfiguration.LoadBalancerClientSpecification' of type [org.springframework.cloud.loadbalancer.annotation.LoadBalancerClientSpecification] is not eligible for getting processed by all BeanPostProcessors (for example: not eligible for auto-proxying). Is this bean getting eagerly injected into a currently created BeanPostProcessor [lbRestClientPostProcessor]? Check the corresponding BeanPostProcessor declaration and its dependencies.
2026-05-28 18:57:54 [main] [txId=] WARN  o.s.c.s.PostProcessorRegistrationDelegate$BeanPostProcessorChecker - Bean 'default.org.springframework.cloud.netflix.eureka.loadbalancer.LoadBalancerEurekaAutoConfiguration.LoadBalancerClientSpecification' of type [org.springframework.cloud.loadbalancer.annotation.LoadBalancerClientSpecification] is not eligible for getting processed by all BeanPostProcessors (for example: not eligible for auto-proxying). Is this bean getting eagerly injected into a currently created BeanPostProcessor [lbRestClientPostProcessor]? Check the corresponding BeanPostProcessor declaration and its dependencies.
2026-05-28 18:57:54 [main] [txId=] WARN  o.s.c.s.PostProcessorRegistrationDelegate$BeanPostProcessorChecker - Bean 'loadBalancerClientFactory' of type [org.springframework.cloud.loadbalancer.support.LoadBalancerClientFactory] is not eligible for getting processed by all BeanPostProcessors (for example: not eligible for auto-proxying). Is this bean getting eagerly injected into a currently created BeanPostProcessor [lbRestClientPostProcessor]? Check the corresponding BeanPostProcessor declaration and its dependencies.
2026-05-28 18:57:54 [main] [txId=] WARN  o.s.c.s.PostProcessorRegistrationDelegate$BeanPostProcessorChecker - Bean 'blockingLoadBalancerClient' of type [org.springframework.cloud.loadbalancer.blocking.client.BlockingLoadBalancerClient] is not eligible for getting processed by all BeanPostProcessors (for example: not eligible for auto-proxying). Is this bean getting eagerly injected into a currently created BeanPostProcessor [lbRestClientPostProcessor]? Check the corresponding BeanPostProcessor declaration and its dependencies.
2026-05-28 18:57:54 [main] [txId=] WARN  o.s.c.s.PostProcessorRegistrationDelegate$BeanPostProcessorChecker - Bean 'loadBalancerServiceInstanceCookieTransformer' of type [org.springframework.cloud.loadbalancer.core.LoadBalancerServiceInstanceCookieTransformer] is not eligible for getting processed by all BeanPostProcessors (for example: not eligible for auto-proxying). Is this bean getting eagerly injected into a currently created BeanPostProcessor [lbRestClientPostProcessor]? Check the corresponding BeanPostProcessor declaration and its dependencies.
2026-05-28 18:57:54 [main] [txId=] WARN  o.s.c.s.PostProcessorRegistrationDelegate$BeanPostProcessorChecker - Bean 'xForwarderHeadersTransformer' of type [org.springframework.cloud.loadbalancer.blocking.XForwardedHeadersTransformer] is not eligible for getting processed by all BeanPostProcessors (for example: not eligible for auto-proxying). Is this bean getting eagerly injected into a currently created BeanPostProcessor [lbRestClientPostProcessor]? Check the corresponding BeanPostProcessor declaration and its dependencies.
2026-05-28 18:57:54 [main] [txId=] WARN  o.s.c.s.PostProcessorRegistrationDelegate$BeanPostProcessorChecker - Bean 'org.springframework.cloud.client.loadbalancer.LoadBalancerAutoConfiguration' of type [org.springframework.cloud.client.loadbalancer.LoadBalancerAutoConfiguration] is not eligible for getting processed by all BeanPostProcessors (for example: not eligible for auto-proxying). Is this bean getting eagerly injected into a currently created BeanPostProcessor [lbRestClientPostProcessor]? Check the corresponding BeanPostProcessor declaration and its dependencies.
2026-05-28 18:57:54 [main] [txId=] WARN  o.s.c.s.PostProcessorRegistrationDelegate$BeanPostProcessorChecker - Bean 'loadBalancerRequestFactory' of type [org.springframework.cloud.client.loadbalancer.LoadBalancerRequestFactory] is not eligible for getting processed by all BeanPostProcessors (for example: not eligible for auto-proxying). Is this bean getting eagerly injected into a currently created BeanPostProcessor [lbRestClientPostProcessor]? Check the corresponding BeanPostProcessor declaration and its dependencies.
2026-05-28 18:57:54 [main] [txId=] WARN  o.s.c.s.PostProcessorRegistrationDelegate$BeanPostProcessorChecker - Bean 'loadBalancerInterceptor' of type [org.springframework.cloud.client.loadbalancer.LoadBalancerInterceptor] is not eligible for getting processed by all BeanPostProcessors (for example: not eligible for auto-proxying). Is this bean getting eagerly injected into a currently created BeanPostProcessor [lbRestClientPostProcessor]? Check the corresponding BeanPostProcessor declaration and its dependencies.
2026-05-28 18:57:54 [main] [txId=] INFO  o.s.b.w.e.tomcat.TomcatWebServer - Tomcat initialized with port 8081 (http)
2026-05-28 18:57:54 [main] [txId=] INFO  o.a.coyote.http11.Http11NioProtocol - Initializing ProtocolHandler ["http-nio-8081"]
2026-05-28 18:57:54 [main] [txId=] INFO  o.a.catalina.core.StandardService - Starting service [Tomcat]
2026-05-28 18:57:54 [main] [txId=] INFO  o.a.catalina.core.StandardEngine - Starting Servlet engine: [Apache Tomcat/10.1.16]
2026-05-28 18:57:54 [main] [txId=] INFO  o.a.c.c.C.[Tomcat].[localhost].[/] - Initializing Spring embedded WebApplicationContext
2026-05-28 18:57:54 [main] [txId=] INFO  o.s.b.w.s.c.ServletWebServerApplicationContext - Root WebApplicationContext: initialization completed in 413 ms
2026-05-28 18:57:55 [main] [txId=] DEBUG c.e.w.l.TransactionLoggingFilter - Filter 'transactionLoggingFilter' configured for use
2026-05-28 18:57:55 [main] [txId=] DEBUG c.e.workload.security.JwtAuthFilter - Filter 'jwtAuthFilter' configured for use
2026-05-28 18:57:55 [main] [txId=] WARN  o.s.b.a.s.s.UserDetailsServiceAutoConfiguration - 

Using generated security password: 62be38c3-d83a-4a4d-b712-077f4a2d5ff2

This generated password is for development use only. Your security configuration must be updated before running your application in production.

2026-05-28 18:57:55 [main] [txId=] INFO  o.s.b.a.e.web.EndpointLinksResolver - Exposing 2 endpoint(s) beneath base path '/actuator'
2026-05-28 18:57:55 [main] [txId=] INFO  o.s.s.web.DefaultSecurityFilterChain - Will secure any request with [org.springframework.security.web.session.DisableEncodeUrlFilter@6ea66c33, org.springframework.security.web.context.request.async.WebAsyncManagerIntegrationFilter@59b447a4, org.springframework.security.web.context.SecurityContextHolderFilter@60a01cb, org.springframework.security.web.header.HeaderWriterFilter@57c6feea, org.springframework.web.filter.CorsFilter@69ba3f4e, org.springframework.security.web.authentication.logout.LogoutFilter@3ef2b8e5, com.epam.workload.security.JwtAuthFilter@4a642e4b, org.springframework.security.web.savedrequest.RequestCacheAwareFilter@7bb4ed71, org.springframework.security.web.servletapi.SecurityContextHolderAwareRequestFilter@5112b7, org.springframework.security.web.authentication.AnonymousAuthenticationFilter@579846cc, org.springframework.security.web.session.SessionManagementFilter@5563bb40, org.springframework.security.web.access.ExceptionTranslationFilter@6a6d1ff3, org.springframework.security.web.access.intercept.AuthorizationFilter@6f3b13d0]
2026-05-28 18:57:55 [main] [txId=] INFO  o.s.c.n.e.c.DiscoveryClientOptionalArgsConfiguration - Eureka HTTP Client uses RestTemplate.
2026-05-28 18:57:55 [main] [txId=] WARN  o.s.c.l.c.LoadBalancerCacheAutoConfiguration$LoadBalancerCaffeineWarnLogger - Spring Cloud LoadBalancer is currently working with the default cache. While this cache implementation is useful for development and tests, it's recommended to use Caffeine cache in production.You can switch to using Caffeine cache, by adding it and org.springframework.cache.caffeine.CaffeineCacheManager to the classpath.
2026-05-28 18:57:55 [main] [txId=] INFO  o.s.c.n.eureka.InstanceInfoFactory - Setting initial instance status as: STARTING
2026-05-28 18:57:55 [main] [txId=] INFO  c.netflix.discovery.DiscoveryClient - Initializing Eureka in region us-east-1
2026-05-28 18:57:55 [main] [txId=] INFO  c.n.d.s.r.aws.ConfigClusterResolver - Resolving eureka endpoints via configuration
2026-05-28 18:57:55 [main] [txId=] INFO  c.netflix.discovery.DiscoveryClient - Disable delta property : false
2026-05-28 18:57:55 [main] [txId=] INFO  c.netflix.discovery.DiscoveryClient - Single vip registry refresh property : null
2026-05-28 18:57:55 [main] [txId=] INFO  c.netflix.discovery.DiscoveryClient - Force full registry fetch : false
2026-05-28 18:57:55 [main] [txId=] INFO  c.netflix.discovery.DiscoveryClient - Application is null : false
2026-05-28 18:57:55 [main] [txId=] INFO  c.netflix.discovery.DiscoveryClient - Registered Applications size is zero : true
2026-05-28 18:57:55 [main] [txId=] INFO  c.netflix.discovery.DiscoveryClient - Application version is -1: true
2026-05-28 18:57:55 [main] [txId=] INFO  c.netflix.discovery.DiscoveryClient - Getting all instance registry info from the eureka server
2026-05-28 18:57:55 [main] [txId=] INFO  c.netflix.discovery.DiscoveryClient - The response status is 200
2026-05-28 18:57:55 [main] [txId=] INFO  c.netflix.discovery.DiscoveryClient - Starting heartbeat executor: renew interval is: 30
2026-05-28 18:57:55 [main] [txId=] INFO  c.n.discovery.InstanceInfoReplicator - InstanceInfoReplicator onDemand update allowed rate per min is 4
2026-05-28 18:57:55 [main] [txId=] INFO  c.netflix.discovery.DiscoveryClient - Discovery Client initialized at timestamp 1779980275601 with initial instances count: 0
2026-05-28 18:57:55 [main] [txId=] INFO  o.s.c.n.e.s.EurekaServiceRegistry - Registering application TRAINER-WORKLOAD-SERVICE with eureka with status UP
2026-05-28 18:57:55 [main] [txId=] INFO  c.netflix.discovery.DiscoveryClient - Saw local status change event StatusChangeEvent [timestamp=1779980275602, current=UP, previous=STARTING]
2026-05-28 18:57:55 [DiscoveryClient-InstanceInfoReplicator-0] [txId=] INFO  c.netflix.discovery.DiscoveryClient - DiscoveryClient_TRAINER-WORKLOAD-SERVICE/192.168.15.146:trainer-workload-service:8081: registering service...
2026-05-28 18:57:55 [main] [txId=] INFO  o.a.coyote.http11.Http11NioProtocol - Starting ProtocolHandler ["http-nio-8081"]
2026-05-28 18:57:55 [main] [txId=] INFO  o.s.b.w.e.tomcat.TomcatWebServer - Tomcat started on port 8081 (http) with context path ''
2026-05-28 18:57:55 [main] [txId=] INFO  o.s.c.n.e.s.EurekaAutoServiceRegistration - Updating port to 8081
2026-05-28 18:57:55 [DiscoveryClient-InstanceInfoReplicator-0] [txId=] INFO  c.netflix.discovery.DiscoveryClient - DiscoveryClient_TRAINER-WORKLOAD-SERVICE/192.168.15.146:trainer-workload-service:8081 - registration status: 204
2026-05-28 18:57:55 [main] [txId=] INFO  c.e.w.TrainerWorkloadApplication - Started TrainerWorkloadApplication in 1.362 seconds (process running for 1.469)
2026-05-28 18:58:25 [DiscoveryClient-CacheRefreshExecutor-0] [txId=] INFO  c.netflix.discovery.DiscoveryClient - Disable delta property : false
2026-05-28 18:58:25 [DiscoveryClient-CacheRefreshExecutor-0] [txId=] INFO  c.netflix.discovery.DiscoveryClient - Single vip registry refresh property : null
2026-05-28 18:58:25 [DiscoveryClient-CacheRefreshExecutor-0] [txId=] INFO  c.netflix.discovery.DiscoveryClient - Force full registry fetch : false
2026-05-28 18:58:25 [DiscoveryClient-CacheRefreshExecutor-0] [txId=] INFO  c.netflix.discovery.DiscoveryClient - Application is null : false
2026-05-28 18:58:25 [DiscoveryClient-CacheRefreshExecutor-0] [txId=] INFO  c.netflix.discovery.DiscoveryClient - Registered Applications size is zero : true
2026-05-28 18:58:25 [DiscoveryClient-CacheRefreshExecutor-0] [txId=] INFO  c.netflix.discovery.DiscoveryClient - Application version is -1: false
2026-05-28 18:58:25 [DiscoveryClient-CacheRefreshExecutor-0] [txId=] INFO  c.netflix.discovery.DiscoveryClient - Getting all instance registry info from the eureka server
2026-05-28 18:58:25 [DiscoveryClient-CacheRefreshExecutor-0] [txId=] INFO  c.netflix.discovery.DiscoveryClient - The response status is 200
2026-05-28 18:59:03 [org.springframework.jms.JmsListenerEndpointContainer#0-1] [txId=] WARN  o.s.j.l.DefaultMessageListenerContainer - Execution of JMS message listener failed, and no ErrorHandler has been set.
org.springframework.jms.listener.adapter.ListenerExecutionFailedException: Listener method 'public void com.epam.workload.messaging.WorkloadMessageListener.onWorkloadMessage(com.epam.workload.dto.TrainerWorkloadRequest,java.lang.String)' threw exception
	at org.springframework.jms.listener.adapter.MessagingMessageListenerAdapter.invokeHandler(MessagingMessageListenerAdapter.java:118)
	at org.springframework.jms.listener.adapter.MessagingMessageListenerAdapter.onMessage(MessagingMessageListenerAdapter.java:84)
	at org.springframework.jms.listener.AbstractMessageListenerContainer.doInvokeListener(AbstractMessageListenerContainer.java:783)
	at org.springframework.jms.listener.AbstractMessageListenerContainer.invokeListener(AbstractMessageListenerContainer.java:741)
	at org.springframework.jms.listener.AbstractMessageListenerContainer.doExecuteListener(AbstractMessageListenerContainer.java:719)
	at org.springframework.jms.listener.AbstractPollingMessageListenerContainer.doReceiveAndExecute(AbstractPollingMessageListenerContainer.java:333)
	at org.springframework.jms.listener.AbstractPollingMessageListenerContainer.receiveAndExecute(AbstractPollingMessageListenerContainer.java:270)
	at org.springframework.jms.listener.DefaultMessageListenerContainer$AsyncMessageListenerInvoker.invokeListener(DefaultMessageListenerContainer.java:1258)
	at org.springframework.jms.listener.DefaultMessageListenerContainer$AsyncMessageListenerInvoker.executeOngoingLoop(DefaultMessageListenerContainer.java:1248)
	at org.springframework.jms.listener.DefaultMessageListenerContainer$AsyncMessageListenerInvoker.run(DefaultMessageListenerContainer.java:1141)
	at java.base/java.lang.Thread.run(Thread.java:840)
Caused by: org.springframework.jms.support.converter.MessageConversionException: Failed to resolve type id [com.epam.training.dto.TrainerWorkloadRequest]
	at org.springframework.jms.support.converter.MappingJackson2MessageConverter.getJavaTypeForMessage(MappingJackson2MessageConverter.java:471)
	at org.springframework.jms.support.converter.MappingJackson2MessageConverter.fromMessage(MappingJackson2MessageConverter.java:241)
	at org.springframework.jms.listener.adapter.AbstractAdaptableMessageListener.extractMessage(AbstractAdaptableMessageListener.java:250)
	at org.springframework.jms.listener.adapter.AbstractAdaptableMessageListener$MessagingMessageConverterAdapter.extractPayload(AbstractAdaptableMessageListener.java:472)
	at org.springframework.jms.listener.adapter.AbstractAdaptableMessageListener$MessagingMessageConverterAdapter$LazyResolutionMessage.unwrapPayload(AbstractAdaptableMessageListener.java:539)
	at org.springframework.jms.listener.adapter.AbstractAdaptableMessageListener$MessagingMessageConverterAdapter$LazyResolutionMessage.getPayload(AbstractAdaptableMessageListener.java:521)
	at org.springframework.messaging.handler.annotation.support.PayloadMethodArgumentResolver.resolveArgument(PayloadMethodArgumentResolver.java:122)
	at org.springframework.messaging.handler.invocation.HandlerMethodArgumentResolverComposite.resolveArgument(HandlerMethodArgumentResolverComposite.java:118)
	at org.springframework.messaging.handler.invocation.InvocableHandlerMethod.getMethodArgumentValues(InvocableHandlerMethod.java:147)
	at org.springframework.messaging.handler.invocation.InvocableHandlerMethod.invoke(InvocableHandlerMethod.java:115)
	at org.springframework.jms.listener.adapter.MessagingMessageListenerAdapter.invokeHandler(MessagingMessageListenerAdapter.java:110)
	... 10 common frames omitted
Caused by: java.lang.ClassNotFoundException: com.epam.training.dto.TrainerWorkloadRequest
	at java.base/jdk.internal.loader.BuiltinClassLoader.loadClass(BuiltinClassLoader.java:641)
	at java.base/jdk.internal.loader.ClassLoaders$AppClassLoader.loadClass(ClassLoaders.java:188)
	at java.base/java.lang.ClassLoader.loadClass(ClassLoader.java:525)
	at java.base/java.lang.Class.forName0(Native Method)
	at java.base/java.lang.Class.forName(Class.java:469)
	at org.springframework.util.ClassUtils.forName(ClassUtils.java:304)
	at org.springframework.jms.support.converter.MappingJackson2MessageConverter.getJavaTypeForMessage(MappingJackson2MessageConverter.java:467)
	... 20 common frames omitted
2026-05-28 18:59:04 [org.springframework.jms.JmsListenerEndpointContainer#0-1] [txId=] WARN  o.s.j.l.DefaultMessageListenerContainer - Execution of JMS message listener failed, and no ErrorHandler has been set.
org.springframework.jms.listener.adapter.ListenerExecutionFailedException: Listener method 'public void com.epam.workload.messaging.WorkloadMessageListener.onWorkloadMessage(com.epam.workload.dto.TrainerWorkloadRequest,java.lang.String)' threw exception
	at org.springframework.jms.listener.adapter.MessagingMessageListenerAdapter.invokeHandler(MessagingMessageListenerAdapter.java:118)
	at org.springframework.jms.listener.adapter.MessagingMessageListenerAdapter.onMessage(MessagingMessageListenerAdapter.java:84)
	at org.springframework.jms.listener.AbstractMessageListenerContainer.doInvokeListener(AbstractMessageListenerContainer.java:783)
	at org.springframework.jms.listener.AbstractMessageListenerContainer.invokeListener(AbstractMessageListenerContainer.java:741)
	at org.springframework.jms.listener.AbstractMessageListenerContainer.doExecuteListener(AbstractMessageListenerContainer.java:719)
	at org.springframework.jms.listener.AbstractPollingMessageListenerContainer.doReceiveAndExecute(AbstractPollingMessageListenerContainer.java:333)
	at org.springframework.jms.listener.AbstractPollingMessageListenerContainer.receiveAndExecute(AbstractPollingMessageListenerContainer.java:270)
	at org.springframework.jms.listener.DefaultMessageListenerContainer$AsyncMessageListenerInvoker.invokeListener(DefaultMessageListenerContainer.java:1258)
	at org.springframework.jms.listener.DefaultMessageListenerContainer$AsyncMessageListenerInvoker.executeOngoingLoop(DefaultMessageListenerContainer.java:1248)
	at org.springframework.jms.listener.DefaultMessageListenerContainer$AsyncMessageListenerInvoker.run(DefaultMessageListenerContainer.java:1141)
	at java.base/java.lang.Thread.run(Thread.java:840)
Caused by: org.springframework.jms.support.converter.MessageConversionException: Failed to resolve type id [com.epam.training.dto.TrainerWorkloadRequest]
	at org.springframework.jms.support.converter.MappingJackson2MessageConverter.getJavaTypeForMessage(MappingJackson2MessageConverter.java:471)
	at org.springframework.jms.support.converter.MappingJackson2MessageConverter.fromMessage(MappingJackson2MessageConverter.java:241)
	at org.springframework.jms.listener.adapter.AbstractAdaptableMessageListener.extractMessage(AbstractAdaptableMessageListener.java:250)
	at org.springframework.jms.listener.adapter.AbstractAdaptableMessageListener$MessagingMessageConverterAdapter.extractPayload(AbstractAdaptableMessageListener.java:472)
	at org.springframework.jms.listener.adapter.AbstractAdaptableMessageListener$MessagingMessageConverterAdapter$LazyResolutionMessage.unwrapPayload(AbstractAdaptableMessageListener.java:539)
	at org.springframework.jms.listener.adapter.AbstractAdaptableMessageListener$MessagingMessageConverterAdapter$LazyResolutionMessage.getPayload(AbstractAdaptableMessageListener.java:521)
	at org.springframework.messaging.handler.annotation.support.PayloadMethodArgumentResolver.resolveArgument(PayloadMethodArgumentResolver.java:122)
	at org.springframework.messaging.handler.invocation.HandlerMethodArgumentResolverComposite.resolveArgument(HandlerMethodArgumentResolverComposite.java:118)
	at org.springframework.messaging.handler.invocation.InvocableHandlerMethod.getMethodArgumentValues(InvocableHandlerMethod.java:147)
	at org.springframework.messaging.handler.invocation.InvocableHandlerMethod.invoke(InvocableHandlerMethod.java:115)
	at org.springframework.jms.listener.adapter.MessagingMessageListenerAdapter.invokeHandler(MessagingMessageListenerAdapter.java:110)
	... 10 common frames omitted
Caused by: java.lang.ClassNotFoundException: com.epam.training.dto.TrainerWorkloadRequest
	at java.base/jdk.internal.loader.BuiltinClassLoader.loadClass(BuiltinClassLoader.java:641)
	at java.base/jdk.internal.loader.ClassLoaders$AppClassLoader.loadClass(ClassLoaders.java:188)
	at java.base/java.lang.ClassLoader.loadClass(ClassLoader.java:525)
	at java.base/java.lang.Class.forName0(Native Method)
	at java.base/java.lang.Class.forName(Class.java:469)
	at org.springframework.util.ClassUtils.forName(ClassUtils.java:304)
	at org.springframework.jms.support.converter.MappingJackson2MessageConverter.getJavaTypeForMessage(MappingJackson2MessageConverter.java:467)
	... 20 common frames omitted
2026-05-28 18:59:06 [org.springframework.jms.JmsListenerEndpointContainer#0-1] [txId=] WARN  o.s.j.l.DefaultMessageListenerContainer - Execution of JMS message listener failed, and no ErrorHandler has been set.
org.springframework.jms.listener.adapter.ListenerExecutionFailedException: Listener method 'public void com.epam.workload.messaging.WorkloadMessageListener.onWorkloadMessage(com.epam.workload.dto.TrainerWorkloadRequest,java.lang.String)' threw exception
	at org.springframework.jms.listener.adapter.MessagingMessageListenerAdapter.invokeHandler(MessagingMessageListenerAdapter.java:118)
	at org.springframework.jms.listener.adapter.MessagingMessageListenerAdapter.onMessage(MessagingMessageListenerAdapter.java:84)
	at org.springframework.jms.listener.AbstractMessageListenerContainer.doInvokeListener(AbstractMessageListenerContainer.java:783)
	at org.springframework.jms.listener.AbstractMessageListenerContainer.invokeListener(AbstractMessageListenerContainer.java:741)
	at org.springframework.jms.listener.AbstractMessageListenerContainer.doExecuteListener(AbstractMessageListenerContainer.java:719)
	at org.springframework.jms.listener.AbstractPollingMessageListenerContainer.doReceiveAndExecute(AbstractPollingMessageListenerContainer.java:333)
	at org.springframework.jms.listener.AbstractPollingMessageListenerContainer.receiveAndExecute(AbstractPollingMessageListenerContainer.java:270)
	at org.springframework.jms.listener.DefaultMessageListenerContainer$AsyncMessageListenerInvoker.invokeListener(DefaultMessageListenerContainer.java:1258)
	at org.springframework.jms.listener.DefaultMessageListenerContainer$AsyncMessageListenerInvoker.executeOngoingLoop(DefaultMessageListenerContainer.java:1248)
	at org.springframework.jms.listener.DefaultMessageListenerContainer$AsyncMessageListenerInvoker.run(DefaultMessageListenerContainer.java:1141)
	at java.base/java.lang.Thread.run(Thread.java:840)
Caused by: org.springframework.jms.support.converter.MessageConversionException: Failed to resolve type id [com.epam.training.dto.TrainerWorkloadRequest]
	at org.springframework.jms.support.converter.MappingJackson2MessageConverter.getJavaTypeForMessage(MappingJackson2MessageConverter.java:471)
	at org.springframework.jms.support.converter.MappingJackson2MessageConverter.fromMessage(MappingJackson2MessageConverter.java:241)
	at org.springframework.jms.listener.adapter.AbstractAdaptableMessageListener.extractMessage(AbstractAdaptableMessageListener.java:250)
	at org.springframework.jms.listener.adapter.AbstractAdaptableMessageListener$MessagingMessageConverterAdapter.extractPayload(AbstractAdaptableMessageListener.java:472)
	at org.springframework.jms.listener.adapter.AbstractAdaptableMessageListener$MessagingMessageConverterAdapter$LazyResolutionMessage.unwrapPayload(AbstractAdaptableMessageListener.java:539)
	at org.springframework.jms.listener.adapter.AbstractAdaptableMessageListener$MessagingMessageConverterAdapter$LazyResolutionMessage.getPayload(AbstractAdaptableMessageListener.java:521)
	at org.springframework.messaging.handler.annotation.support.PayloadMethodArgumentResolver.resolveArgument(PayloadMethodArgumentResolver.java:122)
	at org.springframework.messaging.handler.invocation.HandlerMethodArgumentResolverComposite.resolveArgument(HandlerMethodArgumentResolverComposite.java:118)
	at org.springframework.messaging.handler.invocation.InvocableHandlerMethod.getMethodArgumentValues(InvocableHandlerMethod.java:147)
	at org.springframework.messaging.handler.invocation.InvocableHandlerMethod.invoke(InvocableHandlerMethod.java:115)
	at org.springframework.jms.listener.adapter.MessagingMessageListenerAdapter.invokeHandler(MessagingMessageListenerAdapter.java:110)
	... 10 common frames omitted
Caused by: java.lang.ClassNotFoundException: com.epam.training.dto.TrainerWorkloadRequest
	at java.base/jdk.internal.loader.BuiltinClassLoader.loadClass(BuiltinClassLoader.java:641)
	at java.base/jdk.internal.loader.ClassLoaders$AppClassLoader.loadClass(ClassLoaders.java:188)
	at java.base/java.lang.ClassLoader.loadClass(ClassLoader.java:525)
	at java.base/java.lang.Class.forName0(Native Method)
	at java.base/java.lang.Class.forName(Class.java:469)
	at org.springframework.util.ClassUtils.forName(ClassUtils.java:304)
	at org.springframework.jms.support.converter.MappingJackson2MessageConverter.getJavaTypeForMessage(MappingJackson2MessageConverter.java:467)
	... 20 common frames omitted
2026-05-28 18:59:10 [org.springframework.jms.JmsListenerEndpointContainer#0-1] [txId=] WARN  o.s.j.l.DefaultMessageListenerContainer - Execution of JMS message listener failed, and no ErrorHandler has been set.
org.springframework.jms.listener.adapter.ListenerExecutionFailedException: Listener method 'public void com.epam.workload.messaging.WorkloadMessageListener.onWorkloadMessage(com.epam.workload.dto.TrainerWorkloadRequest,java.lang.String)' threw exception
	at org.springframework.jms.listener.adapter.MessagingMessageListenerAdapter.invokeHandler(MessagingMessageListenerAdapter.java:118)
	at org.springframework.jms.listener.adapter.MessagingMessageListenerAdapter.onMessage(MessagingMessageListenerAdapter.java:84)
	at org.springframework.jms.listener.AbstractMessageListenerContainer.doInvokeListener(AbstractMessageListenerContainer.java:783)
	at org.springframework.jms.listener.AbstractMessageListenerContainer.invokeListener(AbstractMessageListenerContainer.java:741)
	at org.springframework.jms.listener.AbstractMessageListenerContainer.doExecuteListener(AbstractMessageListenerContainer.java:719)
	at org.springframework.jms.listener.AbstractPollingMessageListenerContainer.doReceiveAndExecute(AbstractPollingMessageListenerContainer.java:333)
	at org.springframework.jms.listener.AbstractPollingMessageListenerContainer.receiveAndExecute(AbstractPollingMessageListenerContainer.java:270)
	at org.springframework.jms.listener.DefaultMessageListenerContainer$AsyncMessageListenerInvoker.invokeListener(DefaultMessageListenerContainer.java:1258)
	at org.springframework.jms.listener.DefaultMessageListenerContainer$AsyncMessageListenerInvoker.executeOngoingLoop(DefaultMessageListenerContainer.java:1248)
	at org.springframework.jms.listener.DefaultMessageListenerContainer$AsyncMessageListenerInvoker.run(DefaultMessageListenerContainer.java:1141)
	at java.base/java.lang.Thread.run(Thread.java:840)
Caused by: org.springframework.jms.support.converter.MessageConversionException: Failed to resolve type id [com.epam.training.dto.TrainerWorkloadRequest]
	at org.springframework.jms.support.converter.MappingJackson2MessageConverter.getJavaTypeForMessage(MappingJackson2MessageConverter.java:471)
	at org.springframework.jms.support.converter.MappingJackson2MessageConverter.fromMessage(MappingJackson2MessageConverter.java:241)
	at org.springframework.jms.listener.adapter.AbstractAdaptableMessageListener.extractMessage(AbstractAdaptableMessageListener.java:250)
	at org.springframework.jms.listener.adapter.AbstractAdaptableMessageListener$MessagingMessageConverterAdapter.extractPayload(AbstractAdaptableMessageListener.java:472)
	at org.springframework.jms.listener.adapter.AbstractAdaptableMessageListener$MessagingMessageConverterAdapter$LazyResolutionMessage.unwrapPayload(AbstractAdaptableMessageListener.java:539)
	at org.springframework.jms.listener.adapter.AbstractAdaptableMessageListener$MessagingMessageConverterAdapter$LazyResolutionMessage.getPayload(AbstractAdaptableMessageListener.java:521)
	at org.springframework.messaging.handler.annotation.support.PayloadMethodArgumentResolver.resolveArgument(PayloadMethodArgumentResolver.java:122)
	at org.springframework.messaging.handler.invocation.HandlerMethodArgumentResolverComposite.resolveArgument(HandlerMethodArgumentResolverComposite.java:118)
	at org.springframework.messaging.handler.invocation.InvocableHandlerMethod.getMethodArgumentValues(InvocableHandlerMethod.java:147)
	at org.springframework.messaging.handler.invocation.InvocableHandlerMethod.invoke(InvocableHandlerMethod.java:115)
	at org.springframework.jms.listener.adapter.MessagingMessageListenerAdapter.invokeHandler(MessagingMessageListenerAdapter.java:110)
	... 10 common frames omitted
Caused by: java.lang.ClassNotFoundException: com.epam.training.dto.TrainerWorkloadRequest
	at java.base/jdk.internal.loader.BuiltinClassLoader.loadClass(BuiltinClassLoader.java:641)
	at java.base/jdk.internal.loader.ClassLoaders$AppClassLoader.loadClass(ClassLoaders.java:188)
	at java.base/java.lang.ClassLoader.loadClass(ClassLoader.java:525)
	at java.base/java.lang.Class.forName0(Native Method)
	at java.base/java.lang.Class.forName(Class.java:469)
	at org.springframework.util.ClassUtils.forName(ClassUtils.java:304)
	at org.springframework.jms.support.converter.MappingJackson2MessageConverter.getJavaTypeForMessage(MappingJackson2MessageConverter.java:467)
	... 20 common frames omitted
2026-05-28 18:59:24 [http-nio-8081-exec-1] [txId=] INFO  o.a.c.c.C.[Tomcat].[localhost].[/] - Initializing Spring DispatcherServlet 'dispatcherServlet'
2026-05-28 18:59:24 [http-nio-8081-exec-1] [txId=] INFO  o.s.web.servlet.DispatcherServlet - Initializing Servlet 'dispatcherServlet'
2026-05-28 18:59:24 [http-nio-8081-exec-1] [txId=] INFO  o.s.web.servlet.DispatcherServlet - Completed initialization in 7 ms
2026-05-28 18:59:24 [http-nio-8081-exec-1] [txId=] WARN  o.s.w.s.h.HandlerMappingIntrospector - Cache miss for REQUEST dispatch to '/api/trainer-workload/jane.smith' (previous null). Performing CorsConfiguration lookup. This is logged once only at WARN level, and every time at TRACE.
2026-05-28 18:59:24 [http-nio-8081-exec-1] [txId=] WARN  o.s.w.s.h.HandlerMappingIntrospector - Cache miss for REQUEST dispatch to '/api/trainer-workload/jane.smith' (previous null). Performing MatchableHandlerMapping lookup. This is logged once only at WARN level, and every time at TRACE.
2026-05-28 18:59:24 [http-nio-8081-exec-1] [txId=33dc4adf-e7c1-40a4-b3e7-7311947c4922] INFO  c.e.w.l.TransactionLoggingFilter - [TRANSACTION] endpoint=/api/trainer-workload/jane.smith method=GET transactionId=33dc4adf-e7c1-40a4-b3e7-7311947c4922
2026-05-28 18:59:24 [http-nio-8081-exec-1] [txId=33dc4adf-e7c1-40a4-b3e7-7311947c4922] INFO  c.e.w.c.TrainerWorkloadController - Fetching workload summary for trainer 'jane.smith'
2026-05-28 18:59:24 [http-nio-8081-exec-1] [txId=33dc4adf-e7c1-40a4-b3e7-7311947c4922] WARN  c.e.w.c.TrainerWorkloadController - No summary found for trainer 'jane.smith'
2026-05-28 18:59:24 [http-nio-8081-exec-1] [txId=33dc4adf-e7c1-40a4-b3e7-7311947c4922] INFO  c.e.w.l.TransactionLoggingFilter - [TRANSACTION] endpoint=/api/trainer-workload/jane.smith status=404 transactionId=33dc4adf-e7c1-40a4-b3e7-7311947c4922
2026-05-28 18:59:50 [http-nio-8081-exec-2] [txId=dba27949-20fe-4aae-9117-1d52be5dd094] INFO  c.e.w.l.TransactionLoggingFilter - [TRANSACTION] endpoint=/api/trainer-workload/jane.smith method=GET transactionId=dba27949-20fe-4aae-9117-1d52be5dd094
2026-05-28 18:59:50 [http-nio-8081-exec-2] [txId=dba27949-20fe-4aae-9117-1d52be5dd094] INFO  c.e.w.c.TrainerWorkloadController - Fetching workload summary for trainer 'jane.smith'
2026-05-28 18:59:50 [http-nio-8081-exec-2] [txId=dba27949-20fe-4aae-9117-1d52be5dd094] WARN  c.e.w.c.TrainerWorkloadController - No summary found for trainer 'jane.smith'
2026-05-28 18:59:50 [http-nio-8081-exec-2] [txId=dba27949-20fe-4aae-9117-1d52be5dd094] INFO  c.e.w.l.TransactionLoggingFilter - [TRANSACTION] endpoint=/api/trainer-workload/jane.smith status=404 transactionId=dba27949-20fe-4aae-9117-1d52be5dd094
2026-05-28 19:00:17 [http-nio-8081-exec-3] [txId=4e927990-3c9d-483a-b1ba-edec921c2c88] INFO  c.e.w.l.TransactionLoggingFilter - [TRANSACTION] endpoint=/api/trainer-workload/john.smith method=GET transactionId=4e927990-3c9d-483a-b1ba-edec921c2c88
2026-05-28 19:00:17 [http-nio-8081-exec-3] [txId=4e927990-3c9d-483a-b1ba-edec921c2c88] INFO  c.e.w.c.TrainerWorkloadController - Fetching workload summary for trainer 'john.smith'
2026-05-28 19:00:17 [http-nio-8081-exec-3] [txId=4e927990-3c9d-483a-b1ba-edec921c2c88] WARN  c.e.w.c.TrainerWorkloadController - No summary found for trainer 'john.smith'
2026-05-28 19:00:17 [http-nio-8081-exec-3] [txId=4e927990-3c9d-483a-b1ba-edec921c2c88] INFO  c.e.w.l.TransactionLoggingFilter - [TRANSACTION] endpoint=/api/trainer-workload/john.smith status=404 transactionId=4e927990-3c9d-483a-b1ba-edec921c2c88
2026-05-28 19:00:54 [http-nio-8081-exec-4] [txId=21f2ae0a-e074-4ac2-903e-b2f162475efe] INFO  c.e.w.l.TransactionLoggingFilter - [TRANSACTION] endpoint=/api/trainer-workload/jane.smith method=GET transactionId=21f2ae0a-e074-4ac2-903e-b2f162475efe
2026-05-28 19:00:54 [http-nio-8081-exec-4] [txId=21f2ae0a-e074-4ac2-903e-b2f162475efe] INFO  c.e.w.c.TrainerWorkloadController - Fetching workload summary for trainer 'jane.smith'
2026-05-28 19:00:54 [http-nio-8081-exec-4] [txId=21f2ae0a-e074-4ac2-903e-b2f162475efe] WARN  c.e.w.c.TrainerWorkloadController - No summary found for trainer 'jane.smith'
2026-05-28 19:00:54 [http-nio-8081-exec-4] [txId=21f2ae0a-e074-4ac2-903e-b2f162475efe] INFO  c.e.w.l.TransactionLoggingFilter - [TRANSACTION] endpoint=/api/trainer-workload/jane.smith status=404 transactionId=21f2ae0a-e074-4ac2-903e-b2f162475efe
2026-05-28 19:00:54 [http-nio-8081-exec-5] [txId=ed56c07b-841b-424b-adc2-b2a28380cfd1] INFO  c.e.w.l.TransactionLoggingFilter - [TRANSACTION] endpoint=/api/trainer-workload/jane.smith method=GET transactionId=ed56c07b-841b-424b-adc2-b2a28380cfd1
2026-05-28 19:00:54 [http-nio-8081-exec-5] [txId=ed56c07b-841b-424b-adc2-b2a28380cfd1] INFO  c.e.w.c.TrainerWorkloadController - Fetching workload summary for trainer 'jane.smith'
2026-05-28 19:00:54 [http-nio-8081-exec-5] [txId=ed56c07b-841b-424b-adc2-b2a28380cfd1] WARN  c.e.w.c.TrainerWorkloadController - No summary found for trainer 'jane.smith'
2026-05-28 19:00:54 [http-nio-8081-exec-5] [txId=ed56c07b-841b-424b-adc2-b2a28380cfd1] INFO  c.e.w.l.TransactionLoggingFilter - [TRANSACTION] endpoint=/api/trainer-workload/jane.smith status=404 transactionId=ed56c07b-841b-424b-adc2-b2a28380cfd1
2026-05-28 19:01:13 [http-nio-8081-exec-6] [txId=] INFO  o.a.coyote.http11.Http11Processor - Error parsing HTTP request header
 Note: further occurrences of HTTP request parsing errors will be logged at DEBUG level.
java.lang.IllegalArgumentException: Invalid character found in method name [0x160x030x010x000xf30x010x000x000xef0x030x030xb60x960xd0}0xa50xb00x000x180xb7u0x1e0x800x040xfc0x8f0x93820x980xe40xcf0x130x86C0x960x0b0xb40x960xfc,#c ]. HTTP method names must be tokens
	at org.apache.coyote.http11.Http11InputBuffer.parseRequestLine(Http11InputBuffer.java:407)
	at org.apache.coyote.http11.Http11Processor.service(Http11Processor.java:264)
	at org.apache.coyote.AbstractProcessorLight.process(AbstractProcessorLight.java:63)
	at org.apache.coyote.AbstractProtocol$ConnectionHandler.process(AbstractProtocol.java:896)
	at org.apache.tomcat.util.net.NioEndpoint$SocketProcessor.doRun(NioEndpoint.java:1744)
	at org.apache.tomcat.util.net.SocketProcessorBase.run(SocketProcessorBase.java:52)
	at org.apache.tomcat.util.threads.ThreadPoolExecutor.runWorker(ThreadPoolExecutor.java:1191)
	at org.apache.tomcat.util.threads.ThreadPoolExecutor$Worker.run(ThreadPoolExecutor.java:659)
	at org.apache.tomcat.util.threads.TaskThread$WrappingRunnable.run(TaskThread.java:61)
	at java.base/java.lang.Thread.run(Thread.java:840)
2026-05-28 19:01:41 [http-nio-8081-exec-10] [txId=4c38fed0-3b66-427f-9c9a-d359e074d4a3] INFO  c.e.w.l.TransactionLoggingFilter - [TRANSACTION] endpoint=/api/trainer-workload/john.smith method=GET transactionId=4c38fed0-3b66-427f-9c9a-d359e074d4a3
2026-05-28 19:01:41 [http-nio-8081-exec-10] [txId=4c38fed0-3b66-427f-9c9a-d359e074d4a3] INFO  c.e.w.c.TrainerWorkloadController - Fetching workload summary for trainer 'john.smith'
2026-05-28 19:01:41 [http-nio-8081-exec-10] [txId=4c38fed0-3b66-427f-9c9a-d359e074d4a3] WARN  c.e.w.c.TrainerWorkloadController - No summary found for trainer 'john.smith'
2026-05-28 19:01:41 [http-nio-8081-exec-10] [txId=4c38fed0-3b66-427f-9c9a-d359e074d4a3] INFO  c.e.w.l.TransactionLoggingFilter - [TRANSACTION] endpoint=/api/trainer-workload/john.smith status=404 transactionId=4c38fed0-3b66-427f-9c9a-d359e074d4a3
2026-05-28 19:02:01 [http-nio-8081-exec-1] [txId=da40da7b-b00d-411c-b431-42acfcc99bb4] INFO  c.e.w.l.TransactionLoggingFilter - [TRANSACTION] endpoint=/api/trainer-workload/jane.smith method=GET transactionId=da40da7b-b00d-411c-b431-42acfcc99bb4
2026-05-28 19:02:01 [http-nio-8081-exec-1] [txId=da40da7b-b00d-411c-b431-42acfcc99bb4] INFO  c.e.w.c.TrainerWorkloadController - Fetching workload summary for trainer 'jane.smith'
2026-05-28 19:02:01 [http-nio-8081-exec-1] [txId=da40da7b-b00d-411c-b431-42acfcc99bb4] WARN  c.e.w.c.TrainerWorkloadController - No summary found for trainer 'jane.smith'
2026-05-28 19:02:01 [http-nio-8081-exec-1] [txId=da40da7b-b00d-411c-b431-42acfcc99bb4] INFO  c.e.w.l.TransactionLoggingFilter - [TRANSACTION] endpoint=/api/trainer-workload/jane.smith status=404 transactionId=da40da7b-b00d-411c-b431-42acfcc99bb4
2026-05-28 19:02:55 [AsyncResolver-bootstrap-executor-0] [txId=] INFO  c.n.d.s.r.aws.ConfigClusterResolver - Resolving eureka endpoints via configuration
2026-05-28 19:03:09 [org.springframework.jms.JmsListenerEndpointContainer#0-1] [txId=] WARN  o.s.j.l.DefaultMessageListenerContainer - Execution of JMS message listener failed, and no ErrorHandler has been set.
org.springframework.jms.listener.adapter.ListenerExecutionFailedException: Listener method 'public void com.epam.workload.messaging.WorkloadMessageListener.onWorkloadMessage(com.epam.workload.dto.TrainerWorkloadRequest,java.lang.String)' threw exception
	at org.springframework.jms.listener.adapter.MessagingMessageListenerAdapter.invokeHandler(MessagingMessageListenerAdapter.java:118)
	at org.springframework.jms.listener.adapter.MessagingMessageListenerAdapter.onMessage(MessagingMessageListenerAdapter.java:84)
	at org.springframework.jms.listener.AbstractMessageListenerContainer.doInvokeListener(AbstractMessageListenerContainer.java:783)
	at org.springframework.jms.listener.AbstractMessageListenerContainer.invokeListener(AbstractMessageListenerContainer.java:741)
	at org.springframework.jms.listener.AbstractMessageListenerContainer.doExecuteListener(AbstractMessageListenerContainer.java:719)
	at org.springframework.jms.listener.AbstractPollingMessageListenerContainer.doReceiveAndExecute(AbstractPollingMessageListenerContainer.java:333)
	at org.springframework.jms.listener.AbstractPollingMessageListenerContainer.receiveAndExecute(AbstractPollingMessageListenerContainer.java:270)
	at org.springframework.jms.listener.DefaultMessageListenerContainer$AsyncMessageListenerInvoker.invokeListener(DefaultMessageListenerContainer.java:1258)
	at org.springframework.jms.listener.DefaultMessageListenerContainer$AsyncMessageListenerInvoker.executeOngoingLoop(DefaultMessageListenerContainer.java:1248)
	at org.springframework.jms.listener.DefaultMessageListenerContainer$AsyncMessageListenerInvoker.run(DefaultMessageListenerContainer.java:1141)
	at java.base/java.lang.Thread.run(Thread.java:840)
Caused by: org.springframework.jms.support.converter.MessageConversionException: Failed to resolve type id [com.epam.training.dto.TrainerWorkloadRequest]
	at org.springframework.jms.support.converter.MappingJackson2MessageConverter.getJavaTypeForMessage(MappingJackson2MessageConverter.java:471)
	at org.springframework.jms.support.converter.MappingJackson2MessageConverter.fromMessage(MappingJackson2MessageConverter.java:241)
	at org.springframework.jms.listener.adapter.AbstractAdaptableMessageListener.extractMessage(AbstractAdaptableMessageListener.java:250)
	at org.springframework.jms.listener.adapter.AbstractAdaptableMessageListener$MessagingMessageConverterAdapter.extractPayload(AbstractAdaptableMessageListener.java:472)
	at org.springframework.jms.listener.adapter.AbstractAdaptableMessageListener$MessagingMessageConverterAdapter$LazyResolutionMessage.unwrapPayload(AbstractAdaptableMessageListener.java:539)
	at org.springframework.jms.listener.adapter.AbstractAdaptableMessageListener$MessagingMessageConverterAdapter$LazyResolutionMessage.getPayload(AbstractAdaptableMessageListener.java:521)
	at org.springframework.messaging.handler.annotation.support.PayloadMethodArgumentResolver.resolveArgument(PayloadMethodArgumentResolver.java:122)
	at org.springframework.messaging.handler.invocation.HandlerMethodArgumentResolverComposite.resolveArgument(HandlerMethodArgumentResolverComposite.java:118)
	at org.springframework.messaging.handler.invocation.InvocableHandlerMethod.getMethodArgumentValues(InvocableHandlerMethod.java:147)
	at org.springframework.messaging.handler.invocation.InvocableHandlerMethod.invoke(InvocableHandlerMethod.java:115)
	at org.springframework.jms.listener.adapter.MessagingMessageListenerAdapter.invokeHandler(MessagingMessageListenerAdapter.java:110)
	... 10 common frames omitted
Caused by: java.lang.ClassNotFoundException: com.epam.training.dto.TrainerWorkloadRequest
	at java.base/jdk.internal.loader.BuiltinClassLoader.loadClass(BuiltinClassLoader.java:641)
	at java.base/jdk.internal.loader.ClassLoaders$AppClassLoader.loadClass(ClassLoaders.java:188)
	at java.base/java.lang.ClassLoader.loadClass(ClassLoader.java:525)
	at java.base/java.lang.Class.forName0(Native Method)
	at java.base/java.lang.Class.forName(Class.java:469)
	at org.springframework.util.ClassUtils.forName(ClassUtils.java:304)
	at org.springframework.jms.support.converter.MappingJackson2MessageConverter.getJavaTypeForMessage(MappingJackson2MessageConverter.java:467)
	... 20 common frames omitted
2026-05-28 19:03:10 [org.springframework.jms.JmsListenerEndpointContainer#0-1] [txId=] WARN  o.s.j.l.DefaultMessageListenerContainer - Execution of JMS message listener failed, and no ErrorHandler has been set.
org.springframework.jms.listener.adapter.ListenerExecutionFailedException: Listener method 'public void com.epam.workload.messaging.WorkloadMessageListener.onWorkloadMessage(com.epam.workload.dto.TrainerWorkloadRequest,java.lang.String)' threw exception
	at org.springframework.jms.listener.adapter.MessagingMessageListenerAdapter.invokeHandler(MessagingMessageListenerAdapter.java:118)
	at org.springframework.jms.listener.adapter.MessagingMessageListenerAdapter.onMessage(MessagingMessageListenerAdapter.java:84)
	at org.springframework.jms.listener.AbstractMessageListenerContainer.doInvokeListener(AbstractMessageListenerContainer.java:783)
	at org.springframework.jms.listener.AbstractMessageListenerContainer.invokeListener(AbstractMessageListenerContainer.java:741)
	at org.springframework.jms.listener.AbstractMessageListenerContainer.doExecuteListener(AbstractMessageListenerContainer.java:719)
	at org.springframework.jms.listener.AbstractPollingMessageListenerContainer.doReceiveAndExecute(AbstractPollingMessageListenerContainer.java:333)
	at org.springframework.jms.listener.AbstractPollingMessageListenerContainer.receiveAndExecute(AbstractPollingMessageListenerContainer.java:270)
	at org.springframework.jms.listener.DefaultMessageListenerContainer$AsyncMessageListenerInvoker.invokeListener(DefaultMessageListenerContainer.java:1258)
	at org.springframework.jms.listener.DefaultMessageListenerContainer$AsyncMessageListenerInvoker.executeOngoingLoop(DefaultMessageListenerContainer.java:1248)
	at org.springframework.jms.listener.DefaultMessageListenerContainer$AsyncMessageListenerInvoker.run(DefaultMessageListenerContainer.java:1141)
	at java.base/java.lang.Thread.run(Thread.java:840)
Caused by: org.springframework.jms.support.converter.MessageConversionException: Failed to resolve type id [com.epam.training.dto.TrainerWorkloadRequest]
	at org.springframework.jms.support.converter.MappingJackson2MessageConverter.getJavaTypeForMessage(MappingJackson2MessageConverter.java:471)
	at org.springframework.jms.support.converter.MappingJackson2MessageConverter.fromMessage(MappingJackson2MessageConverter.java:241)
	at org.springframework.jms.listener.adapter.AbstractAdaptableMessageListener.extractMessage(AbstractAdaptableMessageListener.java:250)
	at org.springframework.jms.listener.adapter.AbstractAdaptableMessageListener$MessagingMessageConverterAdapter.extractPayload(AbstractAdaptableMessageListener.java:472)
	at org.springframework.jms.listener.adapter.AbstractAdaptableMessageListener$MessagingMessageConverterAdapter$LazyResolutionMessage.unwrapPayload(AbstractAdaptableMessageListener.java:539)
	at org.springframework.jms.listener.adapter.AbstractAdaptableMessageListener$MessagingMessageConverterAdapter$LazyResolutionMessage.getPayload(AbstractAdaptableMessageListener.java:521)
	at org.springframework.messaging.handler.annotation.support.PayloadMethodArgumentResolver.resolveArgument(PayloadMethodArgumentResolver.java:122)
	at org.springframework.messaging.handler.invocation.HandlerMethodArgumentResolverComposite.resolveArgument(HandlerMethodArgumentResolverComposite.java:118)
	at org.springframework.messaging.handler.invocation.InvocableHandlerMethod.getMethodArgumentValues(InvocableHandlerMethod.java:147)
	at org.springframework.messaging.handler.invocation.InvocableHandlerMethod.invoke(InvocableHandlerMethod.java:115)
	at org.springframework.jms.listener.adapter.MessagingMessageListenerAdapter.invokeHandler(MessagingMessageListenerAdapter.java:110)
	... 10 common frames omitted
Caused by: java.lang.ClassNotFoundException: com.epam.training.dto.TrainerWorkloadRequest
	at java.base/jdk.internal.loader.BuiltinClassLoader.loadClass(BuiltinClassLoader.java:641)
	at java.base/jdk.internal.loader.ClassLoaders$AppClassLoader.loadClass(ClassLoaders.java:188)
	at java.base/java.lang.ClassLoader.loadClass(ClassLoader.java:525)
	at java.base/java.lang.Class.forName0(Native Method)
	at java.base/java.lang.Class.forName(Class.java:469)
	at org.springframework.util.ClassUtils.forName(ClassUtils.java:304)
	at org.springframework.jms.support.converter.MappingJackson2MessageConverter.getJavaTypeForMessage(MappingJackson2MessageConverter.java:467)
	... 20 common frames omitted
2026-05-28 19:03:12 [org.springframework.jms.JmsListenerEndpointContainer#0-1] [txId=] WARN  o.s.j.l.DefaultMessageListenerContainer - Execution of JMS message listener failed, and no ErrorHandler has been set.
org.springframework.jms.listener.adapter.ListenerExecutionFailedException: Listener method 'public void com.epam.workload.messaging.WorkloadMessageListener.onWorkloadMessage(com.epam.workload.dto.TrainerWorkloadRequest,java.lang.String)' threw exception
	at org.springframework.jms.listener.adapter.MessagingMessageListenerAdapter.invokeHandler(MessagingMessageListenerAdapter.java:118)
	at org.springframework.jms.listener.adapter.MessagingMessageListenerAdapter.onMessage(MessagingMessageListenerAdapter.java:84)
	at org.springframework.jms.listener.AbstractMessageListenerContainer.doInvokeListener(AbstractMessageListenerContainer.java:783)
	at org.springframework.jms.listener.AbstractMessageListenerContainer.invokeListener(AbstractMessageListenerContainer.java:741)
	at org.springframework.jms.listener.AbstractMessageListenerContainer.doExecuteListener(AbstractMessageListenerContainer.java:719)
	at org.springframework.jms.listener.AbstractPollingMessageListenerContainer.doReceiveAndExecute(AbstractPollingMessageListenerContainer.java:333)
	at org.springframework.jms.listener.AbstractPollingMessageListenerContainer.receiveAndExecute(AbstractPollingMessageListenerContainer.java:270)
	at org.springframework.jms.listener.DefaultMessageListenerContainer$AsyncMessageListenerInvoker.invokeListener(DefaultMessageListenerContainer.java:1258)
	at org.springframework.jms.listener.DefaultMessageListenerContainer$AsyncMessageListenerInvoker.executeOngoingLoop(DefaultMessageListenerContainer.java:1248)
	at org.springframework.jms.listener.DefaultMessageListenerContainer$AsyncMessageListenerInvoker.run(DefaultMessageListenerContainer.java:1141)
	at java.base/java.lang.Thread.run(Thread.java:840)
Caused by: org.springframework.jms.support.converter.MessageConversionException: Failed to resolve type id [com.epam.training.dto.TrainerWorkloadRequest]
	at org.springframework.jms.support.converter.MappingJackson2MessageConverter.getJavaTypeForMessage(MappingJackson2MessageConverter.java:471)
	at org.springframework.jms.support.converter.MappingJackson2MessageConverter.fromMessage(MappingJackson2MessageConverter.java:241)
	at org.springframework.jms.listener.adapter.AbstractAdaptableMessageListener.extractMessage(AbstractAdaptableMessageListener.java:250)
	at org.springframework.jms.listener.adapter.AbstractAdaptableMessageListener$MessagingMessageConverterAdapter.extractPayload(AbstractAdaptableMessageListener.java:472)
	at org.springframework.jms.listener.adapter.AbstractAdaptableMessageListener$MessagingMessageConverterAdapter$LazyResolutionMessage.unwrapPayload(AbstractAdaptableMessageListener.java:539)
	at org.springframework.jms.listener.adapter.AbstractAdaptableMessageListener$MessagingMessageConverterAdapter$LazyResolutionMessage.getPayload(AbstractAdaptableMessageListener.java:521)
	at org.springframework.messaging.handler.annotation.support.PayloadMethodArgumentResolver.resolveArgument(PayloadMethodArgumentResolver.java:122)
	at org.springframework.messaging.handler.invocation.HandlerMethodArgumentResolverComposite.resolveArgument(HandlerMethodArgumentResolverComposite.java:118)
	at org.springframework.messaging.handler.invocation.InvocableHandlerMethod.getMethodArgumentValues(InvocableHandlerMethod.java:147)
	at org.springframework.messaging.handler.invocation.InvocableHandlerMethod.invoke(InvocableHandlerMethod.java:115)
	at org.springframework.jms.listener.adapter.MessagingMessageListenerAdapter.invokeHandler(MessagingMessageListenerAdapter.java:110)
	... 10 common frames omitted
Caused by: java.lang.ClassNotFoundException: com.epam.training.dto.TrainerWorkloadRequest
	at java.base/jdk.internal.loader.BuiltinClassLoader.loadClass(BuiltinClassLoader.java:641)
	at java.base/jdk.internal.loader.ClassLoaders$AppClassLoader.loadClass(ClassLoaders.java:188)
	at java.base/java.lang.ClassLoader.loadClass(ClassLoader.java:525)
	at java.base/java.lang.Class.forName0(Native Method)
	at java.base/java.lang.Class.forName(Class.java:469)
	at org.springframework.util.ClassUtils.forName(ClassUtils.java:304)
	at org.springframework.jms.support.converter.MappingJackson2MessageConverter.getJavaTypeForMessage(MappingJackson2MessageConverter.java:467)
	... 20 common frames omitted
2026-05-28 19:03:16 [org.springframework.jms.JmsListenerEndpointContainer#0-1] [txId=] WARN  o.s.j.l.DefaultMessageListenerContainer - Execution of JMS message listener failed, and no ErrorHandler has been set.
org.springframework.jms.listener.adapter.ListenerExecutionFailedException: Listener method 'public void com.epam.workload.messaging.WorkloadMessageListener.onWorkloadMessage(com.epam.workload.dto.TrainerWorkloadRequest,java.lang.String)' threw exception
	at org.springframework.jms.listener.adapter.MessagingMessageListenerAdapter.invokeHandler(MessagingMessageListenerAdapter.java:118)
	at org.springframework.jms.listener.adapter.MessagingMessageListenerAdapter.onMessage(MessagingMessageListenerAdapter.java:84)
	at org.springframework.jms.listener.AbstractMessageListenerContainer.doInvokeListener(AbstractMessageListenerContainer.java:783)
	at org.springframework.jms.listener.AbstractMessageListenerContainer.invokeListener(AbstractMessageListenerContainer.java:741)
	at org.springframework.jms.listener.AbstractMessageListenerContainer.doExecuteListener(AbstractMessageListenerContainer.java:719)
	at org.springframework.jms.listener.AbstractPollingMessageListenerContainer.doReceiveAndExecute(AbstractPollingMessageListenerContainer.java:333)
	at org.springframework.jms.listener.AbstractPollingMessageListenerContainer.receiveAndExecute(AbstractPollingMessageListenerContainer.java:270)
	at org.springframework.jms.listener.DefaultMessageListenerContainer$AsyncMessageListenerInvoker.invokeListener(DefaultMessageListenerContainer.java:1258)
	at org.springframework.jms.listener.DefaultMessageListenerContainer$AsyncMessageListenerInvoker.executeOngoingLoop(DefaultMessageListenerContainer.java:1248)
	at org.springframework.jms.listener.DefaultMessageListenerContainer$AsyncMessageListenerInvoker.run(DefaultMessageListenerContainer.java:1141)
	at java.base/java.lang.Thread.run(Thread.java:840)
Caused by: org.springframework.jms.support.converter.MessageConversionException: Failed to resolve type id [com.epam.training.dto.TrainerWorkloadRequest]
	at org.springframework.jms.support.converter.MappingJackson2MessageConverter.getJavaTypeForMessage(MappingJackson2MessageConverter.java:471)
	at org.springframework.jms.support.converter.MappingJackson2MessageConverter.fromMessage(MappingJackson2MessageConverter.java:241)
	at org.springframework.jms.listener.adapter.AbstractAdaptableMessageListener.extractMessage(AbstractAdaptableMessageListener.java:250)
	at org.springframework.jms.listener.adapter.AbstractAdaptableMessageListener$MessagingMessageConverterAdapter.extractPayload(AbstractAdaptableMessageListener.java:472)
	at org.springframework.jms.listener.adapter.AbstractAdaptableMessageListener$MessagingMessageConverterAdapter$LazyResolutionMessage.unwrapPayload(AbstractAdaptableMessageListener.java:539)
	at org.springframework.jms.listener.adapter.AbstractAdaptableMessageListener$MessagingMessageConverterAdapter$LazyResolutionMessage.getPayload(AbstractAdaptableMessageListener.java:521)
	at org.springframework.messaging.handler.annotation.support.PayloadMethodArgumentResolver.resolveArgument(PayloadMethodArgumentResolver.java:122)
	at org.springframework.messaging.handler.invocation.HandlerMethodArgumentResolverComposite.resolveArgument(HandlerMethodArgumentResolverComposite.java:118)
	at org.springframework.messaging.handler.invocation.InvocableHandlerMethod.getMethodArgumentValues(InvocableHandlerMethod.java:147)
	at org.springframework.messaging.handler.invocation.InvocableHandlerMethod.invoke(InvocableHandlerMethod.java:115)
	at org.springframework.jms.listener.adapter.MessagingMessageListenerAdapter.invokeHandler(MessagingMessageListenerAdapter.java:110)
	... 10 common frames omitted
Caused by: java.lang.ClassNotFoundException: com.epam.training.dto.TrainerWorkloadRequest
	at java.base/jdk.internal.loader.BuiltinClassLoader.loadClass(BuiltinClassLoader.java:641)
	at java.base/jdk.internal.loader.ClassLoaders$AppClassLoader.loadClass(ClassLoaders.java:188)
	at java.base/java.lang.ClassLoader.loadClass(ClassLoader.java:525)
	at java.base/java.lang.Class.forName0(Native Method)
	at java.base/java.lang.Class.forName(Class.java:469)
	at org.springframework.util.ClassUtils.forName(ClassUtils.java:304)
	at org.springframework.jms.support.converter.MappingJackson2MessageConverter.getJavaTypeForMessage(MappingJackson2MessageConverter.java:467)
	... 20 common frames omitted
2026-05-28 19:03:17 [http-nio-8081-exec-3] [txId=cc22ad35-6136-457d-aeb6-e301279b75b7] INFO  c.e.w.l.TransactionLoggingFilter - [TRANSACTION] endpoint=/api/trainer-workload/john.smith method=GET transactionId=cc22ad35-6136-457d-aeb6-e301279b75b7
2026-05-28 19:03:17 [http-nio-8081-exec-3] [txId=cc22ad35-6136-457d-aeb6-e301279b75b7] INFO  c.e.w.c.TrainerWorkloadController - Fetching workload summary for trainer 'john.smith'
2026-05-28 19:03:17 [http-nio-8081-exec-3] [txId=cc22ad35-6136-457d-aeb6-e301279b75b7] WARN  c.e.w.c.TrainerWorkloadController - No summary found for trainer 'john.smith'
2026-05-28 19:03:17 [http-nio-8081-exec-3] [txId=cc22ad35-6136-457d-aeb6-e301279b75b7] INFO  c.e.w.l.TransactionLoggingFilter - [TRANSACTION] endpoint=/api/trainer-workload/john.smith status=404 transactionId=cc22ad35-6136-457d-aeb6-e301279b75b7
2026-05-28 19:03:36 [http-nio-8081-exec-4] [txId=6265ddcc-404e-4814-aab7-aeddf22d6cd0] INFO  c.e.w.l.TransactionLoggingFilter - [TRANSACTION] endpoint=/api/trainer-workload/john.smith method=GET transactionId=6265ddcc-404e-4814-aab7-aeddf22d6cd0
2026-05-28 19:03:36 [http-nio-8081-exec-4] [txId=6265ddcc-404e-4814-aab7-aeddf22d6cd0] INFO  c.e.w.c.TrainerWorkloadController - Fetching workload summary for trainer 'john.smith'
2026-05-28 19:03:36 [http-nio-8081-exec-4] [txId=6265ddcc-404e-4814-aab7-aeddf22d6cd0] WARN  c.e.w.c.TrainerWorkloadController - No summary found for trainer 'john.smith'
2026-05-28 19:03:36 [http-nio-8081-exec-4] [txId=6265ddcc-404e-4814-aab7-aeddf22d6cd0] INFO  c.e.w.l.TransactionLoggingFilter - [TRANSACTION] endpoint=/api/trainer-workload/john.smith status=404 transactionId=6265ddcc-404e-4814-aab7-aeddf22d6cd0
2026-05-28 19:04:51 [http-nio-8081-exec-6] [txId=d8947015-c885-40ca-9b22-dea99fd82c83] INFO  c.e.w.l.TransactionLoggingFilter - [TRANSACTION] endpoint=/api/trainer-workload/john.smith method=GET transactionId=d8947015-c885-40ca-9b22-dea99fd82c83
2026-05-28 19:04:51 [http-nio-8081-exec-6] [txId=d8947015-c885-40ca-9b22-dea99fd82c83] INFO  c.e.w.c.TrainerWorkloadController - Fetching workload summary for trainer 'john.smith'
2026-05-28 19:04:51 [http-nio-8081-exec-6] [txId=d8947015-c885-40ca-9b22-dea99fd82c83] WARN  c.e.w.c.TrainerWorkloadController - No summary found for trainer 'john.smith'
2026-05-28 19:04:51 [http-nio-8081-exec-6] [txId=d8947015-c885-40ca-9b22-dea99fd82c83] INFO  c.e.w.l.TransactionLoggingFilter - [TRANSACTION] endpoint=/api/trainer-workload/john.smith status=404 transactionId=d8947015-c885-40ca-9b22-dea99fd82c83
2026-05-28 19:07:55 [AsyncResolver-bootstrap-executor-0] [txId=] INFO  c.n.d.s.r.aws.ConfigClusterResolver - Resolving eureka endpoints via configuration
2026-05-28 19:09:06 [SpringApplicationShutdownHook] [txId=] INFO  o.s.c.n.e.s.EurekaServiceRegistry - Unregistering application TRAINER-WORKLOAD-SERVICE with eureka with status DOWN
2026-05-28 19:09:06 [SpringApplicationShutdownHook] [txId=] INFO  c.netflix.discovery.DiscoveryClient - Saw local status change event StatusChangeEvent [timestamp=1779980946526, current=DOWN, previous=UP]
2026-05-28 19:09:06 [DiscoveryClient-InstanceInfoReplicator-0] [txId=] INFO  c.netflix.discovery.DiscoveryClient - DiscoveryClient_TRAINER-WORKLOAD-SERVICE/192.168.15.146:trainer-workload-service:8081: registering service...
2026-05-28 19:09:06 [DiscoveryClient-InstanceInfoReplicator-0] [txId=] INFO  c.netflix.discovery.DiscoveryClient - DiscoveryClient_TRAINER-WORKLOAD-SERVICE/192.168.15.146:trainer-workload-service:8081 - registration status: 204
2026-05-28 19:09:07 [SpringApplicationShutdownHook] [txId=] INFO  c.netflix.discovery.DiscoveryClient - Shutting down DiscoveryClient ...
2026-05-28 19:09:10 [SpringApplicationShutdownHook] [txId=] INFO  c.netflix.discovery.DiscoveryClient - Unregistering ...
2026-05-28 19:09:10 [SpringApplicationShutdownHook] [txId=] INFO  c.netflix.discovery.DiscoveryClient - DiscoveryClient_TRAINER-WORKLOAD-SERVICE/192.168.15.146:trainer-workload-service:8081 - deregister  status: 200
2026-05-28 19:09:10 [SpringApplicationShutdownHook] [txId=] INFO  c.netflix.discovery.DiscoveryClient - Completed shut down of DiscoveryClient
2026-05-28 19:09:22 [main] [txId=] INFO  c.e.w.TrainerWorkloadApplication - Starting TrainerWorkloadApplication using Java 17.0.18 with PID 67994 (/Users/mariagevorgyan/Documents/Epam_Task1_Spring/trainer-workload-service/target/classes started by mariagevorgyan in /Users/mariagevorgyan/Documents/Epam_Task1_Spring/trainer-workload-service)
2026-05-28 19:09:22 [main] [txId=] DEBUG c.e.w.TrainerWorkloadApplication - Running with Spring Boot v3.2.0, Spring v6.1.1
2026-05-28 19:09:22 [main] [txId=] INFO  c.e.w.TrainerWorkloadApplication - No active profile set, falling back to 1 default profile: "default"
2026-05-28 19:09:22 [main] [txId=] INFO  o.s.cloud.context.scope.GenericScope - BeanFactory id=b44c9ad6-fa87-3038-b78f-4eb651794c00
2026-05-28 19:09:22 [main] [txId=] WARN  o.s.c.s.PostProcessorRegistrationDelegate$BeanPostProcessorChecker - Bean 'org.springframework.cloud.client.loadbalancer.LoadBalancerAutoConfiguration$LoadBalancerInterceptorConfig' of type [org.springframework.cloud.client.loadbalancer.LoadBalancerAutoConfiguration$LoadBalancerInterceptorConfig] is not eligible for getting processed by all BeanPostProcessors (for example: not eligible for auto-proxying). The currently created BeanPostProcessor [lbRestClientPostProcessor] is declared through a non-static factory method on that class; consider declaring it as static instead.
2026-05-28 19:09:22 [main] [txId=] WARN  o.s.c.s.PostProcessorRegistrationDelegate$BeanPostProcessorChecker - Bean 'org.springframework.cloud.loadbalancer.config.BlockingLoadBalancerClientAutoConfiguration' of type [org.springframework.cloud.loadbalancer.config.BlockingLoadBalancerClientAutoConfiguration] is not eligible for getting processed by all BeanPostProcessors (for example: not eligible for auto-proxying). Is this bean getting eagerly injected into a currently created BeanPostProcessor [lbRestClientPostProcessor]? Check the corresponding BeanPostProcessor declaration and its dependencies.
2026-05-28 19:09:22 [main] [txId=] WARN  o.s.c.s.PostProcessorRegistrationDelegate$BeanPostProcessorChecker - Bean 'org.springframework.cloud.loadbalancer.config.LoadBalancerAutoConfiguration' of type [org.springframework.cloud.loadbalancer.config.LoadBalancerAutoConfiguration] is not eligible for getting processed by all BeanPostProcessors (for example: not eligible for auto-proxying). Is this bean getting eagerly injected into a currently created BeanPostProcessor [lbRestClientPostProcessor]? Check the corresponding BeanPostProcessor declaration and its dependencies.
2026-05-28 19:09:22 [main] [txId=] WARN  o.s.c.s.PostProcessorRegistrationDelegate$BeanPostProcessorChecker - Bean 'org.springframework.cloud.commons.config.CommonsConfigAutoConfiguration' of type [org.springframework.cloud.commons.config.CommonsConfigAutoConfiguration] is not eligible for getting processed by all BeanPostProcessors (for example: not eligible for auto-proxying). Is this bean getting eagerly injected into a currently created BeanPostProcessor [lbRestClientPostProcessor]? Check the corresponding BeanPostProcessor declaration and its dependencies.
2026-05-28 19:09:22 [main] [txId=] WARN  o.s.c.s.PostProcessorRegistrationDelegate$BeanPostProcessorChecker - Bean 'org.springframework.cloud.client.loadbalancer.LoadBalancerDefaultMappingsProviderAutoConfiguration' of type [org.springframework.cloud.client.loadbalancer.LoadBalancerDefaultMappingsProviderAutoConfiguration] is not eligible for getting processed by all BeanPostProcessors (for example: not eligible for auto-proxying). Is this bean getting eagerly injected into a currently created BeanPostProcessor [lbRestClientPostProcessor]? Check the corresponding BeanPostProcessor declaration and its dependencies.
2026-05-28 19:09:22 [main] [txId=] WARN  o.s.c.s.PostProcessorRegistrationDelegate$BeanPostProcessorChecker - Bean 'loadBalancerClientsDefaultsMappingsProvider' of type [org.springframework.cloud.client.loadbalancer.LoadBalancerDefaultMappingsProviderAutoConfiguration$$Lambda$549/0x000000d801377398] is not eligible for getting processed by all BeanPostProcessors (for example: not eligible for auto-proxying). Is this bean getting eagerly injected into a currently created BeanPostProcessor [lbRestClientPostProcessor]? Check the corresponding BeanPostProcessor declaration and its dependencies.
2026-05-28 19:09:22 [main] [txId=] WARN  o.s.c.s.PostProcessorRegistrationDelegate$BeanPostProcessorChecker - Bean 'defaultsBindHandlerAdvisor' of type [org.springframework.cloud.commons.config.DefaultsBindHandlerAdvisor] is not eligible for getting processed by all BeanPostProcessors (for example: not eligible for auto-proxying). Is this bean getting eagerly injected into a currently created BeanPostProcessor [lbRestClientPostProcessor]? Check the corresponding BeanPostProcessor declaration and its dependencies.
2026-05-28 19:09:22 [main] [txId=] WARN  o.s.c.s.PostProcessorRegistrationDelegate$BeanPostProcessorChecker - Bean 'spring.cloud.loadbalancer-org.springframework.cloud.client.loadbalancer.LoadBalancerClientsProperties' of type [org.springframework.cloud.client.loadbalancer.LoadBalancerClientsProperties] is not eligible for getting processed by all BeanPostProcessors (for example: not eligible for auto-proxying). Is this bean getting eagerly injected into a currently created BeanPostProcessor [lbRestClientPostProcessor]? Check the corresponding BeanPostProcessor declaration and its dependencies.
2026-05-28 19:09:22 [main] [txId=] WARN  o.s.c.s.PostProcessorRegistrationDelegate$BeanPostProcessorChecker - Bean 'default.org.springframework.cloud.loadbalancer.config.LoadBalancerAutoConfiguration.LoadBalancerClientSpecification' of type [org.springframework.cloud.loadbalancer.annotation.LoadBalancerClientSpecification] is not eligible for getting processed by all BeanPostProcessors (for example: not eligible for auto-proxying). Is this bean getting eagerly injected into a currently created BeanPostProcessor [lbRestClientPostProcessor]? Check the corresponding BeanPostProcessor declaration and its dependencies.
2026-05-28 19:09:22 [main] [txId=] WARN  o.s.c.s.PostProcessorRegistrationDelegate$BeanPostProcessorChecker - Bean 'default.org.springframework.cloud.loadbalancer.config.BlockingLoadBalancerClientAutoConfiguration.LoadBalancerClientSpecification' of type [org.springframework.cloud.loadbalancer.annotation.LoadBalancerClientSpecification] is not eligible for getting processed by all BeanPostProcessors (for example: not eligible for auto-proxying). Is this bean getting eagerly injected into a currently created BeanPostProcessor [lbRestClientPostProcessor]? Check the corresponding BeanPostProcessor declaration and its dependencies.
2026-05-28 19:09:22 [main] [txId=] WARN  o.s.c.s.PostProcessorRegistrationDelegate$BeanPostProcessorChecker - Bean 'default.org.springframework.cloud.netflix.eureka.loadbalancer.LoadBalancerEurekaAutoConfiguration.LoadBalancerClientSpecification' of type [org.springframework.cloud.loadbalancer.annotation.LoadBalancerClientSpecification] is not eligible for getting processed by all BeanPostProcessors (for example: not eligible for auto-proxying). Is this bean getting eagerly injected into a currently created BeanPostProcessor [lbRestClientPostProcessor]? Check the corresponding BeanPostProcessor declaration and its dependencies.
2026-05-28 19:09:22 [main] [txId=] WARN  o.s.c.s.PostProcessorRegistrationDelegate$BeanPostProcessorChecker - Bean 'loadBalancerClientFactory' of type [org.springframework.cloud.loadbalancer.support.LoadBalancerClientFactory] is not eligible for getting processed by all BeanPostProcessors (for example: not eligible for auto-proxying). Is this bean getting eagerly injected into a currently created BeanPostProcessor [lbRestClientPostProcessor]? Check the corresponding BeanPostProcessor declaration and its dependencies.
2026-05-28 19:09:22 [main] [txId=] WARN  o.s.c.s.PostProcessorRegistrationDelegate$BeanPostProcessorChecker - Bean 'blockingLoadBalancerClient' of type [org.springframework.cloud.loadbalancer.blocking.client.BlockingLoadBalancerClient] is not eligible for getting processed by all BeanPostProcessors (for example: not eligible for auto-proxying). Is this bean getting eagerly injected into a currently created BeanPostProcessor [lbRestClientPostProcessor]? Check the corresponding BeanPostProcessor declaration and its dependencies.
2026-05-28 19:09:22 [main] [txId=] WARN  o.s.c.s.PostProcessorRegistrationDelegate$BeanPostProcessorChecker - Bean 'loadBalancerServiceInstanceCookieTransformer' of type [org.springframework.cloud.loadbalancer.core.LoadBalancerServiceInstanceCookieTransformer] is not eligible for getting processed by all BeanPostProcessors (for example: not eligible for auto-proxying). Is this bean getting eagerly injected into a currently created BeanPostProcessor [lbRestClientPostProcessor]? Check the corresponding BeanPostProcessor declaration and its dependencies.
2026-05-28 19:09:22 [main] [txId=] WARN  o.s.c.s.PostProcessorRegistrationDelegate$BeanPostProcessorChecker - Bean 'xForwarderHeadersTransformer' of type [org.springframework.cloud.loadbalancer.blocking.XForwardedHeadersTransformer] is not eligible for getting processed by all BeanPostProcessors (for example: not eligible for auto-proxying). Is this bean getting eagerly injected into a currently created BeanPostProcessor [lbRestClientPostProcessor]? Check the corresponding BeanPostProcessor declaration and its dependencies.
2026-05-28 19:09:22 [main] [txId=] WARN  o.s.c.s.PostProcessorRegistrationDelegate$BeanPostProcessorChecker - Bean 'org.springframework.cloud.client.loadbalancer.LoadBalancerAutoConfiguration' of type [org.springframework.cloud.client.loadbalancer.LoadBalancerAutoConfiguration] is not eligible for getting processed by all BeanPostProcessors (for example: not eligible for auto-proxying). Is this bean getting eagerly injected into a currently created BeanPostProcessor [lbRestClientPostProcessor]? Check the corresponding BeanPostProcessor declaration and its dependencies.
2026-05-28 19:09:22 [main] [txId=] WARN  o.s.c.s.PostProcessorRegistrationDelegate$BeanPostProcessorChecker - Bean 'loadBalancerRequestFactory' of type [org.springframework.cloud.client.loadbalancer.LoadBalancerRequestFactory] is not eligible for getting processed by all BeanPostProcessors (for example: not eligible for auto-proxying). Is this bean getting eagerly injected into a currently created BeanPostProcessor [lbRestClientPostProcessor]? Check the corresponding BeanPostProcessor declaration and its dependencies.
2026-05-28 19:09:22 [main] [txId=] WARN  o.s.c.s.PostProcessorRegistrationDelegate$BeanPostProcessorChecker - Bean 'loadBalancerInterceptor' of type [org.springframework.cloud.client.loadbalancer.LoadBalancerInterceptor] is not eligible for getting processed by all BeanPostProcessors (for example: not eligible for auto-proxying). Is this bean getting eagerly injected into a currently created BeanPostProcessor [lbRestClientPostProcessor]? Check the corresponding BeanPostProcessor declaration and its dependencies.
2026-05-28 19:09:23 [main] [txId=] INFO  o.s.b.w.e.tomcat.TomcatWebServer - Tomcat initialized with port 8081 (http)
2026-05-28 19:09:23 [main] [txId=] INFO  o.a.coyote.http11.Http11NioProtocol - Initializing ProtocolHandler ["http-nio-8081"]
2026-05-28 19:09:23 [main] [txId=] INFO  o.a.catalina.core.StandardService - Starting service [Tomcat]
2026-05-28 19:09:23 [main] [txId=] INFO  o.a.catalina.core.StandardEngine - Starting Servlet engine: [Apache Tomcat/10.1.16]
2026-05-28 19:09:23 [main] [txId=] INFO  o.a.c.c.C.[Tomcat].[localhost].[/] - Initializing Spring embedded WebApplicationContext
2026-05-28 19:09:23 [main] [txId=] INFO  o.s.b.w.s.c.ServletWebServerApplicationContext - Root WebApplicationContext: initialization completed in 413 ms
2026-05-28 19:09:23 [main] [txId=] DEBUG c.e.w.l.TransactionLoggingFilter - Filter 'transactionLoggingFilter' configured for use
2026-05-28 19:09:23 [main] [txId=] DEBUG c.e.workload.security.JwtAuthFilter - Filter 'jwtAuthFilter' configured for use
2026-05-28 19:09:23 [main] [txId=] WARN  o.s.b.a.s.s.UserDetailsServiceAutoConfiguration - 

Using generated security password: e29a7366-6fdc-4c6a-85ff-ac7cb64eff00

This generated password is for development use only. Your security configuration must be updated before running your application in production.

2026-05-28 19:09:23 [main] [txId=] INFO  o.s.b.a.e.web.EndpointLinksResolver - Exposing 2 endpoint(s) beneath base path '/actuator'
2026-05-28 19:09:23 [main] [txId=] INFO  o.s.s.web.DefaultSecurityFilterChain - Will secure any request with [org.springframework.security.web.session.DisableEncodeUrlFilter@1570cad0, org.springframework.security.web.context.request.async.WebAsyncManagerIntegrationFilter@21090c88, org.springframework.security.web.context.SecurityContextHolderFilter@6aad919c, org.springframework.security.web.header.HeaderWriterFilter@7eee6c13, org.springframework.web.filter.CorsFilter@d62472f, org.springframework.security.web.authentication.logout.LogoutFilter@27afbf14, com.epam.workload.security.JwtAuthFilter@580902cd, org.springframework.security.web.savedrequest.RequestCacheAwareFilter@211a9647, org.springframework.security.web.servletapi.SecurityContextHolderAwareRequestFilter@340c5fb6, org.springframework.security.web.authentication.AnonymousAuthenticationFilter@63a84bb6, org.springframework.security.web.session.SessionManagementFilter@17884d, org.springframework.security.web.access.ExceptionTranslationFilter@be6d228, org.springframework.security.web.access.intercept.AuthorizationFilter@2342f1ff]
2026-05-28 19:09:23 [main] [txId=] INFO  o.s.c.n.e.c.DiscoveryClientOptionalArgsConfiguration - Eureka HTTP Client uses RestTemplate.
2026-05-28 19:09:23 [main] [txId=] WARN  o.s.c.l.c.LoadBalancerCacheAutoConfiguration$LoadBalancerCaffeineWarnLogger - Spring Cloud LoadBalancer is currently working with the default cache. While this cache implementation is useful for development and tests, it's recommended to use Caffeine cache in production.You can switch to using Caffeine cache, by adding it and org.springframework.cache.caffeine.CaffeineCacheManager to the classpath.
2026-05-28 19:09:23 [main] [txId=] INFO  o.s.c.n.eureka.InstanceInfoFactory - Setting initial instance status as: STARTING
2026-05-28 19:09:23 [main] [txId=] INFO  c.netflix.discovery.DiscoveryClient - Initializing Eureka in region us-east-1
2026-05-28 19:09:23 [main] [txId=] INFO  c.n.d.s.r.aws.ConfigClusterResolver - Resolving eureka endpoints via configuration
2026-05-28 19:09:23 [main] [txId=] INFO  c.netflix.discovery.DiscoveryClient - Disable delta property : false
2026-05-28 19:09:23 [main] [txId=] INFO  c.netflix.discovery.DiscoveryClient - Single vip registry refresh property : null
2026-05-28 19:09:23 [main] [txId=] INFO  c.netflix.discovery.DiscoveryClient - Force full registry fetch : false
2026-05-28 19:09:23 [main] [txId=] INFO  c.netflix.discovery.DiscoveryClient - Application is null : false
2026-05-28 19:09:23 [main] [txId=] INFO  c.netflix.discovery.DiscoveryClient - Registered Applications size is zero : true
2026-05-28 19:09:23 [main] [txId=] INFO  c.netflix.discovery.DiscoveryClient - Application version is -1: true
2026-05-28 19:09:23 [main] [txId=] INFO  c.netflix.discovery.DiscoveryClient - Getting all instance registry info from the eureka server
2026-05-28 19:09:23 [main] [txId=] INFO  c.netflix.discovery.DiscoveryClient - The response status is 200
2026-05-28 19:09:23 [main] [txId=] INFO  c.netflix.discovery.DiscoveryClient - Starting heartbeat executor: renew interval is: 30
2026-05-28 19:09:23 [main] [txId=] INFO  c.n.discovery.InstanceInfoReplicator - InstanceInfoReplicator onDemand update allowed rate per min is 4
2026-05-28 19:09:23 [main] [txId=] INFO  c.netflix.discovery.DiscoveryClient - Discovery Client initialized at timestamp 1779980963488 with initial instances count: 1
2026-05-28 19:09:23 [main] [txId=] INFO  o.s.c.n.e.s.EurekaServiceRegistry - Registering application TRAINER-WORKLOAD-SERVICE with eureka with status UP
2026-05-28 19:09:23 [main] [txId=] INFO  c.netflix.discovery.DiscoveryClient - Saw local status change event StatusChangeEvent [timestamp=1779980963489, current=UP, previous=STARTING]
2026-05-28 19:09:23 [DiscoveryClient-InstanceInfoReplicator-0] [txId=] INFO  c.netflix.discovery.DiscoveryClient - DiscoveryClient_TRAINER-WORKLOAD-SERVICE/192.168.15.146:trainer-workload-service:8081: registering service...
2026-05-28 19:09:23 [main] [txId=] INFO  o.a.coyote.http11.Http11NioProtocol - Starting ProtocolHandler ["http-nio-8081"]
2026-05-28 19:09:23 [main] [txId=] INFO  o.s.b.w.e.tomcat.TomcatWebServer - Tomcat started on port 8081 (http) with context path ''
2026-05-28 19:09:23 [main] [txId=] INFO  o.s.c.n.e.s.EurekaAutoServiceRegistration - Updating port to 8081
2026-05-28 19:09:23 [DiscoveryClient-InstanceInfoReplicator-0] [txId=] INFO  c.netflix.discovery.DiscoveryClient - DiscoveryClient_TRAINER-WORKLOAD-SERVICE/192.168.15.146:trainer-workload-service:8081 - registration status: 204
2026-05-28 19:09:23 [main] [txId=] INFO  c.e.w.TrainerWorkloadApplication - Started TrainerWorkloadApplication in 1.186 seconds (process running for 1.287)
2026-05-28 19:10:21 [http-nio-8081-exec-1] [txId=] INFO  o.a.c.c.C.[Tomcat].[localhost].[/] - Initializing Spring DispatcherServlet 'dispatcherServlet'
2026-05-28 19:10:21 [http-nio-8081-exec-1] [txId=] INFO  o.s.web.servlet.DispatcherServlet - Initializing Servlet 'dispatcherServlet'
2026-05-28 19:10:21 [http-nio-8081-exec-1] [txId=] INFO  o.s.web.servlet.DispatcherServlet - Completed initialization in 2 ms
2026-05-28 19:10:21 [http-nio-8081-exec-1] [txId=] WARN  o.s.w.s.h.HandlerMappingIntrospector - Cache miss for REQUEST dispatch to '/api/trainer-workload/john.smith' (previous null). Performing CorsConfiguration lookup. This is logged once only at WARN level, and every time at TRACE.
2026-05-28 19:10:21 [http-nio-8081-exec-1] [txId=] WARN  o.s.w.s.h.HandlerMappingIntrospector - Cache miss for REQUEST dispatch to '/api/trainer-workload/john.smith' (previous null). Performing MatchableHandlerMapping lookup. This is logged once only at WARN level, and every time at TRACE.
2026-05-28 19:10:21 [http-nio-8081-exec-1] [txId=739e6aff-77a6-4a75-926c-b53c0734f184] INFO  c.e.w.l.TransactionLoggingFilter - [TRANSACTION] endpoint=/api/trainer-workload/john.smith method=GET transactionId=739e6aff-77a6-4a75-926c-b53c0734f184
2026-05-28 19:10:21 [http-nio-8081-exec-1] [txId=739e6aff-77a6-4a75-926c-b53c0734f184] INFO  c.e.w.c.TrainerWorkloadController - Fetching workload summary for trainer 'john.smith'
2026-05-28 19:10:21 [http-nio-8081-exec-1] [txId=739e6aff-77a6-4a75-926c-b53c0734f184] WARN  c.e.w.c.TrainerWorkloadController - No summary found for trainer 'john.smith'
2026-05-28 19:10:21 [http-nio-8081-exec-1] [txId=739e6aff-77a6-4a75-926c-b53c0734f184] INFO  c.e.w.l.TransactionLoggingFilter - [TRANSACTION] endpoint=/api/trainer-workload/john.smith status=404 transactionId=739e6aff-77a6-4a75-926c-b53c0734f184
2026-05-28 19:10:36 [org.springframework.jms.JmsListenerEndpointContainer#0-1] [txId=eae15085-23f0-486d-9b42-0454c1fa19e9] INFO  c.e.w.m.WorkloadMessageListener - [JMS] Received workload message: trainer=john.smith, action=ADD, transactionId=eae15085-23f0-486d-9b42-0454c1fa19e9
2026-05-28 19:10:36 [org.springframework.jms.JmsListenerEndpointContainer#0-1] [txId=eae15085-23f0-486d-9b42-0454c1fa19e9] INFO  c.e.w.service.TrainerWorkloadService - Added 60 minutes for trainer 'john.smith' in 2024/1
2026-05-28 19:10:36 [org.springframework.jms.JmsListenerEndpointContainer#0-1] [txId=eae15085-23f0-486d-9b42-0454c1fa19e9] INFO  c.e.w.m.WorkloadMessageListener - [JMS] Workload processed successfully for trainer 'john.smith'
2026-05-28 19:10:38 [http-nio-8081-exec-2] [txId=6b38dc94-cb6c-4381-a8f6-35c4f0f03b98] INFO  c.e.w.l.TransactionLoggingFilter - [TRANSACTION] endpoint=/api/trainer-workload/john.smith method=GET transactionId=6b38dc94-cb6c-4381-a8f6-35c4f0f03b98
2026-05-28 19:10:38 [http-nio-8081-exec-2] [txId=6b38dc94-cb6c-4381-a8f6-35c4f0f03b98] INFO  c.e.w.c.TrainerWorkloadController - Fetching workload summary for trainer 'john.smith'
2026-05-28 19:10:38 [http-nio-8081-exec-2] [txId=6b38dc94-cb6c-4381-a8f6-35c4f0f03b98] INFO  c.e.w.c.TrainerWorkloadController - Summary retrieved for trainer 'john.smith', transactionId=6b38dc94-cb6c-4381-a8f6-35c4f0f03b98
2026-05-28 19:10:38 [http-nio-8081-exec-2] [txId=6b38dc94-cb6c-4381-a8f6-35c4f0f03b98] INFO  c.e.w.l.TransactionLoggingFilter - [TRANSACTION] endpoint=/api/trainer-workload/john.smith status=200 transactionId=6b38dc94-cb6c-4381-a8f6-35c4f0f03b98
2026-05-28 19:12:45 [org.springframework.jms.JmsListenerEndpointContainer#0-1] [txId=05a99ad5-bced-4009-bc64-f2e99e82c196] INFO  c.e.w.m.WorkloadMessageListener - [JMS] Received workload message: trainer=john.smith, action=ADD, transactionId=05a99ad5-bced-4009-bc64-f2e99e82c196
2026-05-28 19:12:45 [org.springframework.jms.JmsListenerEndpointContainer#0-1] [txId=] WARN  o.s.j.l.DefaultMessageListenerContainer - Execution of JMS message listener failed, and no ErrorHandler has been set.
org.springframework.jms.listener.adapter.ListenerExecutionFailedException: Listener method 'public void com.epam.workload.messaging.WorkloadMessageListener.onWorkloadMessage(com.epam.workload.dto.TrainerWorkloadRequest,java.lang.String)' threw exception
	at org.springframework.jms.listener.adapter.MessagingMessageListenerAdapter.invokeHandler(MessagingMessageListenerAdapter.java:118)
	at org.springframework.jms.listener.adapter.MessagingMessageListenerAdapter.onMessage(MessagingMessageListenerAdapter.java:84)
	at org.springframework.jms.listener.AbstractMessageListenerContainer.doInvokeListener(AbstractMessageListenerContainer.java:783)
	at org.springframework.jms.listener.AbstractMessageListenerContainer.invokeListener(AbstractMessageListenerContainer.java:741)
	at org.springframework.jms.listener.AbstractMessageListenerContainer.doExecuteListener(AbstractMessageListenerContainer.java:719)
	at org.springframework.jms.listener.AbstractPollingMessageListenerContainer.doReceiveAndExecute(AbstractPollingMessageListenerContainer.java:333)
	at org.springframework.jms.listener.AbstractPollingMessageListenerContainer.receiveAndExecute(AbstractPollingMessageListenerContainer.java:270)
	at org.springframework.jms.listener.DefaultMessageListenerContainer$AsyncMessageListenerInvoker.invokeListener(DefaultMessageListenerContainer.java:1258)
	at org.springframework.jms.listener.DefaultMessageListenerContainer$AsyncMessageListenerInvoker.executeOngoingLoop(DefaultMessageListenerContainer.java:1248)
	at org.springframework.jms.listener.DefaultMessageListenerContainer$AsyncMessageListenerInvoker.run(DefaultMessageListenerContainer.java:1141)
	at java.base/java.lang.Thread.run(Thread.java:840)
Caused by: java.lang.IllegalArgumentException: Workload message has invalid trainingDuration: 0
	at com.epam.workload.messaging.WorkloadMessageListener.validate(WorkloadMessageListener.java:64)
	at com.epam.workload.messaging.WorkloadMessageListener.onWorkloadMessage(WorkloadMessageListener.java:34)
	at java.base/jdk.internal.reflect.NativeMethodAccessorImpl.invoke0(Native Method)
	at java.base/jdk.internal.reflect.NativeMethodAccessorImpl.invoke(NativeMethodAccessorImpl.java:77)
	at java.base/jdk.internal.reflect.DelegatingMethodAccessorImpl.invoke(DelegatingMethodAccessorImpl.java:43)
	at java.base/java.lang.reflect.Method.invoke(Method.java:569)
	at org.springframework.messaging.handler.invocation.InvocableHandlerMethod.doInvoke(InvocableHandlerMethod.java:169)
	at org.springframework.messaging.handler.invocation.InvocableHandlerMethod.invoke(InvocableHandlerMethod.java:119)
	at org.springframework.jms.listener.adapter.MessagingMessageListenerAdapter.invokeHandler(MessagingMessageListenerAdapter.java:110)
	... 10 common frames omitted
2026-05-28 19:12:46 [org.springframework.jms.JmsListenerEndpointContainer#0-1] [txId=05a99ad5-bced-4009-bc64-f2e99e82c196] INFO  c.e.w.m.WorkloadMessageListener - [JMS] Received workload message: trainer=john.smith, action=ADD, transactionId=05a99ad5-bced-4009-bc64-f2e99e82c196
2026-05-28 19:12:46 [org.springframework.jms.JmsListenerEndpointContainer#0-1] [txId=] WARN  o.s.j.l.DefaultMessageListenerContainer - Execution of JMS message listener failed, and no ErrorHandler has been set.
org.springframework.jms.listener.adapter.ListenerExecutionFailedException: Listener method 'public void com.epam.workload.messaging.WorkloadMessageListener.onWorkloadMessage(com.epam.workload.dto.TrainerWorkloadRequest,java.lang.String)' threw exception
	at org.springframework.jms.listener.adapter.MessagingMessageListenerAdapter.invokeHandler(MessagingMessageListenerAdapter.java:118)
	at org.springframework.jms.listener.adapter.MessagingMessageListenerAdapter.onMessage(MessagingMessageListenerAdapter.java:84)
	at org.springframework.jms.listener.AbstractMessageListenerContainer.doInvokeListener(AbstractMessageListenerContainer.java:783)
	at org.springframework.jms.listener.AbstractMessageListenerContainer.invokeListener(AbstractMessageListenerContainer.java:741)
	at org.springframework.jms.listener.AbstractMessageListenerContainer.doExecuteListener(AbstractMessageListenerContainer.java:719)
	at org.springframework.jms.listener.AbstractPollingMessageListenerContainer.doReceiveAndExecute(AbstractPollingMessageListenerContainer.java:333)
	at org.springframework.jms.listener.AbstractPollingMessageListenerContainer.receiveAndExecute(AbstractPollingMessageListenerContainer.java:270)
	at org.springframework.jms.listener.DefaultMessageListenerContainer$AsyncMessageListenerInvoker.invokeListener(DefaultMessageListenerContainer.java:1258)
	at org.springframework.jms.listener.DefaultMessageListenerContainer$AsyncMessageListenerInvoker.executeOngoingLoop(DefaultMessageListenerContainer.java:1248)
	at org.springframework.jms.listener.DefaultMessageListenerContainer$AsyncMessageListenerInvoker.run(DefaultMessageListenerContainer.java:1141)
	at java.base/java.lang.Thread.run(Thread.java:840)
Caused by: java.lang.IllegalArgumentException: Workload message has invalid trainingDuration: 0
	at com.epam.workload.messaging.WorkloadMessageListener.validate(WorkloadMessageListener.java:64)
	at com.epam.workload.messaging.WorkloadMessageListener.onWorkloadMessage(WorkloadMessageListener.java:34)
	at java.base/jdk.internal.reflect.NativeMethodAccessorImpl.invoke0(Native Method)
	at java.base/jdk.internal.reflect.NativeMethodAccessorImpl.invoke(NativeMethodAccessorImpl.java:77)
	at java.base/jdk.internal.reflect.DelegatingMethodAccessorImpl.invoke(DelegatingMethodAccessorImpl.java:43)
	at java.base/java.lang.reflect.Method.invoke(Method.java:569)
	at org.springframework.messaging.handler.invocation.InvocableHandlerMethod.doInvoke(InvocableHandlerMethod.java:169)
	at org.springframework.messaging.handler.invocation.InvocableHandlerMethod.invoke(InvocableHandlerMethod.java:119)
	at org.springframework.jms.listener.adapter.MessagingMessageListenerAdapter.invokeHandler(MessagingMessageListenerAdapter.java:110)
	... 10 common frames omitted
2026-05-28 19:12:48 [org.springframework.jms.JmsListenerEndpointContainer#0-1] [txId=05a99ad5-bced-4009-bc64-f2e99e82c196] INFO  c.e.w.m.WorkloadMessageListener - [JMS] Received workload message: trainer=john.smith, action=ADD, transactionId=05a99ad5-bced-4009-bc64-f2e99e82c196
2026-05-28 19:12:48 [org.springframework.jms.JmsListenerEndpointContainer#0-1] [txId=] WARN  o.s.j.l.DefaultMessageListenerContainer - Execution of JMS message listener failed, and no ErrorHandler has been set.
org.springframework.jms.listener.adapter.ListenerExecutionFailedException: Listener method 'public void com.epam.workload.messaging.WorkloadMessageListener.onWorkloadMessage(com.epam.workload.dto.TrainerWorkloadRequest,java.lang.String)' threw exception
	at org.springframework.jms.listener.adapter.MessagingMessageListenerAdapter.invokeHandler(MessagingMessageListenerAdapter.java:118)
	at org.springframework.jms.listener.adapter.MessagingMessageListenerAdapter.onMessage(MessagingMessageListenerAdapter.java:84)
	at org.springframework.jms.listener.AbstractMessageListenerContainer.doInvokeListener(AbstractMessageListenerContainer.java:783)
	at org.springframework.jms.listener.AbstractMessageListenerContainer.invokeListener(AbstractMessageListenerContainer.java:741)
	at org.springframework.jms.listener.AbstractMessageListenerContainer.doExecuteListener(AbstractMessageListenerContainer.java:719)
	at org.springframework.jms.listener.AbstractPollingMessageListenerContainer.doReceiveAndExecute(AbstractPollingMessageListenerContainer.java:333)
	at org.springframework.jms.listener.AbstractPollingMessageListenerContainer.receiveAndExecute(AbstractPollingMessageListenerContainer.java:270)
	at org.springframework.jms.listener.DefaultMessageListenerContainer$AsyncMessageListenerInvoker.invokeListener(DefaultMessageListenerContainer.java:1258)
	at org.springframework.jms.listener.DefaultMessageListenerContainer$AsyncMessageListenerInvoker.executeOngoingLoop(DefaultMessageListenerContainer.java:1248)
	at org.springframework.jms.listener.DefaultMessageListenerContainer$AsyncMessageListenerInvoker.run(DefaultMessageListenerContainer.java:1141)
	at java.base/java.lang.Thread.run(Thread.java:840)
Caused by: java.lang.IllegalArgumentException: Workload message has invalid trainingDuration: 0
	at com.epam.workload.messaging.WorkloadMessageListener.validate(WorkloadMessageListener.java:64)
	at com.epam.workload.messaging.WorkloadMessageListener.onWorkloadMessage(WorkloadMessageListener.java:34)
	at java.base/jdk.internal.reflect.NativeMethodAccessorImpl.invoke0(Native Method)
	at java.base/jdk.internal.reflect.NativeMethodAccessorImpl.invoke(NativeMethodAccessorImpl.java:77)
	at java.base/jdk.internal.reflect.DelegatingMethodAccessorImpl.invoke(DelegatingMethodAccessorImpl.java:43)
	at java.base/java.lang.reflect.Method.invoke(Method.java:569)
	at org.springframework.messaging.handler.invocation.InvocableHandlerMethod.doInvoke(InvocableHandlerMethod.java:169)
	at org.springframework.messaging.handler.invocation.InvocableHandlerMethod.invoke(InvocableHandlerMethod.java:119)
	at org.springframework.jms.listener.adapter.MessagingMessageListenerAdapter.invokeHandler(MessagingMessageListenerAdapter.java:110)
	... 10 common frames omitted
2026-05-28 19:12:52 [org.springframework.jms.JmsListenerEndpointContainer#0-1] [txId=05a99ad5-bced-4009-bc64-f2e99e82c196] INFO  c.e.w.m.WorkloadMessageListener - [JMS] Received workload message: trainer=john.smith, action=ADD, transactionId=05a99ad5-bced-4009-bc64-f2e99e82c196
2026-05-28 19:12:52 [org.springframework.jms.JmsListenerEndpointContainer#0-1] [txId=] WARN  o.s.j.l.DefaultMessageListenerContainer - Execution of JMS message listener failed, and no ErrorHandler has been set.
org.springframework.jms.listener.adapter.ListenerExecutionFailedException: Listener method 'public void com.epam.workload.messaging.WorkloadMessageListener.onWorkloadMessage(com.epam.workload.dto.TrainerWorkloadRequest,java.lang.String)' threw exception
	at org.springframework.jms.listener.adapter.MessagingMessageListenerAdapter.invokeHandler(MessagingMessageListenerAdapter.java:118)
	at org.springframework.jms.listener.adapter.MessagingMessageListenerAdapter.onMessage(MessagingMessageListenerAdapter.java:84)
	at org.springframework.jms.listener.AbstractMessageListenerContainer.doInvokeListener(AbstractMessageListenerContainer.java:783)
	at org.springframework.jms.listener.AbstractMessageListenerContainer.invokeListener(AbstractMessageListenerContainer.java:741)
	at org.springframework.jms.listener.AbstractMessageListenerContainer.doExecuteListener(AbstractMessageListenerContainer.java:719)
	at org.springframework.jms.listener.AbstractPollingMessageListenerContainer.doReceiveAndExecute(AbstractPollingMessageListenerContainer.java:333)
	at org.springframework.jms.listener.AbstractPollingMessageListenerContainer.receiveAndExecute(AbstractPollingMessageListenerContainer.java:270)
	at org.springframework.jms.listener.DefaultMessageListenerContainer$AsyncMessageListenerInvoker.invokeListener(DefaultMessageListenerContainer.java:1258)
	at org.springframework.jms.listener.DefaultMessageListenerContainer$AsyncMessageListenerInvoker.executeOngoingLoop(DefaultMessageListenerContainer.java:1248)
	at org.springframework.jms.listener.DefaultMessageListenerContainer$AsyncMessageListenerInvoker.run(DefaultMessageListenerContainer.java:1141)
	at java.base/java.lang.Thread.run(Thread.java:840)
Caused by: java.lang.IllegalArgumentException: Workload message has invalid trainingDuration: 0
	at com.epam.workload.messaging.WorkloadMessageListener.validate(WorkloadMessageListener.java:64)
	at com.epam.workload.messaging.WorkloadMessageListener.onWorkloadMessage(WorkloadMessageListener.java:34)
	at java.base/jdk.internal.reflect.NativeMethodAccessorImpl.invoke0(Native Method)
	at java.base/jdk.internal.reflect.NativeMethodAccessorImpl.invoke(NativeMethodAccessorImpl.java:77)
	at java.base/jdk.internal.reflect.DelegatingMethodAccessorImpl.invoke(DelegatingMethodAccessorImpl.java:43)
	at java.base/java.lang.reflect.Method.invoke(Method.java:569)
	at org.springframework.messaging.handler.invocation.InvocableHandlerMethod.doInvoke(InvocableHandlerMethod.java:169)
	at org.springframework.messaging.handler.invocation.InvocableHandlerMethod.invoke(InvocableHandlerMethod.java:119)
	at org.springframework.jms.listener.adapter.MessagingMessageListenerAdapter.invokeHandler(MessagingMessageListenerAdapter.java:110)
	... 10 common frames omitted
2026-05-28 19:14:02 [http-nio-8081-exec-4] [txId=461816ca-85ce-4eb5-a558-016a187df995] INFO  c.e.w.l.TransactionLoggingFilter - [TRANSACTION] endpoint=/api/trainer-workload/john.smith method=GET transactionId=461816ca-85ce-4eb5-a558-016a187df995
2026-05-28 19:14:02 [http-nio-8081-exec-4] [txId=461816ca-85ce-4eb5-a558-016a187df995] INFO  c.e.w.c.TrainerWorkloadController - Fetching workload summary for trainer 'john.smith'
2026-05-28 19:14:02 [http-nio-8081-exec-4] [txId=461816ca-85ce-4eb5-a558-016a187df995] INFO  c.e.w.c.TrainerWorkloadController - Summary retrieved for trainer 'john.smith', transactionId=461816ca-85ce-4eb5-a558-016a187df995
2026-05-28 19:14:02 [http-nio-8081-exec-4] [txId=461816ca-85ce-4eb5-a558-016a187df995] INFO  c.e.w.l.TransactionLoggingFilter - [TRANSACTION] endpoint=/api/trainer-workload/john.smith status=200 transactionId=461816ca-85ce-4eb5-a558-016a187df995
2026-05-28 19:14:15 [http-nio-8081-exec-5] [txId=6ba9c703-2e8f-45a6-bc7b-1b1efe52990d] INFO  c.e.w.l.TransactionLoggingFilter - [TRANSACTION] endpoint=/api/trainer-workload/john.smith method=GET transactionId=6ba9c703-2e8f-45a6-bc7b-1b1efe52990d
2026-05-28 19:14:15 [http-nio-8081-exec-5] [txId=6ba9c703-2e8f-45a6-bc7b-1b1efe52990d] INFO  c.e.w.c.TrainerWorkloadController - Fetching workload summary for trainer 'john.smith'
2026-05-28 19:14:15 [http-nio-8081-exec-5] [txId=6ba9c703-2e8f-45a6-bc7b-1b1efe52990d] INFO  c.e.w.c.TrainerWorkloadController - Summary retrieved for trainer 'john.smith', transactionId=6ba9c703-2e8f-45a6-bc7b-1b1efe52990d
2026-05-28 19:14:15 [http-nio-8081-exec-5] [txId=6ba9c703-2e8f-45a6-bc7b-1b1efe52990d] INFO  c.e.w.l.TransactionLoggingFilter - [TRANSACTION] endpoint=/api/trainer-workload/john.smith status=200 transactionId=6ba9c703-2e8f-45a6-bc7b-1b1efe52990d
2026-05-28 19:14:20 [org.springframework.jms.JmsListenerEndpointContainer#0-2] [txId=0e760139-bdc6-4b0b-ae74-03618dfeac04] INFO  c.e.w.m.WorkloadMessageListener - [JMS] Received workload message: trainer=john.smith, action=DELETE, transactionId=0e760139-bdc6-4b0b-ae74-03618dfeac04
2026-05-28 19:14:20 [org.springframework.jms.JmsListenerEndpointContainer#0-2] [txId=0e760139-bdc6-4b0b-ae74-03618dfeac04] INFO  c.e.w.service.TrainerWorkloadService - Removed 60 minutes for trainer 'john.smith' in 2024/1
2026-05-28 19:14:20 [org.springframework.jms.JmsListenerEndpointContainer#0-2] [txId=0e760139-bdc6-4b0b-ae74-03618dfeac04] INFO  c.e.w.m.WorkloadMessageListener - [JMS] Workload processed successfully for trainer 'john.smith'
2026-05-28 19:14:23 [AsyncResolver-bootstrap-executor-0] [txId=] INFO  c.n.d.s.r.aws.ConfigClusterResolver - Resolving eureka endpoints via configuration
2026-05-28 19:14:23 [http-nio-8081-exec-6] [txId=1aafea00-8304-49f1-b252-966dd9538dcb] INFO  c.e.w.l.TransactionLoggingFilter - [TRANSACTION] endpoint=/api/trainer-workload/john.smith method=GET transactionId=1aafea00-8304-49f1-b252-966dd9538dcb
2026-05-28 19:14:23 [http-nio-8081-exec-6] [txId=1aafea00-8304-49f1-b252-966dd9538dcb] INFO  c.e.w.c.TrainerWorkloadController - Fetching workload summary for trainer 'john.smith'
2026-05-28 19:14:23 [http-nio-8081-exec-6] [txId=1aafea00-8304-49f1-b252-966dd9538dcb] INFO  c.e.w.c.TrainerWorkloadController - Summary retrieved for trainer 'john.smith', transactionId=1aafea00-8304-49f1-b252-966dd9538dcb
2026-05-28 19:14:23 [http-nio-8081-exec-6] [txId=1aafea00-8304-49f1-b252-966dd9538dcb] INFO  c.e.w.l.TransactionLoggingFilter - [TRANSACTION] endpoint=/api/trainer-workload/john.smith status=200 transactionId=1aafea00-8304-49f1-b252-966dd9538dcb
2026-05-28 19:19:23 [AsyncResolver-bootstrap-executor-0] [txId=] INFO  c.n.d.s.r.aws.ConfigClusterResolver - Resolving eureka endpoints via configuration
2026-05-28 19:23:44 [SpringApplicationShutdownHook] [txId=] INFO  o.s.c.n.e.s.EurekaServiceRegistry - Unregistering application TRAINER-WORKLOAD-SERVICE with eureka with status DOWN
2026-05-28 19:23:44 [SpringApplicationShutdownHook] [txId=] INFO  c.netflix.discovery.DiscoveryClient - Saw local status change event StatusChangeEvent [timestamp=1779981824619, current=DOWN, previous=UP]
2026-05-28 19:23:44 [DiscoveryClient-InstanceInfoReplicator-0] [txId=] INFO  c.netflix.discovery.DiscoveryClient - DiscoveryClient_TRAINER-WORKLOAD-SERVICE/192.168.15.146:trainer-workload-service:8081: registering service...
2026-05-28 19:23:44 [DiscoveryClient-InstanceInfoReplicator-0] [txId=] INFO  c.n.d.s.t.d.RedirectingEurekaHttpClient - Request execution error. endpoint=DefaultEndpoint{ serviceUrl='http://localhost:8761/eureka/} exception=I/O error on POST request for "http://localhost:8761/eureka/apps/TRAINER-WORKLOAD-SERVICE": Connect to http://localhost:8761 [localhost/127.0.0.1, localhost/0:0:0:0:0:0:0:1] failed: Connection refused stacktrace=org.springframework.web.client.ResourceAccessException: I/O error on POST request for "http://localhost:8761/eureka/apps/TRAINER-WORKLOAD-SERVICE": Connect to http://localhost:8761 [localhost/127.0.0.1, localhost/0:0:0:0:0:0:0:1] failed: Connection refused
	at org.springframework.web.client.RestTemplate.createResourceAccessException(RestTemplate.java:905)
	at org.springframework.web.client.RestTemplate.doExecute(RestTemplate.java:885)
	at org.springframework.web.client.RestTemplate.execute(RestTemplate.java:781)
	at org.springframework.web.client.RestTemplate.exchange(RestTemplate.java:663)
	at org.springframework.cloud.netflix.eureka.http.RestTemplateEurekaHttpClient.register(RestTemplateEurekaHttpClient.java:77)
	at com.netflix.discovery.shared.transport.decorator.EurekaHttpClientDecorator$1.execute(EurekaHttpClientDecorator.java:59)
	at com.netflix.discovery.shared.transport.decorator.RedirectingEurekaHttpClient.execute(RedirectingEurekaHttpClient.java:91)
	at com.netflix.discovery.shared.transport.decorator.EurekaHttpClientDecorator.register(EurekaHttpClientDecorator.java:56)
	at com.netflix.discovery.shared.transport.decorator.EurekaHttpClientDecorator$1.execute(EurekaHttpClientDecorator.java:59)
	at com.netflix.discovery.shared.transport.decorator.RetryableEurekaHttpClient.execute(RetryableEurekaHttpClient.java:120)
	at com.netflix.discovery.shared.transport.decorator.EurekaHttpClientDecorator.register(EurekaHttpClientDecorator.java:56)
	at com.netflix.discovery.shared.transport.decorator.EurekaHttpClientDecorator$1.execute(EurekaHttpClientDecorator.java:59)
	at com.netflix.discovery.shared.transport.decorator.SessionedEurekaHttpClient.execute(SessionedEurekaHttpClient.java:77)
	at com.netflix.discovery.shared.transport.decorator.EurekaHttpClientDecorator.register(EurekaHttpClientDecorator.java:56)
	at com.netflix.discovery.DiscoveryClient.register(DiscoveryClient.java:820)
	at com.netflix.discovery.InstanceInfoReplicator.run(InstanceInfoReplicator.java:121)
	at com.netflix.discovery.InstanceInfoReplicator$1.run(InstanceInfoReplicator.java:101)
	at java.base/java.util.concurrent.Executors$RunnableAdapter.call(Executors.java:539)
	at java.base/java.util.concurrent.FutureTask.run(FutureTask.java:264)
	at java.base/java.util.concurrent.ScheduledThreadPoolExecutor$ScheduledFutureTask.run(ScheduledThreadPoolExecutor.java:304)
	at java.base/java.util.concurrent.ThreadPoolExecutor.runWorker(ThreadPoolExecutor.java:1136)
	at java.base/java.util.concurrent.ThreadPoolExecutor$Worker.run(ThreadPoolExecutor.java:635)
	at java.base/java.lang.Thread.run(Thread.java:840)
Caused by: org.apache.hc.client5.http.HttpHostConnectException: Connect to http://localhost:8761 [localhost/127.0.0.1, localhost/0:0:0:0:0:0:0:1] failed: Connection refused
	at java.base/sun.nio.ch.Net.pollConnect(Native Method)
	at java.base/sun.nio.ch.Net.pollConnectNow(Net.java:684)
	at java.base/sun.nio.ch.NioSocketImpl.timedFinishConnect(NioSocketImpl.java:554)
	at java.base/sun.nio.ch.NioSocketImpl.connect(NioSocketImpl.java:602)
	at java.base/java.net.SocksSocketImpl.connect(SocksSocketImpl.java:327)
	at java.base/java.net.Socket.connect(Socket.java:633)
	at org.apache.hc.client5.http.socket.PlainConnectionSocketFactory.lambda$connectSocket$0(PlainConnectionSocketFactory.java:85)
	at java.base/java.security.AccessController.doPrivileged(AccessController.java:569)
	at org.apache.hc.client5.http.socket.PlainConnectionSocketFactory.connectSocket(PlainConnectionSocketFactory.java:84)
	at org.apache.hc.client5.http.socket.ConnectionSocketFactory.connectSocket(ConnectionSocketFactory.java:113)
	at org.apache.hc.client5.http.impl.io.DefaultHttpClientConnectionOperator.connect(DefaultHttpClientConnectionOperator.java:181)
	at org.apache.hc.client5.http.impl.io.PoolingHttpClientConnectionManager.connect(PoolingHttpClientConnectionManager.java:447)
	at org.apache.hc.client5.http.impl.classic.InternalExecRuntime.connectEndpoint(InternalExecRuntime.java:162)
	at org.apache.hc.client5.http.impl.classic.InternalExecRuntime.connectEndpoint(InternalExecRuntime.java:172)
	at org.apache.hc.client5.http.impl.classic.ConnectExec.execute(ConnectExec.java:142)
	at org.apache.hc.client5.http.impl.classic.ExecChainElement.execute(ExecChainElement.java:51)
	at org.apache.hc.client5.http.impl.classic.ProtocolExec.execute(ProtocolExec.java:192)
	at org.apache.hc.client5.http.impl.classic.ExecChainElement.execute(ExecChainElement.java:51)
	at org.apache.hc.client5.http.impl.classic.HttpRequestRetryExec.execute(HttpRequestRetryExec.java:96)
	at org.apache.hc.client5.http.impl.classic.ExecChainElement.execute(ExecChainElement.java:51)
	at org.apache.hc.client5.http.impl.classic.ContentCompressionExec.execute(ContentCompressionExec.java:152)
	at org.apache.hc.client5.http.impl.classic.ExecChainElement.execute(ExecChainElement.java:51)
	at org.apache.hc.client5.http.impl.classic.RedirectExec.execute(RedirectExec.java:115)
	at org.apache.hc.client5.http.impl.classic.ExecChainElement.execute(ExecChainElement.java:51)
	at org.apache.hc.client5.http.impl.classic.InternalHttpClient.doExecute(InternalHttpClient.java:170)
	at org.apache.hc.client5.http.impl.classic.CloseableHttpClient.execute(CloseableHttpClient.java:87)
	at org.apache.hc.client5.http.impl.classic.CloseableHttpClient.execute(CloseableHttpClient.java:55)
	at org.apache.hc.client5.http.classic.HttpClient.executeOpen(HttpClient.java:183)
	at org.springframework.http.client.HttpComponentsClientHttpRequest.executeInternal(HttpComponentsClientHttpRequest.java:95)
	at org.springframework.http.client.AbstractStreamingClientHttpRequest.executeInternal(AbstractStreamingClientHttpRequest.java:70)
	at org.springframework.http.client.AbstractClientHttpRequest.execute(AbstractClientHttpRequest.java:66)
	at org.springframework.http.client.InterceptingClientHttpRequest$InterceptingRequestExecution.execute(InterceptingClientHttpRequest.java:101)
	at org.springframework.cloud.netflix.eureka.http.RestTemplateTransportClientFactory.lambda$restTemplate$0(RestTemplateTransportClientFactory.java:143)
	at org.springframework.http.client.InterceptingClientHttpRequest$InterceptingRequestExecution.execute(InterceptingClientHttpRequest.java:87)
	at org.springframework.http.client.InterceptingClientHttpRequest.executeInternal(InterceptingClientHttpRequest.java:71)
	at org.springframework.http.client.AbstractBufferingClientHttpRequest.executeInternal(AbstractBufferingClientHttpRequest.java:48)
	at org.springframework.http.client.AbstractClientHttpRequest.execute(AbstractClientHttpRequest.java:66)
	at org.springframework.web.client.RestTemplate.doExecute(RestTemplate.java:879)
	... 21 more

2026-05-28 19:23:44 [DiscoveryClient-InstanceInfoReplicator-0] [txId=] WARN  c.n.d.s.t.d.RetryableEurekaHttpClient - Request execution failed with message: I/O error on POST request for "http://localhost:8761/eureka/apps/TRAINER-WORKLOAD-SERVICE": Connect to http://localhost:8761 [localhost/127.0.0.1, localhost/0:0:0:0:0:0:0:1] failed: Connection refused
2026-05-28 19:23:44 [DiscoveryClient-InstanceInfoReplicator-0] [txId=] INFO  c.n.d.s.t.d.RedirectingEurekaHttpClient - Request execution error. endpoint=DefaultEndpoint{ serviceUrl='http://localhost:8761/eureka/}, exception=I/O error on POST request for "http://localhost:8761/eureka/apps/TRAINER-WORKLOAD-SERVICE": Connect to http://localhost:8761 [localhost/127.0.0.1, localhost/0:0:0:0:0:0:0:1] failed: Connection refused stacktrace=org.springframework.web.client.ResourceAccessException: I/O error on POST request for "http://localhost:8761/eureka/apps/TRAINER-WORKLOAD-SERVICE": Connect to http://localhost:8761 [localhost/127.0.0.1, localhost/0:0:0:0:0:0:0:1] failed: Connection refused
	at org.springframework.web.client.RestTemplate.createResourceAccessException(RestTemplate.java:905)
	at org.springframework.web.client.RestTemplate.doExecute(RestTemplate.java:885)
	at org.springframework.web.client.RestTemplate.execute(RestTemplate.java:781)
	at org.springframework.web.client.RestTemplate.exchange(RestTemplate.java:663)
	at org.springframework.cloud.netflix.eureka.http.RestTemplateEurekaHttpClient.register(RestTemplateEurekaHttpClient.java:77)
	at com.netflix.discovery.shared.transport.decorator.EurekaHttpClientDecorator$1.execute(EurekaHttpClientDecorator.java:59)
	at com.netflix.discovery.shared.transport.decorator.RedirectingEurekaHttpClient.executeOnNewServer(RedirectingEurekaHttpClient.java:121)
	at com.netflix.discovery.shared.transport.decorator.RedirectingEurekaHttpClient.execute(RedirectingEurekaHttpClient.java:80)
	at com.netflix.discovery.shared.transport.decorator.EurekaHttpClientDecorator.register(EurekaHttpClientDecorator.java:56)
	at com.netflix.discovery.shared.transport.decorator.EurekaHttpClientDecorator$1.execute(EurekaHttpClientDecorator.java:59)
	at com.netflix.discovery.shared.transport.decorator.RetryableEurekaHttpClient.execute(RetryableEurekaHttpClient.java:120)
	at com.netflix.discovery.shared.transport.decorator.EurekaHttpClientDecorator.register(EurekaHttpClientDecorator.java:56)
	at com.netflix.discovery.shared.transport.decorator.EurekaHttpClientDecorator$1.execute(EurekaHttpClientDecorator.java:59)
	at com.netflix.discovery.shared.transport.decorator.SessionedEurekaHttpClient.execute(SessionedEurekaHttpClient.java:77)
	at com.netflix.discovery.shared.transport.decorator.EurekaHttpClientDecorator.register(EurekaHttpClientDecorator.java:56)
	at com.netflix.discovery.DiscoveryClient.register(DiscoveryClient.java:820)
	at com.netflix.discovery.InstanceInfoReplicator.run(InstanceInfoReplicator.java:121)
	at com.netflix.discovery.InstanceInfoReplicator$1.run(InstanceInfoReplicator.java:101)
	at java.base/java.util.concurrent.Executors$RunnableAdapter.call(Executors.java:539)
	at java.base/java.util.concurrent.FutureTask.run(FutureTask.java:264)
	at java.base/java.util.concurrent.ScheduledThreadPoolExecutor$ScheduledFutureTask.run(ScheduledThreadPoolExecutor.java:304)
	at java.base/java.util.concurrent.ThreadPoolExecutor.runWorker(ThreadPoolExecutor.java:1136)
	at java.base/java.util.concurrent.ThreadPoolExecutor$Worker.run(ThreadPoolExecutor.java:635)
	at java.base/java.lang.Thread.run(Thread.java:840)
Caused by: org.apache.hc.client5.http.HttpHostConnectException: Connect to http://localhost:8761 [localhost/127.0.0.1, localhost/0:0:0:0:0:0:0:1] failed: Connection refused
	at java.base/sun.nio.ch.Net.pollConnect(Native Method)
	at java.base/sun.nio.ch.Net.pollConnectNow(Net.java:684)
	at java.base/sun.nio.ch.NioSocketImpl.timedFinishConnect(NioSocketImpl.java:554)
	at java.base/sun.nio.ch.NioSocketImpl.connect(NioSocketImpl.java:602)
	at java.base/java.net.SocksSocketImpl.connect(SocksSocketImpl.java:327)
	at java.base/java.net.Socket.connect(Socket.java:633)
	at org.apache.hc.client5.http.socket.PlainConnectionSocketFactory.lambda$connectSocket$0(PlainConnectionSocketFactory.java:85)
	at java.base/java.security.AccessController.doPrivileged(AccessController.java:569)
	at org.apache.hc.client5.http.socket.PlainConnectionSocketFactory.connectSocket(PlainConnectionSocketFactory.java:84)
	at org.apache.hc.client5.http.socket.ConnectionSocketFactory.connectSocket(ConnectionSocketFactory.java:113)
	at org.apache.hc.client5.http.impl.io.DefaultHttpClientConnectionOperator.connect(DefaultHttpClientConnectionOperator.java:181)
	at org.apache.hc.client5.http.impl.io.PoolingHttpClientConnectionManager.connect(PoolingHttpClientConnectionManager.java:447)
	at org.apache.hc.client5.http.impl.classic.InternalExecRuntime.connectEndpoint(InternalExecRuntime.java:162)
	at org.apache.hc.client5.http.impl.classic.InternalExecRuntime.connectEndpoint(InternalExecRuntime.java:172)
	at org.apache.hc.client5.http.impl.classic.ConnectExec.execute(ConnectExec.java:142)
	at org.apache.hc.client5.http.impl.classic.ExecChainElement.execute(ExecChainElement.java:51)
	at org.apache.hc.client5.http.impl.classic.ProtocolExec.execute(ProtocolExec.java:192)
	at org.apache.hc.client5.http.impl.classic.ExecChainElement.execute(ExecChainElement.java:51)
	at org.apache.hc.client5.http.impl.classic.HttpRequestRetryExec.execute(HttpRequestRetryExec.java:96)
	at org.apache.hc.client5.http.impl.classic.ExecChainElement.execute(ExecChainElement.java:51)
	at org.apache.hc.client5.http.impl.classic.ContentCompressionExec.execute(ContentCompressionExec.java:152)
	at org.apache.hc.client5.http.impl.classic.ExecChainElement.execute(ExecChainElement.java:51)
	at org.apache.hc.client5.http.impl.classic.RedirectExec.execute(RedirectExec.java:115)
	at org.apache.hc.client5.http.impl.classic.ExecChainElement.execute(ExecChainElement.java:51)
	at org.apache.hc.client5.http.impl.classic.InternalHttpClient.doExecute(InternalHttpClient.java:170)
	at org.apache.hc.client5.http.impl.classic.CloseableHttpClient.execute(CloseableHttpClient.java:87)
	at org.apache.hc.client5.http.impl.classic.CloseableHttpClient.execute(CloseableHttpClient.java:55)
	at org.apache.hc.client5.http.classic.HttpClient.executeOpen(HttpClient.java:183)
	at org.springframework.http.client.HttpComponentsClientHttpRequest.executeInternal(HttpComponentsClientHttpRequest.java:95)
	at org.springframework.http.client.AbstractStreamingClientHttpRequest.executeInternal(AbstractStreamingClientHttpRequest.java:70)
	at org.springframework.http.client.AbstractClientHttpRequest.execute(AbstractClientHttpRequest.java:66)
	at org.springframework.http.client.InterceptingClientHttpRequest$InterceptingRequestExecution.execute(InterceptingClientHttpRequest.java:101)
	at org.springframework.cloud.netflix.eureka.http.RestTemplateTransportClientFactory.lambda$restTemplate$0(RestTemplateTransportClientFactory.java:143)
	at org.springframework.http.client.InterceptingClientHttpRequest$InterceptingRequestExecution.execute(InterceptingClientHttpRequest.java:87)
	at org.springframework.http.client.InterceptingClientHttpRequest.executeInternal(InterceptingClientHttpRequest.java:71)
	at org.springframework.http.client.AbstractBufferingClientHttpRequest.executeInternal(AbstractBufferingClientHttpRequest.java:48)
	at org.springframework.http.client.AbstractClientHttpRequest.execute(AbstractClientHttpRequest.java:66)
	at org.springframework.web.client.RestTemplate.doExecute(RestTemplate.java:879)
	... 22 more

2026-05-28 19:23:44 [DiscoveryClient-InstanceInfoReplicator-0] [txId=] WARN  c.n.d.s.t.d.RetryableEurekaHttpClient - Request execution failed with message: I/O error on POST request for "http://localhost:8761/eureka/apps/TRAINER-WORKLOAD-SERVICE": Connect to http://localhost:8761 [localhost/127.0.0.1, localhost/0:0:0:0:0:0:0:1] failed: Connection refused
2026-05-28 19:23:44 [DiscoveryClient-InstanceInfoReplicator-0] [txId=] WARN  c.netflix.discovery.DiscoveryClient - DiscoveryClient_TRAINER-WORKLOAD-SERVICE/192.168.15.146:trainer-workload-service:8081 - registration failed Cannot execute request on any known server
com.netflix.discovery.shared.transport.TransportException: Cannot execute request on any known server
	at com.netflix.discovery.shared.transport.decorator.RetryableEurekaHttpClient.execute(RetryableEurekaHttpClient.java:112)
	at com.netflix.discovery.shared.transport.decorator.EurekaHttpClientDecorator.register(EurekaHttpClientDecorator.java:56)
	at com.netflix.discovery.shared.transport.decorator.EurekaHttpClientDecorator$1.execute(EurekaHttpClientDecorator.java:59)
	at com.netflix.discovery.shared.transport.decorator.SessionedEurekaHttpClient.execute(SessionedEurekaHttpClient.java:77)
	at com.netflix.discovery.shared.transport.decorator.EurekaHttpClientDecorator.register(EurekaHttpClientDecorator.java:56)
	at com.netflix.discovery.DiscoveryClient.register(DiscoveryClient.java:820)
	at com.netflix.discovery.InstanceInfoReplicator.run(InstanceInfoReplicator.java:121)
	at com.netflix.discovery.InstanceInfoReplicator$1.run(InstanceInfoReplicator.java:101)
	at java.base/java.util.concurrent.Executors$RunnableAdapter.call(Executors.java:539)
	at java.base/java.util.concurrent.FutureTask.run(FutureTask.java:264)
	at java.base/java.util.concurrent.ScheduledThreadPoolExecutor$ScheduledFutureTask.run(ScheduledThreadPoolExecutor.java:304)
	at java.base/java.util.concurrent.ThreadPoolExecutor.runWorker(ThreadPoolExecutor.java:1136)
	at java.base/java.util.concurrent.ThreadPoolExecutor$Worker.run(ThreadPoolExecutor.java:635)
	at java.base/java.lang.Thread.run(Thread.java:840)
2026-05-28 19:23:44 [DiscoveryClient-InstanceInfoReplicator-0] [txId=] WARN  c.n.discovery.InstanceInfoReplicator - There was a problem with the instance info replicator
com.netflix.discovery.shared.transport.TransportException: Cannot execute request on any known server
	at com.netflix.discovery.shared.transport.decorator.RetryableEurekaHttpClient.execute(RetryableEurekaHttpClient.java:112)
	at com.netflix.discovery.shared.transport.decorator.EurekaHttpClientDecorator.register(EurekaHttpClientDecorator.java:56)
	at com.netflix.discovery.shared.transport.decorator.EurekaHttpClientDecorator$1.execute(EurekaHttpClientDecorator.java:59)
	at com.netflix.discovery.shared.transport.decorator.SessionedEurekaHttpClient.execute(SessionedEurekaHttpClient.java:77)
	at com.netflix.discovery.shared.transport.decorator.EurekaHttpClientDecorator.register(EurekaHttpClientDecorator.java:56)
	at com.netflix.discovery.DiscoveryClient.register(DiscoveryClient.java:820)
	at com.netflix.discovery.InstanceInfoReplicator.run(InstanceInfoReplicator.java:121)
	at com.netflix.discovery.InstanceInfoReplicator$1.run(InstanceInfoReplicator.java:101)
	at java.base/java.util.concurrent.Executors$RunnableAdapter.call(Executors.java:539)
	at java.base/java.util.concurrent.FutureTask.run(FutureTask.java:264)
	at java.base/java.util.concurrent.ScheduledThreadPoolExecutor$ScheduledFutureTask.run(ScheduledThreadPoolExecutor.java:304)
	at java.base/java.util.concurrent.ThreadPoolExecutor.runWorker(ThreadPoolExecutor.java:1136)
	at java.base/java.util.concurrent.ThreadPoolExecutor$Worker.run(ThreadPoolExecutor.java:635)
	at java.base/java.lang.Thread.run(Thread.java:840)
2026-05-28 19:23:45 [SpringApplicationShutdownHook] [txId=] INFO  c.netflix.discovery.DiscoveryClient - Shutting down DiscoveryClient ...
2026-05-28 19:23:48 [SpringApplicationShutdownHook] [txId=] INFO  c.netflix.discovery.DiscoveryClient - Unregistering ...
2026-05-28 19:23:48 [SpringApplicationShutdownHook] [txId=] INFO  c.n.d.s.t.d.RedirectingEurekaHttpClient - Request execution error. endpoint=DefaultEndpoint{ serviceUrl='http://localhost:8761/eureka/}, exception=I/O error on DELETE request for "http://localhost:8761/eureka/apps/TRAINER-WORKLOAD-SERVICE/192.168.15.146:trainer-workload-service:8081": Connect to http://localhost:8761 [localhost/127.0.0.1, localhost/0:0:0:0:0:0:0:1] failed: Connection refused stacktrace=org.springframework.web.client.ResourceAccessException: I/O error on DELETE request for "http://localhost:8761/eureka/apps/TRAINER-WORKLOAD-SERVICE/192.168.15.146:trainer-workload-service:8081": Connect to http://localhost:8761 [localhost/127.0.0.1, localhost/0:0:0:0:0:0:0:1] failed: Connection refused
	at org.springframework.web.client.RestTemplate.createResourceAccessException(RestTemplate.java:905)
	at org.springframework.web.client.RestTemplate.doExecute(RestTemplate.java:885)
	at org.springframework.web.client.RestTemplate.execute(RestTemplate.java:781)
	at org.springframework.web.client.RestTemplate.exchange(RestTemplate.java:663)
	at org.springframework.cloud.netflix.eureka.http.RestTemplateEurekaHttpClient.cancel(RestTemplateEurekaHttpClient.java:87)
	at com.netflix.discovery.shared.transport.decorator.EurekaHttpClientDecorator$2.execute(EurekaHttpClientDecorator.java:74)
	at com.netflix.discovery.shared.transport.decorator.RedirectingEurekaHttpClient.executeOnNewServer(RedirectingEurekaHttpClient.java:121)
	at com.netflix.discovery.shared.transport.decorator.RedirectingEurekaHttpClient.execute(RedirectingEurekaHttpClient.java:80)
	at com.netflix.discovery.shared.transport.decorator.EurekaHttpClientDecorator.cancel(EurekaHttpClientDecorator.java:71)
	at com.netflix.discovery.shared.transport.decorator.EurekaHttpClientDecorator$2.execute(EurekaHttpClientDecorator.java:74)
	at com.netflix.discovery.shared.transport.decorator.RetryableEurekaHttpClient.execute(RetryableEurekaHttpClient.java:120)
	at com.netflix.discovery.shared.transport.decorator.EurekaHttpClientDecorator.cancel(EurekaHttpClientDecorator.java:71)
	at com.netflix.discovery.shared.transport.decorator.EurekaHttpClientDecorator$2.execute(EurekaHttpClientDecorator.java:74)
	at com.netflix.discovery.shared.transport.decorator.SessionedEurekaHttpClient.execute(SessionedEurekaHttpClient.java:77)
	at com.netflix.discovery.shared.transport.decorator.EurekaHttpClientDecorator.cancel(EurekaHttpClientDecorator.java:71)
	at com.netflix.discovery.DiscoveryClient.unregister(DiscoveryClient.java:916)
	at com.netflix.discovery.DiscoveryClient.shutdown(DiscoveryClient.java:892)
	at java.base/jdk.internal.reflect.NativeMethodAccessorImpl.invoke0(Native Method)
	at java.base/jdk.internal.reflect.NativeMethodAccessorImpl.invoke(NativeMethodAccessorImpl.java:77)
	at java.base/jdk.internal.reflect.DelegatingMethodAccessorImpl.invoke(DelegatingMethodAccessorImpl.java:43)
	at java.base/java.lang.reflect.Method.invoke(Method.java:569)
	at org.springframework.beans.factory.annotation.InitDestroyAnnotationBeanPostProcessor$LifecycleMethod.invoke(InitDestroyAnnotationBeanPostProcessor.java:457)
	at org.springframework.beans.factory.annotation.InitDestroyAnnotationBeanPostProcessor$LifecycleMetadata.invokeDestroyMethods(InitDestroyAnnotationBeanPostProcessor.java:415)
	at org.springframework.beans.factory.annotation.InitDestroyAnnotationBeanPostProcessor.postProcessBeforeDestruction(InitDestroyAnnotationBeanPostProcessor.java:239)
	at org.springframework.beans.factory.support.DisposableBeanAdapter.destroy(DisposableBeanAdapter.java:202)
	at org.springframework.beans.factory.support.DisposableBeanAdapter.run(DisposableBeanAdapter.java:195)
	at org.springframework.cloud.context.scope.GenericScope$BeanLifecycleWrapper.destroy(GenericScope.java:389)
	at org.springframework.cloud.context.scope.GenericScope.destroy(GenericScope.java:136)
	at org.springframework.beans.factory.support.DisposableBeanAdapter.destroy(DisposableBeanAdapter.java:211)
	at org.springframework.beans.factory.support.DefaultSingletonBeanRegistry.destroyBean(DefaultSingletonBeanRegistry.java:587)
	at org.springframework.beans.factory.support.DefaultSingletonBeanRegistry.destroySingleton(DefaultSingletonBeanRegistry.java:559)
	at org.springframework.beans.factory.support.DefaultListableBeanFactory.destroySingleton(DefaultListableBeanFactory.java:1200)
	at org.springframework.beans.factory.support.DefaultSingletonBeanRegistry.destroySingletons(DefaultSingletonBeanRegistry.java:520)
	at org.springframework.beans.factory.support.DefaultListableBeanFactory.destroySingletons(DefaultListableBeanFactory.java:1193)
	at org.springframework.context.support.AbstractApplicationContext.destroyBeans(AbstractApplicationContext.java:1125)
	at org.springframework.context.support.AbstractApplicationContext.doClose(AbstractApplicationContext.java:1086)
	at org.springframework.boot.web.servlet.context.ServletWebServerApplicationContext.doClose(ServletWebServerApplicationContext.java:174)
	at org.springframework.context.support.AbstractApplicationContext.close(AbstractApplicationContext.java:1037)
	at org.springframework.boot.SpringApplicationShutdownHook.closeAndWait(SpringApplicationShutdownHook.java:145)
	at java.base/java.lang.Iterable.forEach(Iterable.java:75)
	at org.springframework.boot.SpringApplicationShutdownHook.run(SpringApplicationShutdownHook.java:114)
	at java.base/java.lang.Thread.run(Thread.java:840)
Caused by: org.apache.hc.client5.http.HttpHostConnectException: Connect to http://localhost:8761 [localhost/127.0.0.1, localhost/0:0:0:0:0:0:0:1] failed: Connection refused
	at java.base/sun.nio.ch.Net.pollConnect(Native Method)
	at java.base/sun.nio.ch.Net.pollConnectNow(Net.java:684)
	at java.base/sun.nio.ch.NioSocketImpl.timedFinishConnect(NioSocketImpl.java:554)
	at java.base/sun.nio.ch.NioSocketImpl.connect(NioSocketImpl.java:602)
	at java.base/java.net.SocksSocketImpl.connect(SocksSocketImpl.java:327)
	at java.base/java.net.Socket.connect(Socket.java:633)
	at org.apache.hc.client5.http.socket.PlainConnectionSocketFactory.lambda$connectSocket$0(PlainConnectionSocketFactory.java:85)
	at java.base/java.security.AccessController.doPrivileged(AccessController.java:569)
	at org.apache.hc.client5.http.socket.PlainConnectionSocketFactory.connectSocket(PlainConnectionSocketFactory.java:84)
	at org.apache.hc.client5.http.socket.ConnectionSocketFactory.connectSocket(ConnectionSocketFactory.java:113)
	at org.apache.hc.client5.http.impl.io.DefaultHttpClientConnectionOperator.connect(DefaultHttpClientConnectionOperator.java:181)
	at org.apache.hc.client5.http.impl.io.PoolingHttpClientConnectionManager.connect(PoolingHttpClientConnectionManager.java:447)
	at org.apache.hc.client5.http.impl.classic.InternalExecRuntime.connectEndpoint(InternalExecRuntime.java:162)
	at org.apache.hc.client5.http.impl.classic.InternalExecRuntime.connectEndpoint(InternalExecRuntime.java:172)
	at org.apache.hc.client5.http.impl.classic.ConnectExec.execute(ConnectExec.java:142)
	at org.apache.hc.client5.http.impl.classic.ExecChainElement.execute(ExecChainElement.java:51)
	at org.apache.hc.client5.http.impl.classic.ProtocolExec.execute(ProtocolExec.java:192)
	at org.apache.hc.client5.http.impl.classic.ExecChainElement.execute(ExecChainElement.java:51)
	at org.apache.hc.client5.http.impl.classic.HttpRequestRetryExec.execute(HttpRequestRetryExec.java:96)
	at org.apache.hc.client5.http.impl.classic.ExecChainElement.execute(ExecChainElement.java:51)
	at org.apache.hc.client5.http.impl.classic.ContentCompressionExec.execute(ContentCompressionExec.java:152)
	at org.apache.hc.client5.http.impl.classic.ExecChainElement.execute(ExecChainElement.java:51)
	at org.apache.hc.client5.http.impl.classic.RedirectExec.execute(RedirectExec.java:115)
	at org.apache.hc.client5.http.impl.classic.ExecChainElement.execute(ExecChainElement.java:51)
	at org.apache.hc.client5.http.impl.classic.InternalHttpClient.doExecute(InternalHttpClient.java:170)
	at org.apache.hc.client5.http.impl.classic.CloseableHttpClient.execute(CloseableHttpClient.java:87)
	at org.apache.hc.client5.http.impl.classic.CloseableHttpClient.execute(CloseableHttpClient.java:55)
	at org.apache.hc.client5.http.classic.HttpClient.executeOpen(HttpClient.java:183)
	at org.springframework.http.client.HttpComponentsClientHttpRequest.executeInternal(HttpComponentsClientHttpRequest.java:95)
	at org.springframework.http.client.AbstractStreamingClientHttpRequest.executeInternal(AbstractStreamingClientHttpRequest.java:70)
	at org.springframework.http.client.AbstractClientHttpRequest.execute(AbstractClientHttpRequest.java:66)
	at org.springframework.http.client.InterceptingClientHttpRequest$InterceptingRequestExecution.execute(InterceptingClientHttpRequest.java:101)
	at org.springframework.cloud.netflix.eureka.http.RestTemplateTransportClientFactory.lambda$restTemplate$0(RestTemplateTransportClientFactory.java:143)
	at org.springframework.http.client.InterceptingClientHttpRequest$InterceptingRequestExecution.execute(InterceptingClientHttpRequest.java:87)
	at org.springframework.http.client.InterceptingClientHttpRequest.executeInternal(InterceptingClientHttpRequest.java:71)
	at org.springframework.http.client.AbstractBufferingClientHttpRequest.executeInternal(AbstractBufferingClientHttpRequest.java:48)
	at org.springframework.http.client.AbstractClientHttpRequest.execute(AbstractClientHttpRequest.java:66)
	at org.springframework.web.client.RestTemplate.doExecute(RestTemplate.java:879)
	... 40 more

2026-05-28 19:23:48 [SpringApplicationShutdownHook] [txId=] WARN  c.n.d.s.t.d.RetryableEurekaHttpClient - Request execution failed with message: I/O error on DELETE request for "http://localhost:8761/eureka/apps/TRAINER-WORKLOAD-SERVICE/192.168.15.146:trainer-workload-service:8081": Connect to http://localhost:8761 [localhost/127.0.0.1, localhost/0:0:0:0:0:0:0:1] failed: Connection refused
2026-05-28 19:23:48 [SpringApplicationShutdownHook] [txId=] ERROR c.netflix.discovery.DiscoveryClient - DiscoveryClient_TRAINER-WORKLOAD-SERVICE/192.168.15.146:trainer-workload-service:8081 - de-registration failedCannot execute request on any known server
com.netflix.discovery.shared.transport.TransportException: Cannot execute request on any known server
	at com.netflix.discovery.shared.transport.decorator.RetryableEurekaHttpClient.execute(RetryableEurekaHttpClient.java:112)
	at com.netflix.discovery.shared.transport.decorator.EurekaHttpClientDecorator.cancel(EurekaHttpClientDecorator.java:71)
	at com.netflix.discovery.shared.transport.decorator.EurekaHttpClientDecorator$2.execute(EurekaHttpClientDecorator.java:74)
	at com.netflix.discovery.shared.transport.decorator.SessionedEurekaHttpClient.execute(SessionedEurekaHttpClient.java:77)
	at com.netflix.discovery.shared.transport.decorator.EurekaHttpClientDecorator.cancel(EurekaHttpClientDecorator.java:71)
	at com.netflix.discovery.DiscoveryClient.unregister(DiscoveryClient.java:916)
	at com.netflix.discovery.DiscoveryClient.shutdown(DiscoveryClient.java:892)
	at java.base/jdk.internal.reflect.NativeMethodAccessorImpl.invoke0(Native Method)
	at java.base/jdk.internal.reflect.NativeMethodAccessorImpl.invoke(NativeMethodAccessorImpl.java:77)
	at java.base/jdk.internal.reflect.DelegatingMethodAccessorImpl.invoke(DelegatingMethodAccessorImpl.java:43)
	at java.base/java.lang.reflect.Method.invoke(Method.java:569)
	at org.springframework.beans.factory.annotation.InitDestroyAnnotationBeanPostProcessor$LifecycleMethod.invoke(InitDestroyAnnotationBeanPostProcessor.java:457)
	at org.springframework.beans.factory.annotation.InitDestroyAnnotationBeanPostProcessor$LifecycleMetadata.invokeDestroyMethods(InitDestroyAnnotationBeanPostProcessor.java:415)
	at org.springframework.beans.factory.annotation.InitDestroyAnnotationBeanPostProcessor.postProcessBeforeDestruction(InitDestroyAnnotationBeanPostProcessor.java:239)
	at org.springframework.beans.factory.support.DisposableBeanAdapter.destroy(DisposableBeanAdapter.java:202)
	at org.springframework.beans.factory.support.DisposableBeanAdapter.run(DisposableBeanAdapter.java:195)
	at org.springframework.cloud.context.scope.GenericScope$BeanLifecycleWrapper.destroy(GenericScope.java:389)
	at org.springframework.cloud.context.scope.GenericScope.destroy(GenericScope.java:136)
	at org.springframework.beans.factory.support.DisposableBeanAdapter.destroy(DisposableBeanAdapter.java:211)
	at org.springframework.beans.factory.support.DefaultSingletonBeanRegistry.destroyBean(DefaultSingletonBeanRegistry.java:587)
	at org.springframework.beans.factory.support.DefaultSingletonBeanRegistry.destroySingleton(DefaultSingletonBeanRegistry.java:559)
	at org.springframework.beans.factory.support.DefaultListableBeanFactory.destroySingleton(DefaultListableBeanFactory.java:1200)
	at org.springframework.beans.factory.support.DefaultSingletonBeanRegistry.destroySingletons(DefaultSingletonBeanRegistry.java:520)
	at org.springframework.beans.factory.support.DefaultListableBeanFactory.destroySingletons(DefaultListableBeanFactory.java:1193)
	at org.springframework.context.support.AbstractApplicationContext.destroyBeans(AbstractApplicationContext.java:1125)
	at org.springframework.context.support.AbstractApplicationContext.doClose(AbstractApplicationContext.java:1086)
	at org.springframework.boot.web.servlet.context.ServletWebServerApplicationContext.doClose(ServletWebServerApplicationContext.java:174)
	at org.springframework.context.support.AbstractApplicationContext.close(AbstractApplicationContext.java:1037)
	at org.springframework.boot.SpringApplicationShutdownHook.closeAndWait(SpringApplicationShutdownHook.java:145)
	at java.base/java.lang.Iterable.forEach(Iterable.java:75)
	at org.springframework.boot.SpringApplicationShutdownHook.run(SpringApplicationShutdownHook.java:114)
	at java.base/java.lang.Thread.run(Thread.java:840)
2026-05-28 19:23:48 [SpringApplicationShutdownHook] [txId=] INFO  c.netflix.discovery.DiscoveryClient - Completed shut down of DiscoveryClient
2026-05-28 19:24:39 [main] [txId=] INFO  c.e.w.TrainerWorkloadApplication - Starting TrainerWorkloadApplication using Java 17.0.18 with PID 70092 (/Users/mariagevorgyan/Documents/Epam_Task1_Spring/trainer-workload-service/target/classes started by mariagevorgyan in /Users/mariagevorgyan/Documents/Epam_Task1_Spring/trainer-workload-service)
2026-05-28 19:24:39 [main] [txId=] DEBUG c.e.w.TrainerWorkloadApplication - Running with Spring Boot v3.2.0, Spring v6.1.1
2026-05-28 19:24:39 [main] [txId=] INFO  c.e.w.TrainerWorkloadApplication - No active profile set, falling back to 1 default profile: "default"
2026-05-28 19:24:39 [main] [txId=] INFO  o.s.cloud.context.scope.GenericScope - BeanFactory id=b44c9ad6-fa87-3038-b78f-4eb651794c00
2026-05-28 19:24:39 [main] [txId=] WARN  o.s.c.s.PostProcessorRegistrationDelegate$BeanPostProcessorChecker - Bean 'org.springframework.cloud.client.loadbalancer.LoadBalancerAutoConfiguration$LoadBalancerInterceptorConfig' of type [org.springframework.cloud.client.loadbalancer.LoadBalancerAutoConfiguration$LoadBalancerInterceptorConfig] is not eligible for getting processed by all BeanPostProcessors (for example: not eligible for auto-proxying). The currently created BeanPostProcessor [lbRestClientPostProcessor] is declared through a non-static factory method on that class; consider declaring it as static instead.
2026-05-28 19:24:39 [main] [txId=] WARN  o.s.c.s.PostProcessorRegistrationDelegate$BeanPostProcessorChecker - Bean 'org.springframework.cloud.loadbalancer.config.BlockingLoadBalancerClientAutoConfiguration' of type [org.springframework.cloud.loadbalancer.config.BlockingLoadBalancerClientAutoConfiguration] is not eligible for getting processed by all BeanPostProcessors (for example: not eligible for auto-proxying). Is this bean getting eagerly injected into a currently created BeanPostProcessor [lbRestClientPostProcessor]? Check the corresponding BeanPostProcessor declaration and its dependencies.
2026-05-28 19:24:39 [main] [txId=] WARN  o.s.c.s.PostProcessorRegistrationDelegate$BeanPostProcessorChecker - Bean 'org.springframework.cloud.loadbalancer.config.LoadBalancerAutoConfiguration' of type [org.springframework.cloud.loadbalancer.config.LoadBalancerAutoConfiguration] is not eligible for getting processed by all BeanPostProcessors (for example: not eligible for auto-proxying). Is this bean getting eagerly injected into a currently created BeanPostProcessor [lbRestClientPostProcessor]? Check the corresponding BeanPostProcessor declaration and its dependencies.
2026-05-28 19:24:39 [main] [txId=] WARN  o.s.c.s.PostProcessorRegistrationDelegate$BeanPostProcessorChecker - Bean 'org.springframework.cloud.commons.config.CommonsConfigAutoConfiguration' of type [org.springframework.cloud.commons.config.CommonsConfigAutoConfiguration] is not eligible for getting processed by all BeanPostProcessors (for example: not eligible for auto-proxying). Is this bean getting eagerly injected into a currently created BeanPostProcessor [lbRestClientPostProcessor]? Check the corresponding BeanPostProcessor declaration and its dependencies.
2026-05-28 19:24:39 [main] [txId=] WARN  o.s.c.s.PostProcessorRegistrationDelegate$BeanPostProcessorChecker - Bean 'org.springframework.cloud.client.loadbalancer.LoadBalancerDefaultMappingsProviderAutoConfiguration' of type [org.springframework.cloud.client.loadbalancer.LoadBalancerDefaultMappingsProviderAutoConfiguration] is not eligible for getting processed by all BeanPostProcessors (for example: not eligible for auto-proxying). Is this bean getting eagerly injected into a currently created BeanPostProcessor [lbRestClientPostProcessor]? Check the corresponding BeanPostProcessor declaration and its dependencies.
2026-05-28 19:24:39 [main] [txId=] WARN  o.s.c.s.PostProcessorRegistrationDelegate$BeanPostProcessorChecker - Bean 'loadBalancerClientsDefaultsMappingsProvider' of type [org.springframework.cloud.client.loadbalancer.LoadBalancerDefaultMappingsProviderAutoConfiguration$$Lambda$549/0x0000007001376c80] is not eligible for getting processed by all BeanPostProcessors (for example: not eligible for auto-proxying). Is this bean getting eagerly injected into a currently created BeanPostProcessor [lbRestClientPostProcessor]? Check the corresponding BeanPostProcessor declaration and its dependencies.
2026-05-28 19:24:39 [main] [txId=] WARN  o.s.c.s.PostProcessorRegistrationDelegate$BeanPostProcessorChecker - Bean 'defaultsBindHandlerAdvisor' of type [org.springframework.cloud.commons.config.DefaultsBindHandlerAdvisor] is not eligible for getting processed by all BeanPostProcessors (for example: not eligible for auto-proxying). Is this bean getting eagerly injected into a currently created BeanPostProcessor [lbRestClientPostProcessor]? Check the corresponding BeanPostProcessor declaration and its dependencies.
2026-05-28 19:24:39 [main] [txId=] WARN  o.s.c.s.PostProcessorRegistrationDelegate$BeanPostProcessorChecker - Bean 'spring.cloud.loadbalancer-org.springframework.cloud.client.loadbalancer.LoadBalancerClientsProperties' of type [org.springframework.cloud.client.loadbalancer.LoadBalancerClientsProperties] is not eligible for getting processed by all BeanPostProcessors (for example: not eligible for auto-proxying). Is this bean getting eagerly injected into a currently created BeanPostProcessor [lbRestClientPostProcessor]? Check the corresponding BeanPostProcessor declaration and its dependencies.
2026-05-28 19:24:39 [main] [txId=] WARN  o.s.c.s.PostProcessorRegistrationDelegate$BeanPostProcessorChecker - Bean 'default.org.springframework.cloud.loadbalancer.config.LoadBalancerAutoConfiguration.LoadBalancerClientSpecification' of type [org.springframework.cloud.loadbalancer.annotation.LoadBalancerClientSpecification] is not eligible for getting processed by all BeanPostProcessors (for example: not eligible for auto-proxying). Is this bean getting eagerly injected into a currently created BeanPostProcessor [lbRestClientPostProcessor]? Check the corresponding BeanPostProcessor declaration and its dependencies.
2026-05-28 19:24:39 [main] [txId=] WARN  o.s.c.s.PostProcessorRegistrationDelegate$BeanPostProcessorChecker - Bean 'default.org.springframework.cloud.loadbalancer.config.BlockingLoadBalancerClientAutoConfiguration.LoadBalancerClientSpecification' of type [org.springframework.cloud.loadbalancer.annotation.LoadBalancerClientSpecification] is not eligible for getting processed by all BeanPostProcessors (for example: not eligible for auto-proxying). Is this bean getting eagerly injected into a currently created BeanPostProcessor [lbRestClientPostProcessor]? Check the corresponding BeanPostProcessor declaration and its dependencies.
2026-05-28 19:24:39 [main] [txId=] WARN  o.s.c.s.PostProcessorRegistrationDelegate$BeanPostProcessorChecker - Bean 'default.org.springframework.cloud.netflix.eureka.loadbalancer.LoadBalancerEurekaAutoConfiguration.LoadBalancerClientSpecification' of type [org.springframework.cloud.loadbalancer.annotation.LoadBalancerClientSpecification] is not eligible for getting processed by all BeanPostProcessors (for example: not eligible for auto-proxying). Is this bean getting eagerly injected into a currently created BeanPostProcessor [lbRestClientPostProcessor]? Check the corresponding BeanPostProcessor declaration and its dependencies.
2026-05-28 19:24:39 [main] [txId=] WARN  o.s.c.s.PostProcessorRegistrationDelegate$BeanPostProcessorChecker - Bean 'loadBalancerClientFactory' of type [org.springframework.cloud.loadbalancer.support.LoadBalancerClientFactory] is not eligible for getting processed by all BeanPostProcessors (for example: not eligible for auto-proxying). Is this bean getting eagerly injected into a currently created BeanPostProcessor [lbRestClientPostProcessor]? Check the corresponding BeanPostProcessor declaration and its dependencies.
2026-05-28 19:24:39 [main] [txId=] WARN  o.s.c.s.PostProcessorRegistrationDelegate$BeanPostProcessorChecker - Bean 'blockingLoadBalancerClient' of type [org.springframework.cloud.loadbalancer.blocking.client.BlockingLoadBalancerClient] is not eligible for getting processed by all BeanPostProcessors (for example: not eligible for auto-proxying). Is this bean getting eagerly injected into a currently created BeanPostProcessor [lbRestClientPostProcessor]? Check the corresponding BeanPostProcessor declaration and its dependencies.
2026-05-28 19:24:39 [main] [txId=] WARN  o.s.c.s.PostProcessorRegistrationDelegate$BeanPostProcessorChecker - Bean 'loadBalancerServiceInstanceCookieTransformer' of type [org.springframework.cloud.loadbalancer.core.LoadBalancerServiceInstanceCookieTransformer] is not eligible for getting processed by all BeanPostProcessors (for example: not eligible for auto-proxying). Is this bean getting eagerly injected into a currently created BeanPostProcessor [lbRestClientPostProcessor]? Check the corresponding BeanPostProcessor declaration and its dependencies.
2026-05-28 19:24:39 [main] [txId=] WARN  o.s.c.s.PostProcessorRegistrationDelegate$BeanPostProcessorChecker - Bean 'xForwarderHeadersTransformer' of type [org.springframework.cloud.loadbalancer.blocking.XForwardedHeadersTransformer] is not eligible for getting processed by all BeanPostProcessors (for example: not eligible for auto-proxying). Is this bean getting eagerly injected into a currently created BeanPostProcessor [lbRestClientPostProcessor]? Check the corresponding BeanPostProcessor declaration and its dependencies.
2026-05-28 19:24:39 [main] [txId=] WARN  o.s.c.s.PostProcessorRegistrationDelegate$BeanPostProcessorChecker - Bean 'org.springframework.cloud.client.loadbalancer.LoadBalancerAutoConfiguration' of type [org.springframework.cloud.client.loadbalancer.LoadBalancerAutoConfiguration] is not eligible for getting processed by all BeanPostProcessors (for example: not eligible for auto-proxying). Is this bean getting eagerly injected into a currently created BeanPostProcessor [lbRestClientPostProcessor]? Check the corresponding BeanPostProcessor declaration and its dependencies.
2026-05-28 19:24:39 [main] [txId=] WARN  o.s.c.s.PostProcessorRegistrationDelegate$BeanPostProcessorChecker - Bean 'loadBalancerRequestFactory' of type [org.springframework.cloud.client.loadbalancer.LoadBalancerRequestFactory] is not eligible for getting processed by all BeanPostProcessors (for example: not eligible for auto-proxying). Is this bean getting eagerly injected into a currently created BeanPostProcessor [lbRestClientPostProcessor]? Check the corresponding BeanPostProcessor declaration and its dependencies.
2026-05-28 19:24:39 [main] [txId=] WARN  o.s.c.s.PostProcessorRegistrationDelegate$BeanPostProcessorChecker - Bean 'loadBalancerInterceptor' of type [org.springframework.cloud.client.loadbalancer.LoadBalancerInterceptor] is not eligible for getting processed by all BeanPostProcessors (for example: not eligible for auto-proxying). Is this bean getting eagerly injected into a currently created BeanPostProcessor [lbRestClientPostProcessor]? Check the corresponding BeanPostProcessor declaration and its dependencies.
2026-05-28 19:24:39 [main] [txId=] INFO  o.s.b.w.e.tomcat.TomcatWebServer - Tomcat initialized with port 8081 (http)
2026-05-28 19:24:39 [main] [txId=] INFO  o.a.coyote.http11.Http11NioProtocol - Initializing ProtocolHandler ["http-nio-8081"]
2026-05-28 19:24:39 [main] [txId=] INFO  o.a.catalina.core.StandardService - Starting service [Tomcat]
2026-05-28 19:24:39 [main] [txId=] INFO  o.a.catalina.core.StandardEngine - Starting Servlet engine: [Apache Tomcat/10.1.16]
2026-05-28 19:24:39 [main] [txId=] INFO  o.a.c.c.C.[Tomcat].[localhost].[/] - Initializing Spring embedded WebApplicationContext
2026-05-28 19:24:39 [main] [txId=] INFO  o.s.b.w.s.c.ServletWebServerApplicationContext - Root WebApplicationContext: initialization completed in 396 ms
2026-05-28 19:24:39 [main] [txId=] DEBUG c.e.w.l.TransactionLoggingFilter - Filter 'transactionLoggingFilter' configured for use
2026-05-28 19:24:39 [main] [txId=] DEBUG c.e.workload.security.JwtAuthFilter - Filter 'jwtAuthFilter' configured for use
2026-05-28 19:24:39 [main] [txId=] WARN  o.s.b.a.s.s.UserDetailsServiceAutoConfiguration - 

Using generated security password: c7cd8dc7-702a-4b20-bb7b-6bf7ed813d94

This generated password is for development use only. Your security configuration must be updated before running your application in production.

2026-05-28 19:24:39 [main] [txId=] INFO  o.s.b.a.e.web.EndpointLinksResolver - Exposing 2 endpoint(s) beneath base path '/actuator'
2026-05-28 19:24:39 [main] [txId=] INFO  o.s.s.web.DefaultSecurityFilterChain - Will secure any request with [org.springframework.security.web.session.DisableEncodeUrlFilter@2964511, org.springframework.security.web.context.request.async.WebAsyncManagerIntegrationFilter@6e9a10cd, org.springframework.security.web.context.SecurityContextHolderFilter@11148dc2, org.springframework.security.web.header.HeaderWriterFilter@6a6d1ff3, org.springframework.web.filter.CorsFilter@6ea66c33, org.springframework.security.web.authentication.logout.LogoutFilter@6e5f5478, com.epam.workload.security.JwtAuthFilter@8fcc534, org.springframework.security.web.savedrequest.RequestCacheAwareFilter@60a01cb, org.springframework.security.web.servletapi.SecurityContextHolderAwareRequestFilter@4efb13f1, org.springframework.security.web.authentication.AnonymousAuthenticationFilter@59b447a4, org.springframework.security.web.session.SessionManagementFilter@66298fe9, org.springframework.security.web.access.ExceptionTranslationFilter@3db1ce78, org.springframework.security.web.access.intercept.AuthorizationFilter@27896d3b]
2026-05-28 19:24:39 [main] [txId=] INFO  o.s.c.n.e.c.DiscoveryClientOptionalArgsConfiguration - Eureka HTTP Client uses RestTemplate.
2026-05-28 19:24:39 [main] [txId=] WARN  o.s.c.l.c.LoadBalancerCacheAutoConfiguration$LoadBalancerCaffeineWarnLogger - Spring Cloud LoadBalancer is currently working with the default cache. While this cache implementation is useful for development and tests, it's recommended to use Caffeine cache in production.You can switch to using Caffeine cache, by adding it and org.springframework.cache.caffeine.CaffeineCacheManager to the classpath.
2026-05-28 19:24:39 [main] [txId=] INFO  o.s.c.n.eureka.InstanceInfoFactory - Setting initial instance status as: STARTING
2026-05-28 19:24:39 [main] [txId=] INFO  c.netflix.discovery.DiscoveryClient - Initializing Eureka in region us-east-1
2026-05-28 19:24:39 [main] [txId=] INFO  c.n.d.s.r.aws.ConfigClusterResolver - Resolving eureka endpoints via configuration
2026-05-28 19:24:39 [main] [txId=] INFO  c.netflix.discovery.DiscoveryClient - Disable delta property : false
2026-05-28 19:24:39 [main] [txId=] INFO  c.netflix.discovery.DiscoveryClient - Single vip registry refresh property : null
2026-05-28 19:24:39 [main] [txId=] INFO  c.netflix.discovery.DiscoveryClient - Force full registry fetch : false
2026-05-28 19:24:39 [main] [txId=] INFO  c.netflix.discovery.DiscoveryClient - Application is null : false
2026-05-28 19:24:39 [main] [txId=] INFO  c.netflix.discovery.DiscoveryClient - Registered Applications size is zero : true
2026-05-28 19:24:39 [main] [txId=] INFO  c.netflix.discovery.DiscoveryClient - Application version is -1: true
2026-05-28 19:24:39 [main] [txId=] INFO  c.netflix.discovery.DiscoveryClient - Getting all instance registry info from the eureka server
2026-05-28 19:24:40 [main] [txId=] INFO  c.netflix.discovery.DiscoveryClient - The response status is 200
2026-05-28 19:24:40 [main] [txId=] INFO  c.netflix.discovery.DiscoveryClient - Starting heartbeat executor: renew interval is: 30
2026-05-28 19:24:40 [main] [txId=] INFO  c.n.discovery.InstanceInfoReplicator - InstanceInfoReplicator onDemand update allowed rate per min is 4
2026-05-28 19:24:40 [main] [txId=] INFO  c.netflix.discovery.DiscoveryClient - Discovery Client initialized at timestamp 1779981880091 with initial instances count: 0
2026-05-28 19:24:40 [main] [txId=] INFO  o.s.c.n.e.s.EurekaServiceRegistry - Registering application TRAINER-WORKLOAD-SERVICE with eureka with status UP
2026-05-28 19:24:40 [main] [txId=] INFO  c.netflix.discovery.DiscoveryClient - Saw local status change event StatusChangeEvent [timestamp=1779981880092, current=UP, previous=STARTING]
2026-05-28 19:24:40 [DiscoveryClient-InstanceInfoReplicator-0] [txId=] INFO  c.netflix.discovery.DiscoveryClient - DiscoveryClient_TRAINER-WORKLOAD-SERVICE/192.168.15.146:trainer-workload-service:8081: registering service...
2026-05-28 19:24:40 [main] [txId=] INFO  o.a.coyote.http11.Http11NioProtocol - Starting ProtocolHandler ["http-nio-8081"]
2026-05-28 19:24:40 [main] [txId=] INFO  o.s.b.w.e.tomcat.TomcatWebServer - Tomcat started on port 8081 (http) with context path ''
2026-05-28 19:24:40 [main] [txId=] INFO  o.s.c.n.e.s.EurekaAutoServiceRegistration - Updating port to 8081
2026-05-28 19:24:40 [DiscoveryClient-InstanceInfoReplicator-0] [txId=] INFO  c.netflix.discovery.DiscoveryClient - DiscoveryClient_TRAINER-WORKLOAD-SERVICE/192.168.15.146:trainer-workload-service:8081 - registration status: 204
2026-05-28 19:24:40 [main] [txId=] INFO  c.e.w.TrainerWorkloadApplication - Started TrainerWorkloadApplication in 1.188 seconds (process running for 1.294)
2026-05-28 19:25:10 [DiscoveryClient-CacheRefreshExecutor-0] [txId=] INFO  c.netflix.discovery.DiscoveryClient - Disable delta property : false
2026-05-28 19:25:10 [DiscoveryClient-CacheRefreshExecutor-0] [txId=] INFO  c.netflix.discovery.DiscoveryClient - Single vip registry refresh property : null
2026-05-28 19:25:10 [DiscoveryClient-CacheRefreshExecutor-0] [txId=] INFO  c.netflix.discovery.DiscoveryClient - Force full registry fetch : false
2026-05-28 19:25:10 [DiscoveryClient-CacheRefreshExecutor-0] [txId=] INFO  c.netflix.discovery.DiscoveryClient - Application is null : false
2026-05-28 19:25:10 [DiscoveryClient-CacheRefreshExecutor-0] [txId=] INFO  c.netflix.discovery.DiscoveryClient - Registered Applications size is zero : true
2026-05-28 19:25:10 [DiscoveryClient-CacheRefreshExecutor-0] [txId=] INFO  c.netflix.discovery.DiscoveryClient - Application version is -1: false
2026-05-28 19:25:10 [DiscoveryClient-CacheRefreshExecutor-0] [txId=] INFO  c.netflix.discovery.DiscoveryClient - Getting all instance registry info from the eureka server
2026-05-28 19:25:10 [DiscoveryClient-CacheRefreshExecutor-0] [txId=] INFO  c.netflix.discovery.DiscoveryClient - The response status is 200
2026-05-28 19:26:17 [http-nio-8081-exec-1] [txId=] INFO  o.a.c.c.C.[Tomcat].[localhost].[/] - Initializing Spring DispatcherServlet 'dispatcherServlet'
2026-05-28 19:26:17 [http-nio-8081-exec-1] [txId=] INFO  o.s.web.servlet.DispatcherServlet - Initializing Servlet 'dispatcherServlet'
2026-05-28 19:26:17 [http-nio-8081-exec-1] [txId=] INFO  o.s.web.servlet.DispatcherServlet - Completed initialization in 3 ms
2026-05-28 19:26:17 [http-nio-8081-exec-1] [txId=] WARN  o.s.w.s.h.HandlerMappingIntrospector - Cache miss for REQUEST dispatch to '/actuator/info' (previous null). Performing CorsConfiguration lookup. This is logged once only at WARN level, and every time at TRACE.
2026-05-28 19:26:17 [http-nio-8081-exec-1] [txId=] WARN  o.s.w.s.h.HandlerMappingIntrospector - Cache miss for REQUEST dispatch to '/actuator/info' (previous null). Performing MatchableHandlerMapping lookup. This is logged once only at WARN level, and every time at TRACE.
2026-05-28 19:26:17 [http-nio-8081-exec-1] [txId=0e339c1b-f097-477a-80be-70b0fe6da732] INFO  c.e.w.l.TransactionLoggingFilter - [TRANSACTION] endpoint=/actuator/info method=GET transactionId=0e339c1b-f097-477a-80be-70b0fe6da732
2026-05-28 19:26:17 [http-nio-8081-exec-1] [txId=0e339c1b-f097-477a-80be-70b0fe6da732] INFO  c.e.w.l.TransactionLoggingFilter - [TRANSACTION] endpoint=/actuator/info status=200 transactionId=0e339c1b-f097-477a-80be-70b0fe6da732
2026-05-28 19:26:33 [org.springframework.jms.JmsListenerEndpointContainer#1-1] [txId=7c0944aa-9676-4405-b2f5-edf6707ddae8] INFO  c.e.w.m.WorkloadMessageListener - [JMS] Received workload message: trainer=john.smith, action=ADD, transactionId=7c0944aa-9676-4405-b2f5-edf6707ddae8
2026-05-28 19:26:33 [org.springframework.jms.JmsListenerEndpointContainer#1-1] [txId=7c0944aa-9676-4405-b2f5-edf6707ddae8] INFO  c.e.w.service.TrainerWorkloadService - Added 60 minutes for trainer 'john.smith' in 2024/1
2026-05-28 19:26:33 [org.springframework.jms.JmsListenerEndpointContainer#1-1] [txId=7c0944aa-9676-4405-b2f5-edf6707ddae8] INFO  c.e.w.m.WorkloadMessageListener - [JMS] Workload processed successfully for trainer 'john.smith'
2026-05-28 19:26:41 [http-nio-8081-exec-3] [txId=0c9731fb-d6fb-4b40-8147-a7bca32643f0] INFO  c.e.w.l.TransactionLoggingFilter - [TRANSACTION] endpoint=/api/trainer-workload/john.smith method=GET transactionId=0c9731fb-d6fb-4b40-8147-a7bca32643f0
2026-05-28 19:26:41 [http-nio-8081-exec-3] [txId=0c9731fb-d6fb-4b40-8147-a7bca32643f0] INFO  c.e.w.c.TrainerWorkloadController - Fetching workload summary for trainer 'john.smith'
2026-05-28 19:26:41 [http-nio-8081-exec-3] [txId=0c9731fb-d6fb-4b40-8147-a7bca32643f0] INFO  c.e.w.c.TrainerWorkloadController - Summary retrieved for trainer 'john.smith', transactionId=0c9731fb-d6fb-4b40-8147-a7bca32643f0
2026-05-28 19:26:41 [http-nio-8081-exec-3] [txId=0c9731fb-d6fb-4b40-8147-a7bca32643f0] INFO  c.e.w.l.TransactionLoggingFilter - [TRANSACTION] endpoint=/api/trainer-workload/john.smith status=200 transactionId=0c9731fb-d6fb-4b40-8147-a7bca32643f0
2026-05-28 19:27:52 [org.springframework.jms.JmsListenerEndpointContainer#1-1] [txId=9cb9540e-eada-4d29-a966-f6bc8092d8aa] INFO  c.e.w.m.WorkloadMessageListener - [JMS] Received workload message: trainer=john.smith, action=ADD, transactionId=9cb9540e-eada-4d29-a966-f6bc8092d8aa
2026-05-28 19:27:52 [org.springframework.jms.JmsListenerEndpointContainer#1-1] [txId=] WARN  o.s.j.l.DefaultMessageListenerContainer - Execution of JMS message listener failed, and no ErrorHandler has been set.
org.springframework.jms.listener.adapter.ListenerExecutionFailedException: Listener method 'public void com.epam.workload.messaging.WorkloadMessageListener.onWorkloadMessage(com.epam.workload.dto.TrainerWorkloadRequest,java.lang.String)' threw exception
	at org.springframework.jms.listener.adapter.MessagingMessageListenerAdapter.invokeHandler(MessagingMessageListenerAdapter.java:118)
	at org.springframework.jms.listener.adapter.MessagingMessageListenerAdapter.onMessage(MessagingMessageListenerAdapter.java:84)
	at org.springframework.jms.listener.AbstractMessageListenerContainer.doInvokeListener(AbstractMessageListenerContainer.java:783)
	at org.springframework.jms.listener.AbstractMessageListenerContainer.invokeListener(AbstractMessageListenerContainer.java:741)
	at org.springframework.jms.listener.AbstractMessageListenerContainer.doExecuteListener(AbstractMessageListenerContainer.java:719)
	at org.springframework.jms.listener.AbstractPollingMessageListenerContainer.doReceiveAndExecute(AbstractPollingMessageListenerContainer.java:333)
	at org.springframework.jms.listener.AbstractPollingMessageListenerContainer.receiveAndExecute(AbstractPollingMessageListenerContainer.java:270)
	at org.springframework.jms.listener.DefaultMessageListenerContainer$AsyncMessageListenerInvoker.invokeListener(DefaultMessageListenerContainer.java:1258)
	at org.springframework.jms.listener.DefaultMessageListenerContainer$AsyncMessageListenerInvoker.executeOngoingLoop(DefaultMessageListenerContainer.java:1248)
	at org.springframework.jms.listener.DefaultMessageListenerContainer$AsyncMessageListenerInvoker.run(DefaultMessageListenerContainer.java:1141)
	at java.base/java.lang.Thread.run(Thread.java:840)
Caused by: java.lang.IllegalArgumentException: Workload message has invalid trainingDuration: 0
	at com.epam.workload.messaging.WorkloadMessageListener.validate(WorkloadMessageListener.java:64)
	at com.epam.workload.messaging.WorkloadMessageListener.onWorkloadMessage(WorkloadMessageListener.java:34)
	at java.base/jdk.internal.reflect.NativeMethodAccessorImpl.invoke0(Native Method)
	at java.base/jdk.internal.reflect.NativeMethodAccessorImpl.invoke(NativeMethodAccessorImpl.java:77)
	at java.base/jdk.internal.reflect.DelegatingMethodAccessorImpl.invoke(DelegatingMethodAccessorImpl.java:43)
	at java.base/java.lang.reflect.Method.invoke(Method.java:569)
	at org.springframework.messaging.handler.invocation.InvocableHandlerMethod.doInvoke(InvocableHandlerMethod.java:169)
	at org.springframework.messaging.handler.invocation.InvocableHandlerMethod.invoke(InvocableHandlerMethod.java:119)
	at org.springframework.jms.listener.adapter.MessagingMessageListenerAdapter.invokeHandler(MessagingMessageListenerAdapter.java:110)
	... 10 common frames omitted
2026-05-28 19:27:53 [org.springframework.jms.JmsListenerEndpointContainer#1-1] [txId=9cb9540e-eada-4d29-a966-f6bc8092d8aa] INFO  c.e.w.m.WorkloadMessageListener - [JMS] Received workload message: trainer=john.smith, action=ADD, transactionId=9cb9540e-eada-4d29-a966-f6bc8092d8aa
2026-05-28 19:27:53 [org.springframework.jms.JmsListenerEndpointContainer#1-1] [txId=] WARN  o.s.j.l.DefaultMessageListenerContainer - Execution of JMS message listener failed, and no ErrorHandler has been set.
org.springframework.jms.listener.adapter.ListenerExecutionFailedException: Listener method 'public void com.epam.workload.messaging.WorkloadMessageListener.onWorkloadMessage(com.epam.workload.dto.TrainerWorkloadRequest,java.lang.String)' threw exception
	at org.springframework.jms.listener.adapter.MessagingMessageListenerAdapter.invokeHandler(MessagingMessageListenerAdapter.java:118)
	at org.springframework.jms.listener.adapter.MessagingMessageListenerAdapter.onMessage(MessagingMessageListenerAdapter.java:84)
	at org.springframework.jms.listener.AbstractMessageListenerContainer.doInvokeListener(AbstractMessageListenerContainer.java:783)
	at org.springframework.jms.listener.AbstractMessageListenerContainer.invokeListener(AbstractMessageListenerContainer.java:741)
	at org.springframework.jms.listener.AbstractMessageListenerContainer.doExecuteListener(AbstractMessageListenerContainer.java:719)
	at org.springframework.jms.listener.AbstractPollingMessageListenerContainer.doReceiveAndExecute(AbstractPollingMessageListenerContainer.java:333)
	at org.springframework.jms.listener.AbstractPollingMessageListenerContainer.receiveAndExecute(AbstractPollingMessageListenerContainer.java:270)
	at org.springframework.jms.listener.DefaultMessageListenerContainer$AsyncMessageListenerInvoker.invokeListener(DefaultMessageListenerContainer.java:1258)
	at org.springframework.jms.listener.DefaultMessageListenerContainer$AsyncMessageListenerInvoker.executeOngoingLoop(DefaultMessageListenerContainer.java:1248)
	at org.springframework.jms.listener.DefaultMessageListenerContainer$AsyncMessageListenerInvoker.run(DefaultMessageListenerContainer.java:1141)
	at java.base/java.lang.Thread.run(Thread.java:840)
Caused by: java.lang.IllegalArgumentException: Workload message has invalid trainingDuration: 0
	at com.epam.workload.messaging.WorkloadMessageListener.validate(WorkloadMessageListener.java:64)
	at com.epam.workload.messaging.WorkloadMessageListener.onWorkloadMessage(WorkloadMessageListener.java:34)
	at java.base/jdk.internal.reflect.NativeMethodAccessorImpl.invoke0(Native Method)
	at java.base/jdk.internal.reflect.NativeMethodAccessorImpl.invoke(NativeMethodAccessorImpl.java:77)
	at java.base/jdk.internal.reflect.DelegatingMethodAccessorImpl.invoke(DelegatingMethodAccessorImpl.java:43)
	at java.base/java.lang.reflect.Method.invoke(Method.java:569)
	at org.springframework.messaging.handler.invocation.InvocableHandlerMethod.doInvoke(InvocableHandlerMethod.java:169)
	at org.springframework.messaging.handler.invocation.InvocableHandlerMethod.invoke(InvocableHandlerMethod.java:119)
	at org.springframework.jms.listener.adapter.MessagingMessageListenerAdapter.invokeHandler(MessagingMessageListenerAdapter.java:110)
	... 10 common frames omitted
2026-05-28 19:27:55 [org.springframework.jms.JmsListenerEndpointContainer#1-1] [txId=9cb9540e-eada-4d29-a966-f6bc8092d8aa] INFO  c.e.w.m.WorkloadMessageListener - [JMS] Received workload message: trainer=john.smith, action=ADD, transactionId=9cb9540e-eada-4d29-a966-f6bc8092d8aa
2026-05-28 19:27:55 [org.springframework.jms.JmsListenerEndpointContainer#1-1] [txId=] WARN  o.s.j.l.DefaultMessageListenerContainer - Execution of JMS message listener failed, and no ErrorHandler has been set.
org.springframework.jms.listener.adapter.ListenerExecutionFailedException: Listener method 'public void com.epam.workload.messaging.WorkloadMessageListener.onWorkloadMessage(com.epam.workload.dto.TrainerWorkloadRequest,java.lang.String)' threw exception
	at org.springframework.jms.listener.adapter.MessagingMessageListenerAdapter.invokeHandler(MessagingMessageListenerAdapter.java:118)
	at org.springframework.jms.listener.adapter.MessagingMessageListenerAdapter.onMessage(MessagingMessageListenerAdapter.java:84)
	at org.springframework.jms.listener.AbstractMessageListenerContainer.doInvokeListener(AbstractMessageListenerContainer.java:783)
	at org.springframework.jms.listener.AbstractMessageListenerContainer.invokeListener(AbstractMessageListenerContainer.java:741)
	at org.springframework.jms.listener.AbstractMessageListenerContainer.doExecuteListener(AbstractMessageListenerContainer.java:719)
	at org.springframework.jms.listener.AbstractPollingMessageListenerContainer.doReceiveAndExecute(AbstractPollingMessageListenerContainer.java:333)
	at org.springframework.jms.listener.AbstractPollingMessageListenerContainer.receiveAndExecute(AbstractPollingMessageListenerContainer.java:270)
	at org.springframework.jms.listener.DefaultMessageListenerContainer$AsyncMessageListenerInvoker.invokeListener(DefaultMessageListenerContainer.java:1258)
	at org.springframework.jms.listener.DefaultMessageListenerContainer$AsyncMessageListenerInvoker.executeOngoingLoop(DefaultMessageListenerContainer.java:1248)
	at org.springframework.jms.listener.DefaultMessageListenerContainer$AsyncMessageListenerInvoker.run(DefaultMessageListenerContainer.java:1141)
	at java.base/java.lang.Thread.run(Thread.java:840)
Caused by: java.lang.IllegalArgumentException: Workload message has invalid trainingDuration: 0
	at com.epam.workload.messaging.WorkloadMessageListener.validate(WorkloadMessageListener.java:64)
	at com.epam.workload.messaging.WorkloadMessageListener.onWorkloadMessage(WorkloadMessageListener.java:34)
	at java.base/jdk.internal.reflect.NativeMethodAccessorImpl.invoke0(Native Method)
	at java.base/jdk.internal.reflect.NativeMethodAccessorImpl.invoke(NativeMethodAccessorImpl.java:77)
	at java.base/jdk.internal.reflect.DelegatingMethodAccessorImpl.invoke(DelegatingMethodAccessorImpl.java:43)
	at java.base/java.lang.reflect.Method.invoke(Method.java:569)
	at org.springframework.messaging.handler.invocation.InvocableHandlerMethod.doInvoke(InvocableHandlerMethod.java:169)
	at org.springframework.messaging.handler.invocation.InvocableHandlerMethod.invoke(InvocableHandlerMethod.java:119)
	at org.springframework.jms.listener.adapter.MessagingMessageListenerAdapter.invokeHandler(MessagingMessageListenerAdapter.java:110)
	... 10 common frames omitted
2026-05-28 19:27:59 [org.springframework.jms.JmsListenerEndpointContainer#1-1] [txId=9cb9540e-eada-4d29-a966-f6bc8092d8aa] INFO  c.e.w.m.WorkloadMessageListener - [JMS] Received workload message: trainer=john.smith, action=ADD, transactionId=9cb9540e-eada-4d29-a966-f6bc8092d8aa
2026-05-28 19:27:59 [org.springframework.jms.JmsListenerEndpointContainer#1-1] [txId=] WARN  o.s.j.l.DefaultMessageListenerContainer - Execution of JMS message listener failed, and no ErrorHandler has been set.
org.springframework.jms.listener.adapter.ListenerExecutionFailedException: Listener method 'public void com.epam.workload.messaging.WorkloadMessageListener.onWorkloadMessage(com.epam.workload.dto.TrainerWorkloadRequest,java.lang.String)' threw exception
	at org.springframework.jms.listener.adapter.MessagingMessageListenerAdapter.invokeHandler(MessagingMessageListenerAdapter.java:118)
	at org.springframework.jms.listener.adapter.MessagingMessageListenerAdapter.onMessage(MessagingMessageListenerAdapter.java:84)
	at org.springframework.jms.listener.AbstractMessageListenerContainer.doInvokeListener(AbstractMessageListenerContainer.java:783)
	at org.springframework.jms.listener.AbstractMessageListenerContainer.invokeListener(AbstractMessageListenerContainer.java:741)
	at org.springframework.jms.listener.AbstractMessageListenerContainer.doExecuteListener(AbstractMessageListenerContainer.java:719)
	at org.springframework.jms.listener.AbstractPollingMessageListenerContainer.doReceiveAndExecute(AbstractPollingMessageListenerContainer.java:333)
	at org.springframework.jms.listener.AbstractPollingMessageListenerContainer.receiveAndExecute(AbstractPollingMessageListenerContainer.java:270)
	at org.springframework.jms.listener.DefaultMessageListenerContainer$AsyncMessageListenerInvoker.invokeListener(DefaultMessageListenerContainer.java:1258)
	at org.springframework.jms.listener.DefaultMessageListenerContainer$AsyncMessageListenerInvoker.executeOngoingLoop(DefaultMessageListenerContainer.java:1248)
	at org.springframework.jms.listener.DefaultMessageListenerContainer$AsyncMessageListenerInvoker.run(DefaultMessageListenerContainer.java:1141)
	at java.base/java.lang.Thread.run(Thread.java:840)
Caused by: java.lang.IllegalArgumentException: Workload message has invalid trainingDuration: 0
	at com.epam.workload.messaging.WorkloadMessageListener.validate(WorkloadMessageListener.java:64)
	at com.epam.workload.messaging.WorkloadMessageListener.onWorkloadMessage(WorkloadMessageListener.java:34)
	at java.base/jdk.internal.reflect.NativeMethodAccessorImpl.invoke0(Native Method)
	at java.base/jdk.internal.reflect.NativeMethodAccessorImpl.invoke(NativeMethodAccessorImpl.java:77)
	at java.base/jdk.internal.reflect.DelegatingMethodAccessorImpl.invoke(DelegatingMethodAccessorImpl.java:43)
	at java.base/java.lang.reflect.Method.invoke(Method.java:569)
	at org.springframework.messaging.handler.invocation.InvocableHandlerMethod.doInvoke(InvocableHandlerMethod.java:169)
	at org.springframework.messaging.handler.invocation.InvocableHandlerMethod.invoke(InvocableHandlerMethod.java:119)
	at org.springframework.jms.listener.adapter.MessagingMessageListenerAdapter.invokeHandler(MessagingMessageListenerAdapter.java:110)
	... 10 common frames omitted
2026-05-28 19:29:29 [org.springframework.jms.JmsListenerEndpointContainer#1-2] [txId=b11fa422-5da5-4e93-8a7f-28c00e7e9cc4] INFO  c.e.w.m.WorkloadMessageListener - [JMS] Received workload message: trainer=john.smith, action=DELETE, transactionId=b11fa422-5da5-4e93-8a7f-28c00e7e9cc4
2026-05-28 19:29:29 [org.springframework.jms.JmsListenerEndpointContainer#1-2] [txId=b11fa422-5da5-4e93-8a7f-28c00e7e9cc4] INFO  c.e.w.service.TrainerWorkloadService - Removed 60 minutes for trainer 'john.smith' in 2024/1
2026-05-28 19:29:29 [org.springframework.jms.JmsListenerEndpointContainer#1-2] [txId=b11fa422-5da5-4e93-8a7f-28c00e7e9cc4] INFO  c.e.w.m.WorkloadMessageListener - [JMS] Workload processed successfully for trainer 'john.smith'
2026-05-28 19:29:39 [AsyncResolver-bootstrap-executor-0] [txId=] INFO  c.n.d.s.r.aws.ConfigClusterResolver - Resolving eureka endpoints via configuration
2026-05-28 19:30:15 [http-nio-8081-exec-7] [txId=681d1242-97db-4c6e-955b-859dd35edab2] INFO  c.e.w.l.TransactionLoggingFilter - [TRANSACTION] endpoint=/api/trainer-workload/john.smith method=GET transactionId=681d1242-97db-4c6e-955b-859dd35edab2
2026-05-28 19:30:15 [http-nio-8081-exec-7] [txId=681d1242-97db-4c6e-955b-859dd35edab2] INFO  c.e.w.c.TrainerWorkloadController - Fetching workload summary for trainer 'john.smith'
2026-05-28 19:30:15 [http-nio-8081-exec-7] [txId=681d1242-97db-4c6e-955b-859dd35edab2] INFO  c.e.w.c.TrainerWorkloadController - Summary retrieved for trainer 'john.smith', transactionId=681d1242-97db-4c6e-955b-859dd35edab2
2026-05-28 19:30:15 [http-nio-8081-exec-7] [txId=681d1242-97db-4c6e-955b-859dd35edab2] INFO  c.e.w.l.TransactionLoggingFilter - [TRANSACTION] endpoint=/api/trainer-workload/john.smith status=200 transactionId=681d1242-97db-4c6e-955b-859dd35edab2
2026-05-28 19:34:39 [AsyncResolver-bootstrap-executor-0] [txId=] INFO  c.n.d.s.r.aws.ConfigClusterResolver - Resolving eureka endpoints via configuration
2026-05-28 19:39:40 [AsyncResolver-bootstrap-executor-0] [txId=] INFO  c.n.d.s.r.aws.ConfigClusterResolver - Resolving eureka endpoints via configuration
2026-05-28 19:44:40 [AsyncResolver-bootstrap-executor-0] [txId=] INFO  c.n.d.s.r.aws.ConfigClusterResolver - Resolving eureka endpoints via configuration
2026-05-28 19:49:40 [AsyncResolver-bootstrap-executor-0] [txId=] INFO  c.n.d.s.r.aws.ConfigClusterResolver - Resolving eureka endpoints via configuration
2026-05-28 19:54:40 [AsyncResolver-bootstrap-executor-0] [txId=] INFO  c.n.d.s.r.aws.ConfigClusterResolver - Resolving eureka endpoints via configuration
2026-05-28 19:59:40 [AsyncResolver-bootstrap-executor-0] [txId=] INFO  c.n.d.s.r.aws.ConfigClusterResolver - Resolving eureka endpoints via configuration
2026-05-28 20:04:40 [AsyncResolver-bootstrap-executor-0] [txId=] INFO  c.n.d.s.r.aws.ConfigClusterResolver - Resolving eureka endpoints via configuration
2026-05-28 20:25:29 [AsyncResolver-bootstrap-executor-0] [txId=] INFO  c.n.d.s.r.aws.ConfigClusterResolver - Resolving eureka endpoints via configuration
2026-05-28 21:01:54 [AsyncResolver-bootstrap-executor-0] [txId=] INFO  c.n.d.s.r.aws.ConfigClusterResolver - Resolving eureka endpoints via configuration
2026-05-28 21:06:54 [AsyncResolver-bootstrap-executor-0] [txId=] INFO  c.n.d.s.r.aws.ConfigClusterResolver - Resolving eureka endpoints via configuration
2026-05-28 21:11:54 [AsyncResolver-bootstrap-executor-0] [txId=] INFO  c.n.d.s.r.aws.ConfigClusterResolver - Resolving eureka endpoints via configuration
2026-05-28 21:16:54 [AsyncResolver-bootstrap-executor-0] [txId=] INFO  c.n.d.s.r.aws.ConfigClusterResolver - Resolving eureka endpoints via configuration
2026-05-28 21:21:54 [AsyncResolver-bootstrap-executor-0] [txId=] INFO  c.n.d.s.r.aws.ConfigClusterResolver - Resolving eureka endpoints via configuration
2026-05-28 21:26:54 [AsyncResolver-bootstrap-executor-0] [txId=] INFO  c.n.d.s.r.aws.ConfigClusterResolver - Resolving eureka endpoints via configuration
2026-05-28 21:31:54 [AsyncResolver-bootstrap-executor-0] [txId=] INFO  c.n.d.s.r.aws.ConfigClusterResolver - Resolving eureka endpoints via configuration
2026-05-28 21:36:54 [AsyncResolver-bootstrap-executor-0] [txId=] INFO  c.n.d.s.r.aws.ConfigClusterResolver - Resolving eureka endpoints via configuration
2026-05-28 21:41:54 [AsyncResolver-bootstrap-executor-0] [txId=] INFO  c.n.d.s.r.aws.ConfigClusterResolver - Resolving eureka endpoints via configuration
2026-05-28 21:46:54 [AsyncResolver-bootstrap-executor-0] [txId=] INFO  c.n.d.s.r.aws.ConfigClusterResolver - Resolving eureka endpoints via configuration
2026-05-28 21:51:54 [AsyncResolver-bootstrap-executor-0] [txId=] INFO  c.n.d.s.r.aws.ConfigClusterResolver - Resolving eureka endpoints via configuration
2026-05-28 21:56:54 [AsyncResolver-bootstrap-executor-0] [txId=] INFO  c.n.d.s.r.aws.ConfigClusterResolver - Resolving eureka endpoints via configuration
2026-05-28 22:01:54 [AsyncResolver-bootstrap-executor-0] [txId=] INFO  c.n.d.s.r.aws.ConfigClusterResolver - Resolving eureka endpoints via configuration
2026-05-28 22:06:54 [AsyncResolver-bootstrap-executor-0] [txId=] INFO  c.n.d.s.r.aws.ConfigClusterResolver - Resolving eureka endpoints via configuration
2026-05-28 22:11:54 [AsyncResolver-bootstrap-executor-0] [txId=] INFO  c.n.d.s.r.aws.ConfigClusterResolver - Resolving eureka endpoints via configuration
2026-05-28 22:16:54 [AsyncResolver-bootstrap-executor-0] [txId=] INFO  c.n.d.s.r.aws.ConfigClusterResolver - Resolving eureka endpoints via configuration
2026-05-28 22:21:54 [AsyncResolver-bootstrap-executor-0] [txId=] INFO  c.n.d.s.r.aws.ConfigClusterResolver - Resolving eureka endpoints via configuration
2026-05-28 22:26:54 [AsyncResolver-bootstrap-executor-0] [txId=] INFO  c.n.d.s.r.aws.ConfigClusterResolver - Resolving eureka endpoints via configuration
2026-05-28 22:31:54 [AsyncResolver-bootstrap-executor-0] [txId=] INFO  c.n.d.s.r.aws.ConfigClusterResolver - Resolving eureka endpoints via configuration
2026-05-28 22:36:54 [AsyncResolver-bootstrap-executor-0] [txId=] INFO  c.n.d.s.r.aws.ConfigClusterResolver - Resolving eureka endpoints via configuration
2026-05-28 22:41:54 [AsyncResolver-bootstrap-executor-0] [txId=] INFO  c.n.d.s.r.aws.ConfigClusterResolver - Resolving eureka endpoints via configuration
2026-05-28 22:46:54 [AsyncResolver-bootstrap-executor-0] [txId=] INFO  c.n.d.s.r.aws.ConfigClusterResolver - Resolving eureka endpoints via configuration
2026-05-28 22:51:54 [AsyncResolver-bootstrap-executor-0] [txId=] INFO  c.n.d.s.r.aws.ConfigClusterResolver - Resolving eureka endpoints via configuration
2026-05-28 22:56:54 [AsyncResolver-bootstrap-executor-0] [txId=] INFO  c.n.d.s.r.aws.ConfigClusterResolver - Resolving eureka endpoints via configuration
2026-05-28 23:01:54 [AsyncResolver-bootstrap-executor-0] [txId=] INFO  c.n.d.s.r.aws.ConfigClusterResolver - Resolving eureka endpoints via configuration
2026-05-28 23:06:54 [AsyncResolver-bootstrap-executor-0] [txId=] INFO  c.n.d.s.r.aws.ConfigClusterResolver - Resolving eureka endpoints via configuration
2026-05-28 23:11:54 [AsyncResolver-bootstrap-executor-0] [txId=] INFO  c.n.d.s.r.aws.ConfigClusterResolver - Resolving eureka endpoints via configuration
2026-05-28 23:16:54 [AsyncResolver-bootstrap-executor-0] [txId=] INFO  c.n.d.s.r.aws.ConfigClusterResolver - Resolving eureka endpoints via configuration
2026-05-28 23:21:54 [AsyncResolver-bootstrap-executor-0] [txId=] INFO  c.n.d.s.r.aws.ConfigClusterResolver - Resolving eureka endpoints via configuration
2026-05-28 23:26:54 [AsyncResolver-bootstrap-executor-0] [txId=] INFO  c.n.d.s.r.aws.ConfigClusterResolver - Resolving eureka endpoints via configuration
2026-05-28 23:31:54 [AsyncResolver-bootstrap-executor-0] [txId=] INFO  c.n.d.s.r.aws.ConfigClusterResolver - Resolving eureka endpoints via configuration
2026-05-28 23:36:54 [AsyncResolver-bootstrap-executor-0] [txId=] INFO  c.n.d.s.r.aws.ConfigClusterResolver - Resolving eureka endpoints via configuration
2026-05-28 23:41:54 [AsyncResolver-bootstrap-executor-0] [txId=] INFO  c.n.d.s.r.aws.ConfigClusterResolver - Resolving eureka endpoints via configuration
2026-05-28 23:46:54 [AsyncResolver-bootstrap-executor-0] [txId=] INFO  c.n.d.s.r.aws.ConfigClusterResolver - Resolving eureka endpoints via configuration
2026-05-28 23:51:54 [AsyncResolver-bootstrap-executor-0] [txId=] INFO  c.n.d.s.r.aws.ConfigClusterResolver - Resolving eureka endpoints via configuration
2026-05-28 23:56:54 [AsyncResolver-bootstrap-executor-0] [txId=] INFO  c.n.d.s.r.aws.ConfigClusterResolver - Resolving eureka endpoints via configuration
