2026-05-25 17:54:50 [main] [txId=] INFO  c.e.w.TrainerWorkloadApplication - Starting TrainerWorkloadApplication using Java 17.0.18 with PID 3434 (/Users/mariagevorgyan/Documents/Epam_Task1_Spring/trainer-workload-service/target/classes started by mariagevorgyan in /Users/mariagevorgyan/Documents/Epam_Task1_Spring/trainer-workload-service)
2026-05-25 17:54:50 [main] [txId=] DEBUG c.e.w.TrainerWorkloadApplication - Running with Spring Boot v3.2.0, Spring v6.1.1
2026-05-25 17:54:50 [main] [txId=] INFO  c.e.w.TrainerWorkloadApplication - No active profile set, falling back to 1 default profile: "default"
2026-05-25 17:54:50 [main] [txId=] INFO  o.s.cloud.context.scope.GenericScope - BeanFactory id=edcc1f8f-7b7e-3326-988c-f319dee77adb
2026-05-25 17:54:50 [main] [txId=] WARN  o.s.c.s.PostProcessorRegistrationDelegate$BeanPostProcessorChecker - Bean 'org.springframework.cloud.client.loadbalancer.LoadBalancerAutoConfiguration$LoadBalancerInterceptorConfig' of type [org.springframework.cloud.client.loadbalancer.LoadBalancerAutoConfiguration$LoadBalancerInterceptorConfig] is not eligible for getting processed by all BeanPostProcessors (for example: not eligible for auto-proxying). The currently created BeanPostProcessor [lbRestClientPostProcessor] is declared through a non-static factory method on that class; consider declaring it as static instead.
2026-05-25 17:54:50 [main] [txId=] WARN  o.s.c.s.PostProcessorRegistrationDelegate$BeanPostProcessorChecker - Bean 'org.springframework.cloud.loadbalancer.config.BlockingLoadBalancerClientAutoConfiguration' of type [org.springframework.cloud.loadbalancer.config.BlockingLoadBalancerClientAutoConfiguration] is not eligible for getting processed by all BeanPostProcessors (for example: not eligible for auto-proxying). Is this bean getting eagerly injected into a currently created BeanPostProcessor [lbRestClientPostProcessor]? Check the corresponding BeanPostProcessor declaration and its dependencies.
2026-05-25 17:54:50 [main] [txId=] WARN  o.s.c.s.PostProcessorRegistrationDelegate$BeanPostProcessorChecker - Bean 'org.springframework.cloud.loadbalancer.config.LoadBalancerAutoConfiguration' of type [org.springframework.cloud.loadbalancer.config.LoadBalancerAutoConfiguration] is not eligible for getting processed by all BeanPostProcessors (for example: not eligible for auto-proxying). Is this bean getting eagerly injected into a currently created BeanPostProcessor [lbRestClientPostProcessor]? Check the corresponding BeanPostProcessor declaration and its dependencies.
2026-05-25 17:54:50 [main] [txId=] WARN  o.s.c.s.PostProcessorRegistrationDelegate$BeanPostProcessorChecker - Bean 'org.springframework.cloud.commons.config.CommonsConfigAutoConfiguration' of type [org.springframework.cloud.commons.config.CommonsConfigAutoConfiguration] is not eligible for getting processed by all BeanPostProcessors (for example: not eligible for auto-proxying). Is this bean getting eagerly injected into a currently created BeanPostProcessor [lbRestClientPostProcessor]? Check the corresponding BeanPostProcessor declaration and its dependencies.
2026-05-25 17:54:50 [main] [txId=] WARN  o.s.c.s.PostProcessorRegistrationDelegate$BeanPostProcessorChecker - Bean 'org.springframework.cloud.client.loadbalancer.LoadBalancerDefaultMappingsProviderAutoConfiguration' of type [org.springframework.cloud.client.loadbalancer.LoadBalancerDefaultMappingsProviderAutoConfiguration] is not eligible for getting processed by all BeanPostProcessors (for example: not eligible for auto-proxying). Is this bean getting eagerly injected into a currently created BeanPostProcessor [lbRestClientPostProcessor]? Check the corresponding BeanPostProcessor declaration and its dependencies.
2026-05-25 17:54:50 [main] [txId=] WARN  o.s.c.s.PostProcessorRegistrationDelegate$BeanPostProcessorChecker - Bean 'loadBalancerClientsDefaultsMappingsProvider' of type [org.springframework.cloud.client.loadbalancer.LoadBalancerDefaultMappingsProviderAutoConfiguration$$Lambda$544/0x0000000601363388] is not eligible for getting processed by all BeanPostProcessors (for example: not eligible for auto-proxying). Is this bean getting eagerly injected into a currently created BeanPostProcessor [lbRestClientPostProcessor]? Check the corresponding BeanPostProcessor declaration and its dependencies.
2026-05-25 17:54:50 [main] [txId=] WARN  o.s.c.s.PostProcessorRegistrationDelegate$BeanPostProcessorChecker - Bean 'defaultsBindHandlerAdvisor' of type [org.springframework.cloud.commons.config.DefaultsBindHandlerAdvisor] is not eligible for getting processed by all BeanPostProcessors (for example: not eligible for auto-proxying). Is this bean getting eagerly injected into a currently created BeanPostProcessor [lbRestClientPostProcessor]? Check the corresponding BeanPostProcessor declaration and its dependencies.
2026-05-25 17:54:50 [main] [txId=] WARN  o.s.c.s.PostProcessorRegistrationDelegate$BeanPostProcessorChecker - Bean 'spring.cloud.loadbalancer-org.springframework.cloud.client.loadbalancer.LoadBalancerClientsProperties' of type [org.springframework.cloud.client.loadbalancer.LoadBalancerClientsProperties] is not eligible for getting processed by all BeanPostProcessors (for example: not eligible for auto-proxying). Is this bean getting eagerly injected into a currently created BeanPostProcessor [lbRestClientPostProcessor]? Check the corresponding BeanPostProcessor declaration and its dependencies.
2026-05-25 17:54:50 [main] [txId=] WARN  o.s.c.s.PostProcessorRegistrationDelegate$BeanPostProcessorChecker - Bean 'default.org.springframework.cloud.loadbalancer.config.LoadBalancerAutoConfiguration.LoadBalancerClientSpecification' of type [org.springframework.cloud.loadbalancer.annotation.LoadBalancerClientSpecification] is not eligible for getting processed by all BeanPostProcessors (for example: not eligible for auto-proxying). Is this bean getting eagerly injected into a currently created BeanPostProcessor [lbRestClientPostProcessor]? Check the corresponding BeanPostProcessor declaration and its dependencies.
2026-05-25 17:54:50 [main] [txId=] WARN  o.s.c.s.PostProcessorRegistrationDelegate$BeanPostProcessorChecker - Bean 'default.org.springframework.cloud.loadbalancer.config.BlockingLoadBalancerClientAutoConfiguration.LoadBalancerClientSpecification' of type [org.springframework.cloud.loadbalancer.annotation.LoadBalancerClientSpecification] is not eligible for getting processed by all BeanPostProcessors (for example: not eligible for auto-proxying). Is this bean getting eagerly injected into a currently created BeanPostProcessor [lbRestClientPostProcessor]? Check the corresponding BeanPostProcessor declaration and its dependencies.
2026-05-25 17:54:50 [main] [txId=] WARN  o.s.c.s.PostProcessorRegistrationDelegate$BeanPostProcessorChecker - Bean 'default.org.springframework.cloud.netflix.eureka.loadbalancer.LoadBalancerEurekaAutoConfiguration.LoadBalancerClientSpecification' of type [org.springframework.cloud.loadbalancer.annotation.LoadBalancerClientSpecification] is not eligible for getting processed by all BeanPostProcessors (for example: not eligible for auto-proxying). Is this bean getting eagerly injected into a currently created BeanPostProcessor [lbRestClientPostProcessor]? Check the corresponding BeanPostProcessor declaration and its dependencies.
2026-05-25 17:54:50 [main] [txId=] WARN  o.s.c.s.PostProcessorRegistrationDelegate$BeanPostProcessorChecker - Bean 'loadBalancerClientFactory' of type [org.springframework.cloud.loadbalancer.support.LoadBalancerClientFactory] is not eligible for getting processed by all BeanPostProcessors (for example: not eligible for auto-proxying). Is this bean getting eagerly injected into a currently created BeanPostProcessor [lbRestClientPostProcessor]? Check the corresponding BeanPostProcessor declaration and its dependencies.
2026-05-25 17:54:50 [main] [txId=] WARN  o.s.c.s.PostProcessorRegistrationDelegate$BeanPostProcessorChecker - Bean 'blockingLoadBalancerClient' of type [org.springframework.cloud.loadbalancer.blocking.client.BlockingLoadBalancerClient] is not eligible for getting processed by all BeanPostProcessors (for example: not eligible for auto-proxying). Is this bean getting eagerly injected into a currently created BeanPostProcessor [lbRestClientPostProcessor]? Check the corresponding BeanPostProcessor declaration and its dependencies.
2026-05-25 17:54:50 [main] [txId=] WARN  o.s.c.s.PostProcessorRegistrationDelegate$BeanPostProcessorChecker - Bean 'loadBalancerServiceInstanceCookieTransformer' of type [org.springframework.cloud.loadbalancer.core.LoadBalancerServiceInstanceCookieTransformer] is not eligible for getting processed by all BeanPostProcessors (for example: not eligible for auto-proxying). Is this bean getting eagerly injected into a currently created BeanPostProcessor [lbRestClientPostProcessor]? Check the corresponding BeanPostProcessor declaration and its dependencies.
2026-05-25 17:54:50 [main] [txId=] WARN  o.s.c.s.PostProcessorRegistrationDelegate$BeanPostProcessorChecker - Bean 'xForwarderHeadersTransformer' of type [org.springframework.cloud.loadbalancer.blocking.XForwardedHeadersTransformer] is not eligible for getting processed by all BeanPostProcessors (for example: not eligible for auto-proxying). Is this bean getting eagerly injected into a currently created BeanPostProcessor [lbRestClientPostProcessor]? Check the corresponding BeanPostProcessor declaration and its dependencies.
2026-05-25 17:54:50 [main] [txId=] WARN  o.s.c.s.PostProcessorRegistrationDelegate$BeanPostProcessorChecker - Bean 'org.springframework.cloud.client.loadbalancer.LoadBalancerAutoConfiguration' of type [org.springframework.cloud.client.loadbalancer.LoadBalancerAutoConfiguration] is not eligible for getting processed by all BeanPostProcessors (for example: not eligible for auto-proxying). Is this bean getting eagerly injected into a currently created BeanPostProcessor [lbRestClientPostProcessor]? Check the corresponding BeanPostProcessor declaration and its dependencies.
2026-05-25 17:54:50 [main] [txId=] WARN  o.s.c.s.PostProcessorRegistrationDelegate$BeanPostProcessorChecker - Bean 'loadBalancerRequestFactory' of type [org.springframework.cloud.client.loadbalancer.LoadBalancerRequestFactory] is not eligible for getting processed by all BeanPostProcessors (for example: not eligible for auto-proxying). Is this bean getting eagerly injected into a currently created BeanPostProcessor [lbRestClientPostProcessor]? Check the corresponding BeanPostProcessor declaration and its dependencies.
2026-05-25 17:54:50 [main] [txId=] WARN  o.s.c.s.PostProcessorRegistrationDelegate$BeanPostProcessorChecker - Bean 'loadBalancerInterceptor' of type [org.springframework.cloud.client.loadbalancer.LoadBalancerInterceptor] is not eligible for getting processed by all BeanPostProcessors (for example: not eligible for auto-proxying). Is this bean getting eagerly injected into a currently created BeanPostProcessor [lbRestClientPostProcessor]? Check the corresponding BeanPostProcessor declaration and its dependencies.
2026-05-25 17:54:50 [main] [txId=] INFO  o.s.b.w.e.tomcat.TomcatWebServer - Tomcat initialized with port 8081 (http)
2026-05-25 17:54:50 [main] [txId=] INFO  o.a.coyote.http11.Http11NioProtocol - Initializing ProtocolHandler ["http-nio-8081"]
2026-05-25 17:54:50 [main] [txId=] INFO  o.a.catalina.core.StandardService - Starting service [Tomcat]
2026-05-25 17:54:50 [main] [txId=] INFO  o.a.catalina.core.StandardEngine - Starting Servlet engine: [Apache Tomcat/10.1.16]
2026-05-25 17:54:50 [main] [txId=] INFO  o.a.c.c.C.[Tomcat].[localhost].[/] - Initializing Spring embedded WebApplicationContext
2026-05-25 17:54:50 [main] [txId=] INFO  o.s.b.w.s.c.ServletWebServerApplicationContext - Root WebApplicationContext: initialization completed in 376 ms
2026-05-25 17:54:50 [main] [txId=] DEBUG c.e.w.l.TransactionLoggingFilter - Filter 'transactionLoggingFilter' configured for use
2026-05-25 17:54:50 [main] [txId=] DEBUG c.e.workload.security.JwtAuthFilter - Filter 'jwtAuthFilter' configured for use
2026-05-25 17:54:50 [main] [txId=] WARN  o.s.b.a.s.s.UserDetailsServiceAutoConfiguration - 

Using generated security password: 3bebc053-feaf-40f6-831f-a2762c5faeab

This generated password is for development use only. Your security configuration must be updated before running your application in production.

2026-05-25 17:54:50 [main] [txId=] INFO  o.s.b.a.e.web.EndpointLinksResolver - Exposing 2 endpoint(s) beneath base path '/actuator'
2026-05-25 17:54:50 [main] [txId=] INFO  o.s.s.web.DefaultSecurityFilterChain - Will secure any request with [org.springframework.security.web.session.DisableEncodeUrlFilter@582dcd35, org.springframework.security.web.context.request.async.WebAsyncManagerIntegrationFilter@1e6bd263, org.springframework.security.web.context.SecurityContextHolderFilter@28e94c2, org.springframework.security.web.header.HeaderWriterFilter@69bc9584, org.springframework.web.filter.CorsFilter@394a6d2b, org.springframework.security.web.authentication.logout.LogoutFilter@563317c1, com.epam.workload.security.JwtAuthFilter@b5b9333, org.springframework.security.web.savedrequest.RequestCacheAwareFilter@14d1737a, org.springframework.security.web.servletapi.SecurityContextHolderAwareRequestFilter@482a58c7, org.springframework.security.web.authentication.AnonymousAuthenticationFilter@635ff2a5, org.springframework.security.web.session.SessionManagementFilter@3bd08435, org.springframework.security.web.access.ExceptionTranslationFilter@365cef67, org.springframework.security.web.access.intercept.AuthorizationFilter@77663cd7]
2026-05-25 17:54:50 [main] [txId=] INFO  o.s.c.n.e.c.DiscoveryClientOptionalArgsConfiguration - Eureka HTTP Client uses RestTemplate.
2026-05-25 17:54:50 [main] [txId=] WARN  o.s.c.l.c.LoadBalancerCacheAutoConfiguration$LoadBalancerCaffeineWarnLogger - Spring Cloud LoadBalancer is currently working with the default cache. While this cache implementation is useful for development and tests, it's recommended to use Caffeine cache in production.You can switch to using Caffeine cache, by adding it and org.springframework.cache.caffeine.CaffeineCacheManager to the classpath.
2026-05-25 17:54:50 [main] [txId=] INFO  o.s.c.n.eureka.InstanceInfoFactory - Setting initial instance status as: STARTING
2026-05-25 17:54:50 [main] [txId=] INFO  c.netflix.discovery.DiscoveryClient - Initializing Eureka in region us-east-1
2026-05-25 17:54:50 [main] [txId=] INFO  c.n.d.s.r.aws.ConfigClusterResolver - Resolving eureka endpoints via configuration
2026-05-25 17:54:51 [main] [txId=] INFO  c.netflix.discovery.DiscoveryClient - Disable delta property : false
2026-05-25 17:54:51 [main] [txId=] INFO  c.netflix.discovery.DiscoveryClient - Single vip registry refresh property : null
2026-05-25 17:54:51 [main] [txId=] INFO  c.netflix.discovery.DiscoveryClient - Force full registry fetch : false
2026-05-25 17:54:51 [main] [txId=] INFO  c.netflix.discovery.DiscoveryClient - Application is null : false
2026-05-25 17:54:51 [main] [txId=] INFO  c.netflix.discovery.DiscoveryClient - Registered Applications size is zero : true
2026-05-25 17:54:51 [main] [txId=] INFO  c.netflix.discovery.DiscoveryClient - Application version is -1: true
2026-05-25 17:54:51 [main] [txId=] INFO  c.netflix.discovery.DiscoveryClient - Getting all instance registry info from the eureka server
2026-05-25 17:54:51 [main] [txId=] INFO  c.netflix.discovery.DiscoveryClient - The response status is 200
2026-05-25 17:54:51 [main] [txId=] INFO  c.netflix.discovery.DiscoveryClient - Starting heartbeat executor: renew interval is: 30
2026-05-25 17:54:51 [main] [txId=] INFO  c.n.discovery.InstanceInfoReplicator - InstanceInfoReplicator onDemand update allowed rate per min is 4
2026-05-25 17:54:51 [main] [txId=] INFO  c.netflix.discovery.DiscoveryClient - Discovery Client initialized at timestamp 1779717291110 with initial instances count: 0
2026-05-25 17:54:51 [main] [txId=] INFO  o.s.c.n.e.s.EurekaServiceRegistry - Registering application TRAINER-WORKLOAD-SERVICE with eureka with status UP
2026-05-25 17:54:51 [main] [txId=] INFO  c.netflix.discovery.DiscoveryClient - Saw local status change event StatusChangeEvent [timestamp=1779717291111, current=UP, previous=STARTING]
2026-05-25 17:54:51 [DiscoveryClient-InstanceInfoReplicator-0] [txId=] INFO  c.netflix.discovery.DiscoveryClient - DiscoveryClient_TRAINER-WORKLOAD-SERVICE/192.168.18.151:trainer-workload-service:8081: registering service...
2026-05-25 17:54:51 [main] [txId=] INFO  o.a.coyote.http11.Http11NioProtocol - Starting ProtocolHandler ["http-nio-8081"]
2026-05-25 17:54:51 [main] [txId=] INFO  o.s.b.w.e.tomcat.TomcatWebServer - Tomcat started on port 8081 (http) with context path ''
2026-05-25 17:54:51 [main] [txId=] INFO  o.s.c.n.e.s.EurekaAutoServiceRegistration - Updating port to 8081
2026-05-25 17:54:51 [DiscoveryClient-InstanceInfoReplicator-0] [txId=] INFO  c.netflix.discovery.DiscoveryClient - DiscoveryClient_TRAINER-WORKLOAD-SERVICE/192.168.18.151:trainer-workload-service:8081 - registration status: 204
2026-05-25 17:54:51 [main] [txId=] INFO  c.e.w.TrainerWorkloadApplication - Started TrainerWorkloadApplication in 0.999 seconds (process running for 1.1)
2026-05-25 17:55:21 [DiscoveryClient-CacheRefreshExecutor-0] [txId=] INFO  c.netflix.discovery.DiscoveryClient - Disable delta property : false
2026-05-25 17:55:21 [DiscoveryClient-CacheRefreshExecutor-0] [txId=] INFO  c.netflix.discovery.DiscoveryClient - Single vip registry refresh property : null
2026-05-25 17:55:21 [DiscoveryClient-CacheRefreshExecutor-0] [txId=] INFO  c.netflix.discovery.DiscoveryClient - Force full registry fetch : false
2026-05-25 17:55:21 [DiscoveryClient-CacheRefreshExecutor-0] [txId=] INFO  c.netflix.discovery.DiscoveryClient - Application is null : false
2026-05-25 17:55:21 [DiscoveryClient-CacheRefreshExecutor-0] [txId=] INFO  c.netflix.discovery.DiscoveryClient - Registered Applications size is zero : true
2026-05-25 17:55:21 [DiscoveryClient-CacheRefreshExecutor-0] [txId=] INFO  c.netflix.discovery.DiscoveryClient - Application version is -1: false
2026-05-25 17:55:21 [DiscoveryClient-CacheRefreshExecutor-0] [txId=] INFO  c.netflix.discovery.DiscoveryClient - Getting all instance registry info from the eureka server
2026-05-25 17:55:21 [DiscoveryClient-CacheRefreshExecutor-0] [txId=] INFO  c.netflix.discovery.DiscoveryClient - The response status is 200
2026-05-25 17:56:33 [http-nio-8081-exec-1] [txId=] INFO  o.a.c.c.C.[Tomcat].[localhost].[/] - Initializing Spring DispatcherServlet 'dispatcherServlet'
2026-05-25 17:56:33 [http-nio-8081-exec-1] [txId=] INFO  o.s.web.servlet.DispatcherServlet - Initializing Servlet 'dispatcherServlet'
2026-05-25 17:56:33 [http-nio-8081-exec-1] [txId=] INFO  o.s.web.servlet.DispatcherServlet - Completed initialization in 1 ms
2026-05-25 17:56:33 [http-nio-8081-exec-1] [txId=] WARN  o.s.w.s.h.HandlerMappingIntrospector - Cache miss for REQUEST dispatch to '/actuator/info' (previous null). Performing CorsConfiguration lookup. This is logged once only at WARN level, and every time at TRACE.
2026-05-25 17:56:33 [http-nio-8081-exec-1] [txId=] WARN  o.s.w.s.h.HandlerMappingIntrospector - Cache miss for REQUEST dispatch to '/actuator/info' (previous null). Performing MatchableHandlerMapping lookup. This is logged once only at WARN level, and every time at TRACE.
2026-05-25 17:56:33 [http-nio-8081-exec-1] [txId=af0f48f8-4379-4382-bdc9-2e54889ecc20] INFO  c.e.w.l.TransactionLoggingFilter - [TRANSACTION] endpoint=/actuator/info method=GET transactionId=af0f48f8-4379-4382-bdc9-2e54889ecc20
2026-05-25 17:56:33 [http-nio-8081-exec-1] [txId=af0f48f8-4379-4382-bdc9-2e54889ecc20] INFO  c.e.w.l.TransactionLoggingFilter - [TRANSACTION] endpoint=/actuator/info status=200 transactionId=af0f48f8-4379-4382-bdc9-2e54889ecc20
2026-05-25 17:59:50 [AsyncResolver-bootstrap-executor-0] [txId=] INFO  c.n.d.s.r.aws.ConfigClusterResolver - Resolving eureka endpoints via configuration
2026-05-25 18:04:51 [AsyncResolver-bootstrap-executor-0] [txId=] INFO  c.n.d.s.r.aws.ConfigClusterResolver - Resolving eureka endpoints via configuration
2026-05-25 18:09:51 [AsyncResolver-bootstrap-executor-0] [txId=] INFO  c.n.d.s.r.aws.ConfigClusterResolver - Resolving eureka endpoints via configuration
2026-05-25 18:11:17 [http-nio-8081-exec-5] [txId=64384100-2bfa-4a9f-94be-b14283a4257a] INFO  c.e.w.l.TransactionLoggingFilter - [TRANSACTION] endpoint=/api/trainer-workload/jane.smith method=GET transactionId=64384100-2bfa-4a9f-94be-b14283a4257a
2026-05-25 18:11:17 [http-nio-8081-exec-5] [txId=64384100-2bfa-4a9f-94be-b14283a4257a] INFO  c.e.w.c.TrainerWorkloadController - Fetching workload summary for trainer 'jane.smith'
2026-05-25 18:11:17 [http-nio-8081-exec-5] [txId=64384100-2bfa-4a9f-94be-b14283a4257a] WARN  c.e.w.c.TrainerWorkloadController - No summary found for trainer 'jane.smith'
2026-05-25 18:11:17 [http-nio-8081-exec-5] [txId=64384100-2bfa-4a9f-94be-b14283a4257a] INFO  c.e.w.l.TransactionLoggingFilter - [TRANSACTION] endpoint=/api/trainer-workload/jane.smith status=404 transactionId=64384100-2bfa-4a9f-94be-b14283a4257a
2026-05-25 18:14:29 [http-nio-8081-exec-7] [txId=78619885-f556-4d13-9ab7-c88dd5fd36f1] INFO  c.e.w.l.TransactionLoggingFilter - [TRANSACTION] endpoint=/api/trainer-workload/jane.smith method=GET transactionId=78619885-f556-4d13-9ab7-c88dd5fd36f1
2026-05-25 18:14:29 [http-nio-8081-exec-7] [txId=78619885-f556-4d13-9ab7-c88dd5fd36f1] INFO  c.e.w.c.TrainerWorkloadController - Fetching workload summary for trainer 'jane.smith'
2026-05-25 18:14:29 [http-nio-8081-exec-7] [txId=78619885-f556-4d13-9ab7-c88dd5fd36f1] WARN  c.e.w.c.TrainerWorkloadController - No summary found for trainer 'jane.smith'
2026-05-25 18:14:29 [http-nio-8081-exec-7] [txId=78619885-f556-4d13-9ab7-c88dd5fd36f1] INFO  c.e.w.l.TransactionLoggingFilter - [TRANSACTION] endpoint=/api/trainer-workload/jane.smith status=404 transactionId=78619885-f556-4d13-9ab7-c88dd5fd36f1
2026-05-25 18:14:50 [AsyncResolver-bootstrap-executor-0] [txId=] INFO  c.n.d.s.r.aws.ConfigClusterResolver - Resolving eureka endpoints via configuration
2026-05-25 18:15:01 [http-nio-8081-exec-8] [txId=ed6813fd-35ba-42ad-bb44-470e5a2c24f4] INFO  c.e.w.l.TransactionLoggingFilter - [TRANSACTION] endpoint=/api/trainer-workload method=POST transactionId=ed6813fd-35ba-42ad-bb44-470e5a2c24f4
2026-05-25 18:15:01 [http-nio-8081-exec-8] [txId=ed6813fd-35ba-42ad-bb44-470e5a2c24f4] INFO  c.e.w.c.TrainerWorkloadController - Updating workload for trainer 'jane.smith', action=ADD
2026-05-25 18:15:01 [http-nio-8081-exec-8] [txId=ed6813fd-35ba-42ad-bb44-470e5a2c24f4] INFO  c.e.w.service.TrainerWorkloadService - Added 60 minutes for trainer 'jane.smith' in 2025/3
2026-05-25 18:15:01 [http-nio-8081-exec-8] [txId=ed6813fd-35ba-42ad-bb44-470e5a2c24f4] INFO  c.e.w.c.TrainerWorkloadController - Workload updated successfully for trainer 'jane.smith', transactionId=ed6813fd-35ba-42ad-bb44-470e5a2c24f4
2026-05-25 18:15:01 [http-nio-8081-exec-8] [txId=ed6813fd-35ba-42ad-bb44-470e5a2c24f4] INFO  c.e.w.l.TransactionLoggingFilter - [TRANSACTION] endpoint=/api/trainer-workload status=200 transactionId=ed6813fd-35ba-42ad-bb44-470e5a2c24f4
2026-05-25 18:15:49 [http-nio-8081-exec-10] [txId=663cb008-f0ac-4824-82c8-864569b4f43a] INFO  c.e.w.l.TransactionLoggingFilter - [TRANSACTION] endpoint=/api/trainer-workload/jane.smith method=GET transactionId=663cb008-f0ac-4824-82c8-864569b4f43a
2026-05-25 18:15:49 [http-nio-8081-exec-10] [txId=663cb008-f0ac-4824-82c8-864569b4f43a] INFO  c.e.w.c.TrainerWorkloadController - Fetching workload summary for trainer 'jane.smith'
2026-05-25 18:15:49 [http-nio-8081-exec-10] [txId=663cb008-f0ac-4824-82c8-864569b4f43a] INFO  c.e.w.c.TrainerWorkloadController - Summary retrieved for trainer 'jane.smith', transactionId=663cb008-f0ac-4824-82c8-864569b4f43a
2026-05-25 18:15:49 [http-nio-8081-exec-10] [txId=663cb008-f0ac-4824-82c8-864569b4f43a] INFO  c.e.w.l.TransactionLoggingFilter - [TRANSACTION] endpoint=/api/trainer-workload/jane.smith status=200 transactionId=663cb008-f0ac-4824-82c8-864569b4f43a
2026-05-25 18:16:48 [http-nio-8081-exec-2] [txId=7cc7d62a-352a-4318-a8a4-f4e1a28df1d8] INFO  c.e.w.l.TransactionLoggingFilter - [TRANSACTION] endpoint=/api/trainer-workload method=POST transactionId=7cc7d62a-352a-4318-a8a4-f4e1a28df1d8
2026-05-25 18:16:48 [http-nio-8081-exec-2] [txId=7cc7d62a-352a-4318-a8a4-f4e1a28df1d8] INFO  c.e.w.c.TrainerWorkloadController - Updating workload for trainer 'jane.smith', action=DELETE
2026-05-25 18:16:48 [http-nio-8081-exec-2] [txId=7cc7d62a-352a-4318-a8a4-f4e1a28df1d8] INFO  c.e.w.service.TrainerWorkloadService - Removed 60 minutes for trainer 'jane.smith' in 2025/3
2026-05-25 18:16:48 [http-nio-8081-exec-2] [txId=7cc7d62a-352a-4318-a8a4-f4e1a28df1d8] INFO  c.e.w.c.TrainerWorkloadController - Workload updated successfully for trainer 'jane.smith', transactionId=7cc7d62a-352a-4318-a8a4-f4e1a28df1d8
2026-05-25 18:16:48 [http-nio-8081-exec-2] [txId=7cc7d62a-352a-4318-a8a4-f4e1a28df1d8] INFO  c.e.w.l.TransactionLoggingFilter - [TRANSACTION] endpoint=/api/trainer-workload status=200 transactionId=7cc7d62a-352a-4318-a8a4-f4e1a28df1d8
2026-05-25 18:17:02 [http-nio-8081-exec-3] [txId=5d59c0ff-5a6b-4bf3-903b-aca404601a08] INFO  c.e.w.l.TransactionLoggingFilter - [TRANSACTION] endpoint=/api/trainer-workload/jane.smith method=GET transactionId=5d59c0ff-5a6b-4bf3-903b-aca404601a08
2026-05-25 18:17:02 [http-nio-8081-exec-3] [txId=5d59c0ff-5a6b-4bf3-903b-aca404601a08] INFO  c.e.w.c.TrainerWorkloadController - Fetching workload summary for trainer 'jane.smith'
2026-05-25 18:17:02 [http-nio-8081-exec-3] [txId=5d59c0ff-5a6b-4bf3-903b-aca404601a08] INFO  c.e.w.c.TrainerWorkloadController - Summary retrieved for trainer 'jane.smith', transactionId=5d59c0ff-5a6b-4bf3-903b-aca404601a08
2026-05-25 18:17:02 [http-nio-8081-exec-3] [txId=5d59c0ff-5a6b-4bf3-903b-aca404601a08] INFO  c.e.w.l.TransactionLoggingFilter - [TRANSACTION] endpoint=/api/trainer-workload/jane.smith status=200 transactionId=5d59c0ff-5a6b-4bf3-903b-aca404601a08
2026-05-25 18:17:13 [http-nio-8081-exec-5] [txId=b2a79ea9-40d3-4dcd-b5d4-cf9317d4170f] INFO  c.e.w.l.TransactionLoggingFilter - [TRANSACTION] endpoint=/api/trainer-workload/jane.smith method=GET transactionId=b2a79ea9-40d3-4dcd-b5d4-cf9317d4170f
2026-05-25 18:17:13 [http-nio-8081-exec-5] [txId=b2a79ea9-40d3-4dcd-b5d4-cf9317d4170f] INFO  c.e.w.c.TrainerWorkloadController - Fetching workload summary for trainer 'jane.smith'
2026-05-25 18:17:13 [http-nio-8081-exec-5] [txId=b2a79ea9-40d3-4dcd-b5d4-cf9317d4170f] INFO  c.e.w.c.TrainerWorkloadController - Summary retrieved for trainer 'jane.smith', transactionId=b2a79ea9-40d3-4dcd-b5d4-cf9317d4170f
2026-05-25 18:17:13 [http-nio-8081-exec-5] [txId=b2a79ea9-40d3-4dcd-b5d4-cf9317d4170f] INFO  c.e.w.l.TransactionLoggingFilter - [TRANSACTION] endpoint=/api/trainer-workload/jane.smith status=200 transactionId=b2a79ea9-40d3-4dcd-b5d4-cf9317d4170f
2026-05-25 18:17:14 [http-nio-8081-exec-6] [txId=6c5224b6-383b-4dd4-b31a-20ce63644969] INFO  c.e.w.l.TransactionLoggingFilter - [TRANSACTION] endpoint=/api/trainer-workload/jane.smith method=GET transactionId=6c5224b6-383b-4dd4-b31a-20ce63644969
2026-05-25 18:17:14 [http-nio-8081-exec-6] [txId=6c5224b6-383b-4dd4-b31a-20ce63644969] INFO  c.e.w.c.TrainerWorkloadController - Fetching workload summary for trainer 'jane.smith'
2026-05-25 18:17:14 [http-nio-8081-exec-6] [txId=6c5224b6-383b-4dd4-b31a-20ce63644969] INFO  c.e.w.c.TrainerWorkloadController - Summary retrieved for trainer 'jane.smith', transactionId=6c5224b6-383b-4dd4-b31a-20ce63644969
2026-05-25 18:17:14 [http-nio-8081-exec-6] [txId=6c5224b6-383b-4dd4-b31a-20ce63644969] INFO  c.e.w.l.TransactionLoggingFilter - [TRANSACTION] endpoint=/api/trainer-workload/jane.smith status=200 transactionId=6c5224b6-383b-4dd4-b31a-20ce63644969
2026-05-25 18:17:29 [http-nio-8081-exec-7] [txId=6030e807-8528-4839-871f-6aa1c245198b] INFO  c.e.w.l.TransactionLoggingFilter - [TRANSACTION] endpoint=/api/trainer-workload method=POST transactionId=6030e807-8528-4839-871f-6aa1c245198b
2026-05-25 18:17:29 [http-nio-8081-exec-7] [txId=6030e807-8528-4839-871f-6aa1c245198b] INFO  c.e.w.c.TrainerWorkloadController - Updating workload for trainer 'jane.smith', action=DELETE
2026-05-25 18:17:29 [http-nio-8081-exec-7] [txId=6030e807-8528-4839-871f-6aa1c245198b] INFO  c.e.w.service.TrainerWorkloadService - Removed 60 minutes for trainer 'jane.smith' in 2025/3
2026-05-25 18:17:29 [http-nio-8081-exec-7] [txId=6030e807-8528-4839-871f-6aa1c245198b] INFO  c.e.w.c.TrainerWorkloadController - Workload updated successfully for trainer 'jane.smith', transactionId=6030e807-8528-4839-871f-6aa1c245198b
2026-05-25 18:17:29 [http-nio-8081-exec-7] [txId=6030e807-8528-4839-871f-6aa1c245198b] INFO  c.e.w.l.TransactionLoggingFilter - [TRANSACTION] endpoint=/api/trainer-workload status=200 transactionId=6030e807-8528-4839-871f-6aa1c245198b
2026-05-25 18:17:32 [http-nio-8081-exec-8] [txId=c6315b3e-a8f1-48a6-acf3-0d33d0da001e] INFO  c.e.w.l.TransactionLoggingFilter - [TRANSACTION] endpoint=/api/trainer-workload/jane.smith method=GET transactionId=c6315b3e-a8f1-48a6-acf3-0d33d0da001e
2026-05-25 18:17:32 [http-nio-8081-exec-8] [txId=c6315b3e-a8f1-48a6-acf3-0d33d0da001e] INFO  c.e.w.c.TrainerWorkloadController - Fetching workload summary for trainer 'jane.smith'
2026-05-25 18:17:32 [http-nio-8081-exec-8] [txId=c6315b3e-a8f1-48a6-acf3-0d33d0da001e] INFO  c.e.w.c.TrainerWorkloadController - Summary retrieved for trainer 'jane.smith', transactionId=c6315b3e-a8f1-48a6-acf3-0d33d0da001e
2026-05-25 18:17:32 [http-nio-8081-exec-8] [txId=c6315b3e-a8f1-48a6-acf3-0d33d0da001e] INFO  c.e.w.l.TransactionLoggingFilter - [TRANSACTION] endpoint=/api/trainer-workload/jane.smith status=200 transactionId=c6315b3e-a8f1-48a6-acf3-0d33d0da001e
2026-05-25 18:18:10 [http-nio-8081-exec-9] [txId=82a51e45-2de2-426f-bee9-d32cafa03661] INFO  c.e.w.l.TransactionLoggingFilter - [TRANSACTION] endpoint=/api/trainer-workload/jane.smith method=GET transactionId=82a51e45-2de2-426f-bee9-d32cafa03661
2026-05-25 18:18:10 [http-nio-8081-exec-9] [txId=82a51e45-2de2-426f-bee9-d32cafa03661] INFO  c.e.w.c.TrainerWorkloadController - Fetching workload summary for trainer 'jane.smith'
2026-05-25 18:18:10 [http-nio-8081-exec-9] [txId=82a51e45-2de2-426f-bee9-d32cafa03661] INFO  c.e.w.c.TrainerWorkloadController - Summary retrieved for trainer 'jane.smith', transactionId=82a51e45-2de2-426f-bee9-d32cafa03661
2026-05-25 18:18:10 [http-nio-8081-exec-9] [txId=82a51e45-2de2-426f-bee9-d32cafa03661] INFO  c.e.w.l.TransactionLoggingFilter - [TRANSACTION] endpoint=/api/trainer-workload/jane.smith status=200 transactionId=82a51e45-2de2-426f-bee9-d32cafa03661
2026-05-25 18:19:14 [http-nio-8081-exec-2] [txId=0614c604-3354-4902-b3a0-eed199bbfe91] INFO  c.e.w.l.TransactionLoggingFilter - [TRANSACTION] endpoint=/api/trainer-workload/jane.smith method=GET transactionId=0614c604-3354-4902-b3a0-eed199bbfe91
2026-05-25 18:19:14 [http-nio-8081-exec-2] [txId=0614c604-3354-4902-b3a0-eed199bbfe91] INFO  c.e.w.c.TrainerWorkloadController - Fetching workload summary for trainer 'jane.smith'
2026-05-25 18:19:14 [http-nio-8081-exec-2] [txId=0614c604-3354-4902-b3a0-eed199bbfe91] INFO  c.e.w.c.TrainerWorkloadController - Summary retrieved for trainer 'jane.smith', transactionId=0614c604-3354-4902-b3a0-eed199bbfe91
2026-05-25 18:19:14 [http-nio-8081-exec-2] [txId=0614c604-3354-4902-b3a0-eed199bbfe91] INFO  c.e.w.l.TransactionLoggingFilter - [TRANSACTION] endpoint=/api/trainer-workload/jane.smith status=200 transactionId=0614c604-3354-4902-b3a0-eed199bbfe91
2026-05-25 18:19:50 [AsyncResolver-bootstrap-executor-0] [txId=] INFO  c.n.d.s.r.aws.ConfigClusterResolver - Resolving eureka endpoints via configuration
2026-05-25 18:21:55 [SpringApplicationShutdownHook] [txId=] INFO  o.s.c.n.e.s.EurekaServiceRegistry - Unregistering application TRAINER-WORKLOAD-SERVICE with eureka with status DOWN
2026-05-25 18:21:55 [SpringApplicationShutdownHook] [txId=] INFO  c.netflix.discovery.DiscoveryClient - Saw local status change event StatusChangeEvent [timestamp=1779718915730, current=DOWN, previous=UP]
2026-05-25 18:21:55 [DiscoveryClient-InstanceInfoReplicator-0] [txId=] INFO  c.netflix.discovery.DiscoveryClient - DiscoveryClient_TRAINER-WORKLOAD-SERVICE/192.168.18.151:trainer-workload-service:8081: registering service...
2026-05-25 18:21:55 [DiscoveryClient-InstanceInfoReplicator-0] [txId=] INFO  c.netflix.discovery.DiscoveryClient - DiscoveryClient_TRAINER-WORKLOAD-SERVICE/192.168.18.151:trainer-workload-service:8081 - registration status: 204
2026-05-25 18:21:55 [SpringApplicationShutdownHook] [txId=] INFO  c.netflix.discovery.DiscoveryClient - Shutting down DiscoveryClient ...
2026-05-25 18:21:58 [SpringApplicationShutdownHook] [txId=] INFO  c.netflix.discovery.DiscoveryClient - Unregistering ...
2026-05-25 18:21:58 [SpringApplicationShutdownHook] [txId=] INFO  c.netflix.discovery.DiscoveryClient - DiscoveryClient_TRAINER-WORKLOAD-SERVICE/192.168.18.151:trainer-workload-service:8081 - deregister  status: 200
2026-05-25 18:21:58 [SpringApplicationShutdownHook] [txId=] INFO  c.netflix.discovery.DiscoveryClient - Completed shut down of DiscoveryClient
2026-05-25 18:27:33 [main] [txId=] INFO  c.e.w.TrainerWorkloadApplication - Starting TrainerWorkloadApplication using Java 17.0.18 with PID 7836 (/Users/mariagevorgyan/Documents/Epam_Task1_Spring/trainer-workload-service/target/classes started by mariagevorgyan in /Users/mariagevorgyan/Documents/Epam_Task1_Spring/trainer-workload-service)
2026-05-25 18:27:33 [main] [txId=] DEBUG c.e.w.TrainerWorkloadApplication - Running with Spring Boot v3.2.0, Spring v6.1.1
2026-05-25 18:27:33 [main] [txId=] INFO  c.e.w.TrainerWorkloadApplication - No active profile set, falling back to 1 default profile: "default"
2026-05-25 18:27:33 [main] [txId=] INFO  o.s.cloud.context.scope.GenericScope - BeanFactory id=edcc1f8f-7b7e-3326-988c-f319dee77adb
2026-05-25 18:27:33 [main] [txId=] WARN  o.s.c.s.PostProcessorRegistrationDelegate$BeanPostProcessorChecker - Bean 'org.springframework.cloud.client.loadbalancer.LoadBalancerAutoConfiguration$LoadBalancerInterceptorConfig' of type [org.springframework.cloud.client.loadbalancer.LoadBalancerAutoConfiguration$LoadBalancerInterceptorConfig] is not eligible for getting processed by all BeanPostProcessors (for example: not eligible for auto-proxying). The currently created BeanPostProcessor [lbRestClientPostProcessor] is declared through a non-static factory method on that class; consider declaring it as static instead.
2026-05-25 18:27:33 [main] [txId=] WARN  o.s.c.s.PostProcessorRegistrationDelegate$BeanPostProcessorChecker - Bean 'org.springframework.cloud.loadbalancer.config.BlockingLoadBalancerClientAutoConfiguration' of type [org.springframework.cloud.loadbalancer.config.BlockingLoadBalancerClientAutoConfiguration] is not eligible for getting processed by all BeanPostProcessors (for example: not eligible for auto-proxying). Is this bean getting eagerly injected into a currently created BeanPostProcessor [lbRestClientPostProcessor]? Check the corresponding BeanPostProcessor declaration and its dependencies.
2026-05-25 18:27:33 [main] [txId=] WARN  o.s.c.s.PostProcessorRegistrationDelegate$BeanPostProcessorChecker - Bean 'org.springframework.cloud.loadbalancer.config.LoadBalancerAutoConfiguration' of type [org.springframework.cloud.loadbalancer.config.LoadBalancerAutoConfiguration] is not eligible for getting processed by all BeanPostProcessors (for example: not eligible for auto-proxying). Is this bean getting eagerly injected into a currently created BeanPostProcessor [lbRestClientPostProcessor]? Check the corresponding BeanPostProcessor declaration and its dependencies.
2026-05-25 18:27:33 [main] [txId=] WARN  o.s.c.s.PostProcessorRegistrationDelegate$BeanPostProcessorChecker - Bean 'org.springframework.cloud.commons.config.CommonsConfigAutoConfiguration' of type [org.springframework.cloud.commons.config.CommonsConfigAutoConfiguration] is not eligible for getting processed by all BeanPostProcessors (for example: not eligible for auto-proxying). Is this bean getting eagerly injected into a currently created BeanPostProcessor [lbRestClientPostProcessor]? Check the corresponding BeanPostProcessor declaration and its dependencies.
2026-05-25 18:27:33 [main] [txId=] WARN  o.s.c.s.PostProcessorRegistrationDelegate$BeanPostProcessorChecker - Bean 'org.springframework.cloud.client.loadbalancer.LoadBalancerDefaultMappingsProviderAutoConfiguration' of type [org.springframework.cloud.client.loadbalancer.LoadBalancerDefaultMappingsProviderAutoConfiguration] is not eligible for getting processed by all BeanPostProcessors (for example: not eligible for auto-proxying). Is this bean getting eagerly injected into a currently created BeanPostProcessor [lbRestClientPostProcessor]? Check the corresponding BeanPostProcessor declaration and its dependencies.
2026-05-25 18:27:33 [main] [txId=] WARN  o.s.c.s.PostProcessorRegistrationDelegate$BeanPostProcessorChecker - Bean 'loadBalancerClientsDefaultsMappingsProvider' of type [org.springframework.cloud.client.loadbalancer.LoadBalancerDefaultMappingsProviderAutoConfiguration$$Lambda$544/0x000000b8013627d8] is not eligible for getting processed by all BeanPostProcessors (for example: not eligible for auto-proxying). Is this bean getting eagerly injected into a currently created BeanPostProcessor [lbRestClientPostProcessor]? Check the corresponding BeanPostProcessor declaration and its dependencies.
2026-05-25 18:27:33 [main] [txId=] WARN  o.s.c.s.PostProcessorRegistrationDelegate$BeanPostProcessorChecker - Bean 'defaultsBindHandlerAdvisor' of type [org.springframework.cloud.commons.config.DefaultsBindHandlerAdvisor] is not eligible for getting processed by all BeanPostProcessors (for example: not eligible for auto-proxying). Is this bean getting eagerly injected into a currently created BeanPostProcessor [lbRestClientPostProcessor]? Check the corresponding BeanPostProcessor declaration and its dependencies.
2026-05-25 18:27:33 [main] [txId=] WARN  o.s.c.s.PostProcessorRegistrationDelegate$BeanPostProcessorChecker - Bean 'spring.cloud.loadbalancer-org.springframework.cloud.client.loadbalancer.LoadBalancerClientsProperties' of type [org.springframework.cloud.client.loadbalancer.LoadBalancerClientsProperties] is not eligible for getting processed by all BeanPostProcessors (for example: not eligible for auto-proxying). Is this bean getting eagerly injected into a currently created BeanPostProcessor [lbRestClientPostProcessor]? Check the corresponding BeanPostProcessor declaration and its dependencies.
2026-05-25 18:27:33 [main] [txId=] WARN  o.s.c.s.PostProcessorRegistrationDelegate$BeanPostProcessorChecker - Bean 'default.org.springframework.cloud.loadbalancer.config.LoadBalancerAutoConfiguration.LoadBalancerClientSpecification' of type [org.springframework.cloud.loadbalancer.annotation.LoadBalancerClientSpecification] is not eligible for getting processed by all BeanPostProcessors (for example: not eligible for auto-proxying). Is this bean getting eagerly injected into a currently created BeanPostProcessor [lbRestClientPostProcessor]? Check the corresponding BeanPostProcessor declaration and its dependencies.
2026-05-25 18:27:33 [main] [txId=] WARN  o.s.c.s.PostProcessorRegistrationDelegate$BeanPostProcessorChecker - Bean 'default.org.springframework.cloud.loadbalancer.config.BlockingLoadBalancerClientAutoConfiguration.LoadBalancerClientSpecification' of type [org.springframework.cloud.loadbalancer.annotation.LoadBalancerClientSpecification] is not eligible for getting processed by all BeanPostProcessors (for example: not eligible for auto-proxying). Is this bean getting eagerly injected into a currently created BeanPostProcessor [lbRestClientPostProcessor]? Check the corresponding BeanPostProcessor declaration and its dependencies.
2026-05-25 18:27:33 [main] [txId=] WARN  o.s.c.s.PostProcessorRegistrationDelegate$BeanPostProcessorChecker - Bean 'default.org.springframework.cloud.netflix.eureka.loadbalancer.LoadBalancerEurekaAutoConfiguration.LoadBalancerClientSpecification' of type [org.springframework.cloud.loadbalancer.annotation.LoadBalancerClientSpecification] is not eligible for getting processed by all BeanPostProcessors (for example: not eligible for auto-proxying). Is this bean getting eagerly injected into a currently created BeanPostProcessor [lbRestClientPostProcessor]? Check the corresponding BeanPostProcessor declaration and its dependencies.
2026-05-25 18:27:33 [main] [txId=] WARN  o.s.c.s.PostProcessorRegistrationDelegate$BeanPostProcessorChecker - Bean 'loadBalancerClientFactory' of type [org.springframework.cloud.loadbalancer.support.LoadBalancerClientFactory] is not eligible for getting processed by all BeanPostProcessors (for example: not eligible for auto-proxying). Is this bean getting eagerly injected into a currently created BeanPostProcessor [lbRestClientPostProcessor]? Check the corresponding BeanPostProcessor declaration and its dependencies.
2026-05-25 18:27:33 [main] [txId=] WARN  o.s.c.s.PostProcessorRegistrationDelegate$BeanPostProcessorChecker - Bean 'blockingLoadBalancerClient' of type [org.springframework.cloud.loadbalancer.blocking.client.BlockingLoadBalancerClient] is not eligible for getting processed by all BeanPostProcessors (for example: not eligible for auto-proxying). Is this bean getting eagerly injected into a currently created BeanPostProcessor [lbRestClientPostProcessor]? Check the corresponding BeanPostProcessor declaration and its dependencies.
2026-05-25 18:27:33 [main] [txId=] WARN  o.s.c.s.PostProcessorRegistrationDelegate$BeanPostProcessorChecker - Bean 'loadBalancerServiceInstanceCookieTransformer' of type [org.springframework.cloud.loadbalancer.core.LoadBalancerServiceInstanceCookieTransformer] is not eligible for getting processed by all BeanPostProcessors (for example: not eligible for auto-proxying). Is this bean getting eagerly injected into a currently created BeanPostProcessor [lbRestClientPostProcessor]? Check the corresponding BeanPostProcessor declaration and its dependencies.
2026-05-25 18:27:33 [main] [txId=] WARN  o.s.c.s.PostProcessorRegistrationDelegate$BeanPostProcessorChecker - Bean 'xForwarderHeadersTransformer' of type [org.springframework.cloud.loadbalancer.blocking.XForwardedHeadersTransformer] is not eligible for getting processed by all BeanPostProcessors (for example: not eligible for auto-proxying). Is this bean getting eagerly injected into a currently created BeanPostProcessor [lbRestClientPostProcessor]? Check the corresponding BeanPostProcessor declaration and its dependencies.
2026-05-25 18:27:33 [main] [txId=] WARN  o.s.c.s.PostProcessorRegistrationDelegate$BeanPostProcessorChecker - Bean 'org.springframework.cloud.client.loadbalancer.LoadBalancerAutoConfiguration' of type [org.springframework.cloud.client.loadbalancer.LoadBalancerAutoConfiguration] is not eligible for getting processed by all BeanPostProcessors (for example: not eligible for auto-proxying). Is this bean getting eagerly injected into a currently created BeanPostProcessor [lbRestClientPostProcessor]? Check the corresponding BeanPostProcessor declaration and its dependencies.
2026-05-25 18:27:33 [main] [txId=] WARN  o.s.c.s.PostProcessorRegistrationDelegate$BeanPostProcessorChecker - Bean 'loadBalancerRequestFactory' of type [org.springframework.cloud.client.loadbalancer.LoadBalancerRequestFactory] is not eligible for getting processed by all BeanPostProcessors (for example: not eligible for auto-proxying). Is this bean getting eagerly injected into a currently created BeanPostProcessor [lbRestClientPostProcessor]? Check the corresponding BeanPostProcessor declaration and its dependencies.
2026-05-25 18:27:33 [main] [txId=] WARN  o.s.c.s.PostProcessorRegistrationDelegate$BeanPostProcessorChecker - Bean 'loadBalancerInterceptor' of type [org.springframework.cloud.client.loadbalancer.LoadBalancerInterceptor] is not eligible for getting processed by all BeanPostProcessors (for example: not eligible for auto-proxying). Is this bean getting eagerly injected into a currently created BeanPostProcessor [lbRestClientPostProcessor]? Check the corresponding BeanPostProcessor declaration and its dependencies.
2026-05-25 18:27:33 [main] [txId=] INFO  o.s.b.w.e.tomcat.TomcatWebServer - Tomcat initialized with port 8081 (http)
2026-05-25 18:27:33 [main] [txId=] INFO  o.a.coyote.http11.Http11NioProtocol - Initializing ProtocolHandler ["http-nio-8081"]
2026-05-25 18:27:33 [main] [txId=] INFO  o.a.catalina.core.StandardService - Starting service [Tomcat]
2026-05-25 18:27:33 [main] [txId=] INFO  o.a.catalina.core.StandardEngine - Starting Servlet engine: [Apache Tomcat/10.1.16]
2026-05-25 18:27:33 [main] [txId=] INFO  o.a.c.c.C.[Tomcat].[localhost].[/] - Initializing Spring embedded WebApplicationContext
2026-05-25 18:27:33 [main] [txId=] INFO  o.s.b.w.s.c.ServletWebServerApplicationContext - Root WebApplicationContext: initialization completed in 370 ms
2026-05-25 18:27:33 [main] [txId=] DEBUG c.e.w.l.TransactionLoggingFilter - Filter 'transactionLoggingFilter' configured for use
2026-05-25 18:27:33 [main] [txId=] DEBUG c.e.workload.security.JwtAuthFilter - Filter 'jwtAuthFilter' configured for use
2026-05-25 18:27:33 [main] [txId=] WARN  o.s.b.a.s.s.UserDetailsServiceAutoConfiguration - 

Using generated security password: 1b4265fa-accb-4338-a6a7-2d43baa9d4ed

This generated password is for development use only. Your security configuration must be updated before running your application in production.

2026-05-25 18:27:33 [main] [txId=] INFO  o.s.b.a.e.web.EndpointLinksResolver - Exposing 2 endpoint(s) beneath base path '/actuator'
2026-05-25 18:27:33 [main] [txId=] INFO  o.s.s.web.DefaultSecurityFilterChain - Will secure any request with [org.springframework.security.web.session.DisableEncodeUrlFilter@7f5ce33e, org.springframework.security.web.context.request.async.WebAsyncManagerIntegrationFilter@638afcaa, org.springframework.security.web.context.SecurityContextHolderFilter@1e120628, org.springframework.security.web.header.HeaderWriterFilter@641ed324, org.springframework.web.filter.CorsFilter@58601e7a, org.springframework.security.web.authentication.logout.LogoutFilter@25e8e59, com.epam.workload.security.JwtAuthFilter@553d2579, org.springframework.security.web.savedrequest.RequestCacheAwareFilter@1de5cc88, org.springframework.security.web.servletapi.SecurityContextHolderAwareRequestFilter@23e2c1ca, org.springframework.security.web.authentication.AnonymousAuthenticationFilter@62735b13, org.springframework.security.web.session.SessionManagementFilter@482a58c7, org.springframework.security.web.access.ExceptionTranslationFilter@288728e, org.springframework.security.web.access.intercept.AuthorizationFilter@635ff2a5]
2026-05-25 18:27:33 [main] [txId=] INFO  o.s.c.n.e.c.DiscoveryClientOptionalArgsConfiguration - Eureka HTTP Client uses RestTemplate.
2026-05-25 18:27:33 [main] [txId=] WARN  o.s.c.l.c.LoadBalancerCacheAutoConfiguration$LoadBalancerCaffeineWarnLogger - Spring Cloud LoadBalancer is currently working with the default cache. While this cache implementation is useful for development and tests, it's recommended to use Caffeine cache in production.You can switch to using Caffeine cache, by adding it and org.springframework.cache.caffeine.CaffeineCacheManager to the classpath.
2026-05-25 18:27:33 [main] [txId=] INFO  o.s.c.n.eureka.InstanceInfoFactory - Setting initial instance status as: STARTING
2026-05-25 18:27:33 [main] [txId=] INFO  c.netflix.discovery.DiscoveryClient - Initializing Eureka in region us-east-1
2026-05-25 18:27:33 [main] [txId=] INFO  c.n.d.s.r.aws.ConfigClusterResolver - Resolving eureka endpoints via configuration
2026-05-25 18:27:33 [main] [txId=] INFO  c.netflix.discovery.DiscoveryClient - Disable delta property : false
2026-05-25 18:27:33 [main] [txId=] INFO  c.netflix.discovery.DiscoveryClient - Single vip registry refresh property : null
2026-05-25 18:27:33 [main] [txId=] INFO  c.netflix.discovery.DiscoveryClient - Force full registry fetch : false
2026-05-25 18:27:33 [main] [txId=] INFO  c.netflix.discovery.DiscoveryClient - Application is null : false
2026-05-25 18:27:33 [main] [txId=] INFO  c.netflix.discovery.DiscoveryClient - Registered Applications size is zero : true
2026-05-25 18:27:33 [main] [txId=] INFO  c.netflix.discovery.DiscoveryClient - Application version is -1: true
2026-05-25 18:27:33 [main] [txId=] INFO  c.netflix.discovery.DiscoveryClient - Getting all instance registry info from the eureka server
2026-05-25 18:27:34 [main] [txId=] INFO  c.netflix.discovery.DiscoveryClient - The response status is 200
2026-05-25 18:27:34 [main] [txId=] INFO  c.netflix.discovery.DiscoveryClient - Starting heartbeat executor: renew interval is: 30
2026-05-25 18:27:34 [main] [txId=] INFO  c.n.discovery.InstanceInfoReplicator - InstanceInfoReplicator onDemand update allowed rate per min is 4
2026-05-25 18:27:34 [main] [txId=] INFO  c.netflix.discovery.DiscoveryClient - Discovery Client initialized at timestamp 1779719254069 with initial instances count: 1
2026-05-25 18:27:34 [main] [txId=] INFO  o.s.c.n.e.s.EurekaServiceRegistry - Registering application TRAINER-WORKLOAD-SERVICE with eureka with status UP
2026-05-25 18:27:34 [main] [txId=] INFO  c.netflix.discovery.DiscoveryClient - Saw local status change event StatusChangeEvent [timestamp=1779719254071, current=UP, previous=STARTING]
2026-05-25 18:27:34 [DiscoveryClient-InstanceInfoReplicator-0] [txId=] INFO  c.netflix.discovery.DiscoveryClient - DiscoveryClient_TRAINER-WORKLOAD-SERVICE/192.168.18.151:trainer-workload-service:8081: registering service...
2026-05-25 18:27:34 [main] [txId=] INFO  o.a.coyote.http11.Http11NioProtocol - Starting ProtocolHandler ["http-nio-8081"]
2026-05-25 18:27:34 [main] [txId=] INFO  o.s.b.w.e.tomcat.TomcatWebServer - Tomcat started on port 8081 (http) with context path ''
2026-05-25 18:27:34 [main] [txId=] INFO  o.s.c.n.e.s.EurekaAutoServiceRegistration - Updating port to 8081
2026-05-25 18:27:34 [DiscoveryClient-InstanceInfoReplicator-0] [txId=] INFO  c.netflix.discovery.DiscoveryClient - DiscoveryClient_TRAINER-WORKLOAD-SERVICE/192.168.18.151:trainer-workload-service:8081 - registration status: 204
2026-05-25 18:27:34 [main] [txId=] INFO  c.e.w.TrainerWorkloadApplication - Started TrainerWorkloadApplication in 0.979 seconds (process running for 1.08)
2026-05-25 18:27:52 [http-nio-8081-exec-1] [txId=] INFO  o.a.c.c.C.[Tomcat].[localhost].[/] - Initializing Spring DispatcherServlet 'dispatcherServlet'
2026-05-25 18:27:52 [http-nio-8081-exec-1] [txId=] INFO  o.s.web.servlet.DispatcherServlet - Initializing Servlet 'dispatcherServlet'
2026-05-25 18:27:52 [http-nio-8081-exec-1] [txId=] INFO  o.s.web.servlet.DispatcherServlet - Completed initialization in 2 ms
2026-05-25 18:27:52 [http-nio-8081-exec-1] [txId=] WARN  o.s.w.s.h.HandlerMappingIntrospector - Cache miss for REQUEST dispatch to '/actuator/info' (previous null). Performing CorsConfiguration lookup. This is logged once only at WARN level, and every time at TRACE.
2026-05-25 18:27:52 [http-nio-8081-exec-1] [txId=] WARN  o.s.w.s.h.HandlerMappingIntrospector - Cache miss for REQUEST dispatch to '/actuator/info' (previous null). Performing MatchableHandlerMapping lookup. This is logged once only at WARN level, and every time at TRACE.
2026-05-25 18:27:52 [http-nio-8081-exec-1] [txId=9a26490a-5af5-4efd-b979-920c15f6d601] INFO  c.e.w.l.TransactionLoggingFilter - [TRANSACTION] endpoint=/actuator/info method=GET transactionId=9a26490a-5af5-4efd-b979-920c15f6d601
2026-05-25 18:27:52 [http-nio-8081-exec-1] [txId=9a26490a-5af5-4efd-b979-920c15f6d601] INFO  c.e.w.l.TransactionLoggingFilter - [TRANSACTION] endpoint=/actuator/info status=200 transactionId=9a26490a-5af5-4efd-b979-920c15f6d601
2026-05-25 18:28:45 [http-nio-8081-exec-3] [txId=be52cae3-7112-4a6b-875c-9cec44f0eb01] INFO  c.e.w.l.TransactionLoggingFilter - [TRANSACTION] endpoint=/api/trainer-workload/jane.smith method=GET transactionId=be52cae3-7112-4a6b-875c-9cec44f0eb01
2026-05-25 18:28:45 [http-nio-8081-exec-3] [txId=be52cae3-7112-4a6b-875c-9cec44f0eb01] INFO  c.e.w.c.TrainerWorkloadController - Fetching workload summary for trainer 'jane.smith'
2026-05-25 18:28:45 [http-nio-8081-exec-3] [txId=be52cae3-7112-4a6b-875c-9cec44f0eb01] WARN  c.e.w.c.TrainerWorkloadController - No summary found for trainer 'jane.smith'
2026-05-25 18:28:45 [http-nio-8081-exec-3] [txId=be52cae3-7112-4a6b-875c-9cec44f0eb01] INFO  c.e.w.l.TransactionLoggingFilter - [TRANSACTION] endpoint=/api/trainer-workload/jane.smith status=404 transactionId=be52cae3-7112-4a6b-875c-9cec44f0eb01
2026-05-25 18:28:54 [http-nio-8081-exec-6] [txId=c39fb14a-012a-410a-b588-61bc934a3c32] INFO  c.e.w.l.TransactionLoggingFilter - [TRANSACTION] endpoint=/api/trainer-workload/jane.smith method=GET transactionId=c39fb14a-012a-410a-b588-61bc934a3c32
2026-05-25 18:28:54 [http-nio-8081-exec-6] [txId=c39fb14a-012a-410a-b588-61bc934a3c32] INFO  c.e.w.c.TrainerWorkloadController - Fetching workload summary for trainer 'jane.smith'
2026-05-25 18:28:54 [http-nio-8081-exec-6] [txId=c39fb14a-012a-410a-b588-61bc934a3c32] WARN  c.e.w.c.TrainerWorkloadController - No summary found for trainer 'jane.smith'
2026-05-25 18:28:54 [http-nio-8081-exec-6] [txId=c39fb14a-012a-410a-b588-61bc934a3c32] INFO  c.e.w.l.TransactionLoggingFilter - [TRANSACTION] endpoint=/api/trainer-workload/jane.smith status=404 transactionId=c39fb14a-012a-410a-b588-61bc934a3c32
2026-05-25 18:29:01 [http-nio-8081-exec-7] [txId=b85f0cbe-d696-4c41-bc02-6bd07fb9a0e6] INFO  c.e.w.l.TransactionLoggingFilter - [TRANSACTION] endpoint=/api/trainer-workload method=POST transactionId=b85f0cbe-d696-4c41-bc02-6bd07fb9a0e6
2026-05-25 18:29:01 [http-nio-8081-exec-7] [txId=b85f0cbe-d696-4c41-bc02-6bd07fb9a0e6] INFO  c.e.w.c.TrainerWorkloadController - Updating workload for trainer 'jane.smith', action=ADD
2026-05-25 18:29:01 [http-nio-8081-exec-7] [txId=b85f0cbe-d696-4c41-bc02-6bd07fb9a0e6] INFO  c.e.w.service.TrainerWorkloadService - Added 60 minutes for trainer 'jane.smith' in 2025/3
2026-05-25 18:29:01 [http-nio-8081-exec-7] [txId=b85f0cbe-d696-4c41-bc02-6bd07fb9a0e6] INFO  c.e.w.c.TrainerWorkloadController - Workload updated successfully for trainer 'jane.smith', transactionId=b85f0cbe-d696-4c41-bc02-6bd07fb9a0e6
2026-05-25 18:29:01 [http-nio-8081-exec-7] [txId=b85f0cbe-d696-4c41-bc02-6bd07fb9a0e6] INFO  c.e.w.l.TransactionLoggingFilter - [TRANSACTION] endpoint=/api/trainer-workload status=200 transactionId=b85f0cbe-d696-4c41-bc02-6bd07fb9a0e6
2026-05-25 18:29:06 [http-nio-8081-exec-8] [txId=43352d5b-5d22-4a53-8bed-24cba49ec5c1] INFO  c.e.w.l.TransactionLoggingFilter - [TRANSACTION] endpoint=/api/trainer-workload/jane.smith method=GET transactionId=43352d5b-5d22-4a53-8bed-24cba49ec5c1
2026-05-25 18:29:06 [http-nio-8081-exec-8] [txId=43352d5b-5d22-4a53-8bed-24cba49ec5c1] INFO  c.e.w.c.TrainerWorkloadController - Fetching workload summary for trainer 'jane.smith'
2026-05-25 18:29:06 [http-nio-8081-exec-8] [txId=43352d5b-5d22-4a53-8bed-24cba49ec5c1] INFO  c.e.w.c.TrainerWorkloadController - Summary retrieved for trainer 'jane.smith', transactionId=43352d5b-5d22-4a53-8bed-24cba49ec5c1
2026-05-25 18:29:06 [http-nio-8081-exec-8] [txId=43352d5b-5d22-4a53-8bed-24cba49ec5c1] INFO  c.e.w.l.TransactionLoggingFilter - [TRANSACTION] endpoint=/api/trainer-workload/jane.smith status=200 transactionId=43352d5b-5d22-4a53-8bed-24cba49ec5c1
2026-05-25 18:29:17 [http-nio-8081-exec-9] [txId=f94fab4d-3e42-408b-b2fd-6ec41a39c8b9] INFO  c.e.w.l.TransactionLoggingFilter - [TRANSACTION] endpoint=/api/trainer-workload method=POST transactionId=f94fab4d-3e42-408b-b2fd-6ec41a39c8b9
2026-05-25 18:29:17 [http-nio-8081-exec-9] [txId=f94fab4d-3e42-408b-b2fd-6ec41a39c8b9] INFO  c.e.w.c.TrainerWorkloadController - Updating workload for trainer 'jane.smith', action=DELETE
2026-05-25 18:29:17 [http-nio-8081-exec-9] [txId=f94fab4d-3e42-408b-b2fd-6ec41a39c8b9] INFO  c.e.w.service.TrainerWorkloadService - Removed 60 minutes for trainer 'jane.smith' in 2025/3
2026-05-25 18:29:17 [http-nio-8081-exec-9] [txId=f94fab4d-3e42-408b-b2fd-6ec41a39c8b9] INFO  c.e.w.c.TrainerWorkloadController - Workload updated successfully for trainer 'jane.smith', transactionId=f94fab4d-3e42-408b-b2fd-6ec41a39c8b9
2026-05-25 18:29:17 [http-nio-8081-exec-9] [txId=f94fab4d-3e42-408b-b2fd-6ec41a39c8b9] INFO  c.e.w.l.TransactionLoggingFilter - [TRANSACTION] endpoint=/api/trainer-workload status=200 transactionId=f94fab4d-3e42-408b-b2fd-6ec41a39c8b9
2026-05-25 18:30:14 [SpringApplicationShutdownHook] [txId=] INFO  o.s.c.n.e.s.EurekaServiceRegistry - Unregistering application TRAINER-WORKLOAD-SERVICE with eureka with status DOWN
2026-05-25 18:30:14 [SpringApplicationShutdownHook] [txId=] INFO  c.netflix.discovery.DiscoveryClient - Saw local status change event StatusChangeEvent [timestamp=1779719414494, current=DOWN, previous=UP]
2026-05-25 18:30:14 [DiscoveryClient-InstanceInfoReplicator-0] [txId=] INFO  c.netflix.discovery.DiscoveryClient - DiscoveryClient_TRAINER-WORKLOAD-SERVICE/192.168.18.151:trainer-workload-service:8081: registering service...
2026-05-25 18:30:14 [DiscoveryClient-InstanceInfoReplicator-0] [txId=] INFO  c.netflix.discovery.DiscoveryClient - DiscoveryClient_TRAINER-WORKLOAD-SERVICE/192.168.18.151:trainer-workload-service:8081 - registration status: 204
2026-05-25 18:30:14 [SpringApplicationShutdownHook] [txId=] INFO  c.netflix.discovery.DiscoveryClient - Shutting down DiscoveryClient ...
2026-05-25 18:30:17 [SpringApplicationShutdownHook] [txId=] INFO  c.netflix.discovery.DiscoveryClient - Unregistering ...
2026-05-25 18:30:17 [SpringApplicationShutdownHook] [txId=] INFO  c.netflix.discovery.DiscoveryClient - DiscoveryClient_TRAINER-WORKLOAD-SERVICE/192.168.18.151:trainer-workload-service:8081 - deregister  status: 200
2026-05-25 18:30:17 [SpringApplicationShutdownHook] [txId=] INFO  c.netflix.discovery.DiscoveryClient - Completed shut down of DiscoveryClient
2026-05-25 19:13:24 [main] [txId=] INFO  c.e.w.TrainerWorkloadApplication - Starting TrainerWorkloadApplication using Java 17.0.18 with PID 18713 (/Users/mariagevorgyan/Documents/Epam_Task1_Spring/trainer-workload-service/target/classes started by mariagevorgyan in /Users/mariagevorgyan/Documents/Epam_Task1_Spring/trainer-workload-service)
2026-05-25 19:13:24 [main] [txId=] DEBUG c.e.w.TrainerWorkloadApplication - Running with Spring Boot v3.2.0, Spring v6.1.1
2026-05-25 19:13:24 [main] [txId=] INFO  c.e.w.TrainerWorkloadApplication - No active profile set, falling back to 1 default profile: "default"
2026-05-25 19:13:24 [main] [txId=] INFO  o.s.cloud.context.scope.GenericScope - BeanFactory id=b44c9ad6-fa87-3038-b78f-4eb651794c00
2026-05-25 19:13:24 [main] [txId=] WARN  o.s.c.s.PostProcessorRegistrationDelegate$BeanPostProcessorChecker - Bean 'org.springframework.cloud.client.loadbalancer.LoadBalancerAutoConfiguration$LoadBalancerInterceptorConfig' of type [org.springframework.cloud.client.loadbalancer.LoadBalancerAutoConfiguration$LoadBalancerInterceptorConfig] is not eligible for getting processed by all BeanPostProcessors (for example: not eligible for auto-proxying). The currently created BeanPostProcessor [lbRestClientPostProcessor] is declared through a non-static factory method on that class; consider declaring it as static instead.
2026-05-25 19:13:24 [main] [txId=] WARN  o.s.c.s.PostProcessorRegistrationDelegate$BeanPostProcessorChecker - Bean 'org.springframework.cloud.loadbalancer.config.BlockingLoadBalancerClientAutoConfiguration' of type [org.springframework.cloud.loadbalancer.config.BlockingLoadBalancerClientAutoConfiguration] is not eligible for getting processed by all BeanPostProcessors (for example: not eligible for auto-proxying). Is this bean getting eagerly injected into a currently created BeanPostProcessor [lbRestClientPostProcessor]? Check the corresponding BeanPostProcessor declaration and its dependencies.
2026-05-25 19:13:24 [main] [txId=] WARN  o.s.c.s.PostProcessorRegistrationDelegate$BeanPostProcessorChecker - Bean 'org.springframework.cloud.loadbalancer.config.LoadBalancerAutoConfiguration' of type [org.springframework.cloud.loadbalancer.config.LoadBalancerAutoConfiguration] is not eligible for getting processed by all BeanPostProcessors (for example: not eligible for auto-proxying). Is this bean getting eagerly injected into a currently created BeanPostProcessor [lbRestClientPostProcessor]? Check the corresponding BeanPostProcessor declaration and its dependencies.
2026-05-25 19:13:24 [main] [txId=] WARN  o.s.c.s.PostProcessorRegistrationDelegate$BeanPostProcessorChecker - Bean 'org.springframework.cloud.commons.config.CommonsConfigAutoConfiguration' of type [org.springframework.cloud.commons.config.CommonsConfigAutoConfiguration] is not eligible for getting processed by all BeanPostProcessors (for example: not eligible for auto-proxying). Is this bean getting eagerly injected into a currently created BeanPostProcessor [lbRestClientPostProcessor]? Check the corresponding BeanPostProcessor declaration and its dependencies.
2026-05-25 19:13:24 [main] [txId=] WARN  o.s.c.s.PostProcessorRegistrationDelegate$BeanPostProcessorChecker - Bean 'org.springframework.cloud.client.loadbalancer.LoadBalancerDefaultMappingsProviderAutoConfiguration' of type [org.springframework.cloud.client.loadbalancer.LoadBalancerDefaultMappingsProviderAutoConfiguration] is not eligible for getting processed by all BeanPostProcessors (for example: not eligible for auto-proxying). Is this bean getting eagerly injected into a currently created BeanPostProcessor [lbRestClientPostProcessor]? Check the corresponding BeanPostProcessor declaration and its dependencies.
2026-05-25 19:13:24 [main] [txId=] WARN  o.s.c.s.PostProcessorRegistrationDelegate$BeanPostProcessorChecker - Bean 'loadBalancerClientsDefaultsMappingsProvider' of type [org.springframework.cloud.client.loadbalancer.LoadBalancerDefaultMappingsProviderAutoConfiguration$$Lambda$549/0x0000007001377398] is not eligible for getting processed by all BeanPostProcessors (for example: not eligible for auto-proxying). Is this bean getting eagerly injected into a currently created BeanPostProcessor [lbRestClientPostProcessor]? Check the corresponding BeanPostProcessor declaration and its dependencies.
2026-05-25 19:13:24 [main] [txId=] WARN  o.s.c.s.PostProcessorRegistrationDelegate$BeanPostProcessorChecker - Bean 'defaultsBindHandlerAdvisor' of type [org.springframework.cloud.commons.config.DefaultsBindHandlerAdvisor] is not eligible for getting processed by all BeanPostProcessors (for example: not eligible for auto-proxying). Is this bean getting eagerly injected into a currently created BeanPostProcessor [lbRestClientPostProcessor]? Check the corresponding BeanPostProcessor declaration and its dependencies.
2026-05-25 19:13:24 [main] [txId=] WARN  o.s.c.s.PostProcessorRegistrationDelegate$BeanPostProcessorChecker - Bean 'spring.cloud.loadbalancer-org.springframework.cloud.client.loadbalancer.LoadBalancerClientsProperties' of type [org.springframework.cloud.client.loadbalancer.LoadBalancerClientsProperties] is not eligible for getting processed by all BeanPostProcessors (for example: not eligible for auto-proxying). Is this bean getting eagerly injected into a currently created BeanPostProcessor [lbRestClientPostProcessor]? Check the corresponding BeanPostProcessor declaration and its dependencies.
2026-05-25 19:13:24 [main] [txId=] WARN  o.s.c.s.PostProcessorRegistrationDelegate$BeanPostProcessorChecker - Bean 'default.org.springframework.cloud.loadbalancer.config.LoadBalancerAutoConfiguration.LoadBalancerClientSpecification' of type [org.springframework.cloud.loadbalancer.annotation.LoadBalancerClientSpecification] is not eligible for getting processed by all BeanPostProcessors (for example: not eligible for auto-proxying). Is this bean getting eagerly injected into a currently created BeanPostProcessor [lbRestClientPostProcessor]? Check the corresponding BeanPostProcessor declaration and its dependencies.
2026-05-25 19:13:24 [main] [txId=] WARN  o.s.c.s.PostProcessorRegistrationDelegate$BeanPostProcessorChecker - Bean 'default.org.springframework.cloud.loadbalancer.config.BlockingLoadBalancerClientAutoConfiguration.LoadBalancerClientSpecification' of type [org.springframework.cloud.loadbalancer.annotation.LoadBalancerClientSpecification] is not eligible for getting processed by all BeanPostProcessors (for example: not eligible for auto-proxying). Is this bean getting eagerly injected into a currently created BeanPostProcessor [lbRestClientPostProcessor]? Check the corresponding BeanPostProcessor declaration and its dependencies.
2026-05-25 19:13:24 [main] [txId=] WARN  o.s.c.s.PostProcessorRegistrationDelegate$BeanPostProcessorChecker - Bean 'default.org.springframework.cloud.netflix.eureka.loadbalancer.LoadBalancerEurekaAutoConfiguration.LoadBalancerClientSpecification' of type [org.springframework.cloud.loadbalancer.annotation.LoadBalancerClientSpecification] is not eligible for getting processed by all BeanPostProcessors (for example: not eligible for auto-proxying). Is this bean getting eagerly injected into a currently created BeanPostProcessor [lbRestClientPostProcessor]? Check the corresponding BeanPostProcessor declaration and its dependencies.
2026-05-25 19:13:24 [main] [txId=] WARN  o.s.c.s.PostProcessorRegistrationDelegate$BeanPostProcessorChecker - Bean 'loadBalancerClientFactory' of type [org.springframework.cloud.loadbalancer.support.LoadBalancerClientFactory] is not eligible for getting processed by all BeanPostProcessors (for example: not eligible for auto-proxying). Is this bean getting eagerly injected into a currently created BeanPostProcessor [lbRestClientPostProcessor]? Check the corresponding BeanPostProcessor declaration and its dependencies.
2026-05-25 19:13:24 [main] [txId=] WARN  o.s.c.s.PostProcessorRegistrationDelegate$BeanPostProcessorChecker - Bean 'blockingLoadBalancerClient' of type [org.springframework.cloud.loadbalancer.blocking.client.BlockingLoadBalancerClient] is not eligible for getting processed by all BeanPostProcessors (for example: not eligible for auto-proxying). Is this bean getting eagerly injected into a currently created BeanPostProcessor [lbRestClientPostProcessor]? Check the corresponding BeanPostProcessor declaration and its dependencies.
2026-05-25 19:13:24 [main] [txId=] WARN  o.s.c.s.PostProcessorRegistrationDelegate$BeanPostProcessorChecker - Bean 'loadBalancerServiceInstanceCookieTransformer' of type [org.springframework.cloud.loadbalancer.core.LoadBalancerServiceInstanceCookieTransformer] is not eligible for getting processed by all BeanPostProcessors (for example: not eligible for auto-proxying). Is this bean getting eagerly injected into a currently created BeanPostProcessor [lbRestClientPostProcessor]? Check the corresponding BeanPostProcessor declaration and its dependencies.
2026-05-25 19:13:24 [main] [txId=] WARN  o.s.c.s.PostProcessorRegistrationDelegate$BeanPostProcessorChecker - Bean 'xForwarderHeadersTransformer' of type [org.springframework.cloud.loadbalancer.blocking.XForwardedHeadersTransformer] is not eligible for getting processed by all BeanPostProcessors (for example: not eligible for auto-proxying). Is this bean getting eagerly injected into a currently created BeanPostProcessor [lbRestClientPostProcessor]? Check the corresponding BeanPostProcessor declaration and its dependencies.
2026-05-25 19:13:24 [main] [txId=] WARN  o.s.c.s.PostProcessorRegistrationDelegate$BeanPostProcessorChecker - Bean 'org.springframework.cloud.client.loadbalancer.LoadBalancerAutoConfiguration' of type [org.springframework.cloud.client.loadbalancer.LoadBalancerAutoConfiguration] is not eligible for getting processed by all BeanPostProcessors (for example: not eligible for auto-proxying). Is this bean getting eagerly injected into a currently created BeanPostProcessor [lbRestClientPostProcessor]? Check the corresponding BeanPostProcessor declaration and its dependencies.
2026-05-25 19:13:24 [main] [txId=] WARN  o.s.c.s.PostProcessorRegistrationDelegate$BeanPostProcessorChecker - Bean 'loadBalancerRequestFactory' of type [org.springframework.cloud.client.loadbalancer.LoadBalancerRequestFactory] is not eligible for getting processed by all BeanPostProcessors (for example: not eligible for auto-proxying). Is this bean getting eagerly injected into a currently created BeanPostProcessor [lbRestClientPostProcessor]? Check the corresponding BeanPostProcessor declaration and its dependencies.
2026-05-25 19:13:24 [main] [txId=] WARN  o.s.c.s.PostProcessorRegistrationDelegate$BeanPostProcessorChecker - Bean 'loadBalancerInterceptor' of type [org.springframework.cloud.client.loadbalancer.LoadBalancerInterceptor] is not eligible for getting processed by all BeanPostProcessors (for example: not eligible for auto-proxying). Is this bean getting eagerly injected into a currently created BeanPostProcessor [lbRestClientPostProcessor]? Check the corresponding BeanPostProcessor declaration and its dependencies.
2026-05-25 19:13:24 [main] [txId=] INFO  o.s.b.w.e.tomcat.TomcatWebServer - Tomcat initialized with port 8081 (http)
2026-05-25 19:13:24 [main] [txId=] INFO  o.a.coyote.http11.Http11NioProtocol - Initializing ProtocolHandler ["http-nio-8081"]
2026-05-25 19:13:24 [main] [txId=] INFO  o.a.catalina.core.StandardService - Starting service [Tomcat]
2026-05-25 19:13:24 [main] [txId=] INFO  o.a.catalina.core.StandardEngine - Starting Servlet engine: [Apache Tomcat/10.1.16]
2026-05-25 19:13:24 [main] [txId=] INFO  o.a.c.c.C.[Tomcat].[localhost].[/] - Initializing Spring embedded WebApplicationContext
2026-05-25 19:13:24 [main] [txId=] INFO  o.s.b.w.s.c.ServletWebServerApplicationContext - Root WebApplicationContext: initialization completed in 411 ms
2026-05-25 19:13:24 [main] [txId=] DEBUG c.e.w.l.TransactionLoggingFilter - Filter 'transactionLoggingFilter' configured for use
2026-05-25 19:13:24 [main] [txId=] DEBUG c.e.workload.security.JwtAuthFilter - Filter 'jwtAuthFilter' configured for use
2026-05-25 19:13:25 [main] [txId=] WARN  o.s.b.a.s.s.UserDetailsServiceAutoConfiguration - 

Using generated security password: dfc2e434-f945-4eee-9d13-1405d3238f57

This generated password is for development use only. Your security configuration must be updated before running your application in production.

2026-05-25 19:13:25 [main] [txId=] INFO  o.s.b.a.e.web.EndpointLinksResolver - Exposing 2 endpoint(s) beneath base path '/actuator'
2026-05-25 19:13:25 [main] [txId=] INFO  o.s.s.web.DefaultSecurityFilterChain - Will secure any request with [org.springframework.security.web.session.DisableEncodeUrlFilter@6e9a10cd, org.springframework.security.web.context.request.async.WebAsyncManagerIntegrationFilter@6ea66c33, org.springframework.security.web.context.SecurityContextHolderFilter@3be80ece, org.springframework.security.web.header.HeaderWriterFilter@64b73e0a, org.springframework.web.filter.CorsFilter@59b447a4, org.springframework.security.web.authentication.logout.LogoutFilter@5fb07347, com.epam.workload.security.JwtAuthFilter@361cd35c, org.springframework.security.web.savedrequest.RequestCacheAwareFilter@4efb13f1, org.springframework.security.web.servletapi.SecurityContextHolderAwareRequestFilter@7bb4ed71, org.springframework.security.web.authentication.AnonymousAuthenticationFilter@69ba3f4e, org.springframework.security.web.session.SessionManagementFilter@c262f2f, org.springframework.security.web.access.ExceptionTranslationFilter@3a3ad8e7, org.springframework.security.web.access.intercept.AuthorizationFilter@3ed7dd70]
2026-05-25 19:13:25 [main] [txId=] INFO  o.s.c.n.e.c.DiscoveryClientOptionalArgsConfiguration - Eureka HTTP Client uses RestTemplate.
2026-05-25 19:13:25 [main] [txId=] WARN  o.s.c.l.c.LoadBalancerCacheAutoConfiguration$LoadBalancerCaffeineWarnLogger - Spring Cloud LoadBalancer is currently working with the default cache. While this cache implementation is useful for development and tests, it's recommended to use Caffeine cache in production.You can switch to using Caffeine cache, by adding it and org.springframework.cache.caffeine.CaffeineCacheManager to the classpath.
2026-05-25 19:13:25 [main] [txId=] INFO  o.s.c.n.eureka.InstanceInfoFactory - Setting initial instance status as: STARTING
2026-05-25 19:13:25 [main] [txId=] INFO  c.netflix.discovery.DiscoveryClient - Initializing Eureka in region us-east-1
2026-05-25 19:13:25 [main] [txId=] INFO  c.n.d.s.r.aws.ConfigClusterResolver - Resolving eureka endpoints via configuration
2026-05-25 19:13:25 [main] [txId=] INFO  c.netflix.discovery.DiscoveryClient - Disable delta property : false
2026-05-25 19:13:25 [main] [txId=] INFO  c.netflix.discovery.DiscoveryClient - Single vip registry refresh property : null
2026-05-25 19:13:25 [main] [txId=] INFO  c.netflix.discovery.DiscoveryClient - Force full registry fetch : false
2026-05-25 19:13:25 [main] [txId=] INFO  c.netflix.discovery.DiscoveryClient - Application is null : false
2026-05-25 19:13:25 [main] [txId=] INFO  c.netflix.discovery.DiscoveryClient - Registered Applications size is zero : true
2026-05-25 19:13:25 [main] [txId=] INFO  c.netflix.discovery.DiscoveryClient - Application version is -1: true
2026-05-25 19:13:25 [main] [txId=] INFO  c.netflix.discovery.DiscoveryClient - Getting all instance registry info from the eureka server
2026-05-25 19:13:25 [main] [txId=] INFO  c.netflix.discovery.DiscoveryClient - The response status is 200
2026-05-25 19:13:25 [main] [txId=] INFO  c.netflix.discovery.DiscoveryClient - Starting heartbeat executor: renew interval is: 30
2026-05-25 19:13:25 [main] [txId=] INFO  c.n.discovery.InstanceInfoReplicator - InstanceInfoReplicator onDemand update allowed rate per min is 4
2026-05-25 19:13:25 [main] [txId=] INFO  c.netflix.discovery.DiscoveryClient - Discovery Client initialized at timestamp 1779722005482 with initial instances count: 0
2026-05-25 19:13:25 [main] [txId=] INFO  o.s.c.n.e.s.EurekaServiceRegistry - Registering application TRAINER-WORKLOAD-SERVICE with eureka with status UP
2026-05-25 19:13:25 [main] [txId=] INFO  c.netflix.discovery.DiscoveryClient - Saw local status change event StatusChangeEvent [timestamp=1779722005483, current=UP, previous=STARTING]
2026-05-25 19:13:25 [DiscoveryClient-InstanceInfoReplicator-0] [txId=] INFO  c.netflix.discovery.DiscoveryClient - DiscoveryClient_TRAINER-WORKLOAD-SERVICE/192.168.18.151:trainer-workload-service:8081: registering service...
2026-05-25 19:13:25 [main] [txId=] INFO  o.a.coyote.http11.Http11NioProtocol - Starting ProtocolHandler ["http-nio-8081"]
2026-05-25 19:13:25 [main] [txId=] INFO  o.s.b.w.e.tomcat.TomcatWebServer - Tomcat started on port 8081 (http) with context path ''
2026-05-25 19:13:25 [main] [txId=] INFO  o.s.c.n.e.s.EurekaAutoServiceRegistration - Updating port to 8081
2026-05-25 19:13:25 [DiscoveryClient-InstanceInfoReplicator-0] [txId=] INFO  c.netflix.discovery.DiscoveryClient - DiscoveryClient_TRAINER-WORKLOAD-SERVICE/192.168.18.151:trainer-workload-service:8081 - registration status: 204
2026-05-25 19:13:25 [main] [txId=] INFO  c.e.w.TrainerWorkloadApplication - Started TrainerWorkloadApplication in 1.339 seconds (process running for 1.45)
2026-05-25 19:13:55 [DiscoveryClient-CacheRefreshExecutor-0] [txId=] INFO  c.netflix.discovery.DiscoveryClient - Disable delta property : false
2026-05-25 19:13:55 [DiscoveryClient-CacheRefreshExecutor-0] [txId=] INFO  c.netflix.discovery.DiscoveryClient - Single vip registry refresh property : null
2026-05-25 19:13:55 [DiscoveryClient-CacheRefreshExecutor-0] [txId=] INFO  c.netflix.discovery.DiscoveryClient - Force full registry fetch : false
2026-05-25 19:13:55 [DiscoveryClient-CacheRefreshExecutor-0] [txId=] INFO  c.netflix.discovery.DiscoveryClient - Application is null : false
2026-05-25 19:13:55 [DiscoveryClient-CacheRefreshExecutor-0] [txId=] INFO  c.netflix.discovery.DiscoveryClient - Registered Applications size is zero : true
2026-05-25 19:13:55 [DiscoveryClient-CacheRefreshExecutor-0] [txId=] INFO  c.netflix.discovery.DiscoveryClient - Application version is -1: false
2026-05-25 19:13:55 [DiscoveryClient-CacheRefreshExecutor-0] [txId=] INFO  c.netflix.discovery.DiscoveryClient - Getting all instance registry info from the eureka server
2026-05-25 19:13:55 [DiscoveryClient-CacheRefreshExecutor-0] [txId=] INFO  c.netflix.discovery.DiscoveryClient - The response status is 200
2026-05-25 19:18:25 [AsyncResolver-bootstrap-executor-0] [txId=] INFO  c.n.d.s.r.aws.ConfigClusterResolver - Resolving eureka endpoints via configuration
2026-05-25 19:19:05 [org.springframework.jms.JmsListenerEndpointContainer#0-1] [txId=] WARN  o.s.j.l.DefaultMessageListenerContainer - Execution of JMS message listener failed, and no ErrorHandler has been set.
org.springframework.jms.listener.adapter.ListenerExecutionFailedException: Listener method 'public void com.epam.workload.messaging.WorkloadMessageListener.onWorkloadMessage(com.epam.workload.dto.TrainerWorkloadRequest,java.lang.String)' threw exception
	at org.springframework.jms.listener.adapter.MessagingMessageListenerAdapter.invokeHandler(MessagingMessageListenerAdapter.java:118)
	at org.springframework.jms.listener.adapter.MessagingMessageListenerAdapter.onMessage(MessagingMessageListenerAdapter.java:84)
	at org.springframework.jms.listener.AbstractMessageListenerContainer.doInvokeListener(AbstractMessageListenerContainer.java:783)
	at org.springframework.jms.listener.AbstractMessageListenerContainer.invokeListener(AbstractMessageListenerContainer.java:741)
	at org.springframework.jms.listener.AbstractMessageListenerContainer.doExecuteListener(AbstractMessageListenerContainer.java:719)
	at org.springframework.jms.listener.AbstractPollingMessageListenerContainer.doReceiveAndExecute(AbstractPollingMessageListenerContainer.java:333)
	at org.springframework.jms.listener.AbstractPollingMessageListenerContainer.receiveAndExecute(AbstractPollingMessageListenerContainer.java:270)
	at org.springframework.jms.listener.DefaultMessageListenerContainer$AsyncMessageListenerInvoker.invokeListener(DefaultMessageListenerContainer.java:1258)
	at org.springframework.jms.listener.DefaultMessageListenerContainer$AsyncMessageListenerInvoker.executeOngoingLoop(DefaultMessageListenerContainer.java:1248)
	at org.springframework.jms.listener.DefaultMessageListenerContainer$AsyncMessageListenerInvoker.run(DefaultMessageListenerContainer.java:1141)
	at java.base/java.lang.Thread.run(Thread.java:840)
Caused by: org.springframework.jms.support.converter.MessageConversionException: Failed to resolve type id [com.epam.training.dto.TrainerWorkloadRequest]
	at org.springframework.jms.support.converter.MappingJackson2MessageConverter.getJavaTypeForMessage(MappingJackson2MessageConverter.java:471)
	at org.springframework.jms.support.converter.MappingJackson2MessageConverter.fromMessage(MappingJackson2MessageConverter.java:241)
	at org.springframework.jms.listener.adapter.AbstractAdaptableMessageListener.extractMessage(AbstractAdaptableMessageListener.java:250)
	at org.springframework.jms.listener.adapter.AbstractAdaptableMessageListener$MessagingMessageConverterAdapter.extractPayload(AbstractAdaptableMessageListener.java:472)
	at org.springframework.jms.listener.adapter.AbstractAdaptableMessageListener$MessagingMessageConverterAdapter$LazyResolutionMessage.unwrapPayload(AbstractAdaptableMessageListener.java:539)
	at org.springframework.jms.listener.adapter.AbstractAdaptableMessageListener$MessagingMessageConverterAdapter$LazyResolutionMessage.getPayload(AbstractAdaptableMessageListener.java:521)
	at org.springframework.messaging.handler.annotation.support.PayloadMethodArgumentResolver.resolveArgument(PayloadMethodArgumentResolver.java:122)
	at org.springframework.messaging.handler.invocation.HandlerMethodArgumentResolverComposite.resolveArgument(HandlerMethodArgumentResolverComposite.java:118)
	at org.springframework.messaging.handler.invocation.InvocableHandlerMethod.getMethodArgumentValues(InvocableHandlerMethod.java:147)
	at org.springframework.messaging.handler.invocation.InvocableHandlerMethod.invoke(InvocableHandlerMethod.java:115)
	at org.springframework.jms.listener.adapter.MessagingMessageListenerAdapter.invokeHandler(MessagingMessageListenerAdapter.java:110)
	... 10 common frames omitted
Caused by: java.lang.ClassNotFoundException: com.epam.training.dto.TrainerWorkloadRequest
	at java.base/jdk.internal.loader.BuiltinClassLoader.loadClass(BuiltinClassLoader.java:641)
	at java.base/jdk.internal.loader.ClassLoaders$AppClassLoader.loadClass(ClassLoaders.java:188)
	at java.base/java.lang.ClassLoader.loadClass(ClassLoader.java:525)
	at java.base/java.lang.Class.forName0(Native Method)
	at java.base/java.lang.Class.forName(Class.java:469)
	at org.springframework.util.ClassUtils.forName(ClassUtils.java:304)
	at org.springframework.jms.support.converter.MappingJackson2MessageConverter.getJavaTypeForMessage(MappingJackson2MessageConverter.java:467)
	... 20 common frames omitted
2026-05-25 19:19:06 [org.springframework.jms.JmsListenerEndpointContainer#0-1] [txId=] WARN  o.s.j.l.DefaultMessageListenerContainer - Execution of JMS message listener failed, and no ErrorHandler has been set.
org.springframework.jms.listener.adapter.ListenerExecutionFailedException: Listener method 'public void com.epam.workload.messaging.WorkloadMessageListener.onWorkloadMessage(com.epam.workload.dto.TrainerWorkloadRequest,java.lang.String)' threw exception
	at org.springframework.jms.listener.adapter.MessagingMessageListenerAdapter.invokeHandler(MessagingMessageListenerAdapter.java:118)
	at org.springframework.jms.listener.adapter.MessagingMessageListenerAdapter.onMessage(MessagingMessageListenerAdapter.java:84)
	at org.springframework.jms.listener.AbstractMessageListenerContainer.doInvokeListener(AbstractMessageListenerContainer.java:783)
	at org.springframework.jms.listener.AbstractMessageListenerContainer.invokeListener(AbstractMessageListenerContainer.java:741)
	at org.springframework.jms.listener.AbstractMessageListenerContainer.doExecuteListener(AbstractMessageListenerContainer.java:719)
	at org.springframework.jms.listener.AbstractPollingMessageListenerContainer.doReceiveAndExecute(AbstractPollingMessageListenerContainer.java:333)
	at org.springframework.jms.listener.AbstractPollingMessageListenerContainer.receiveAndExecute(AbstractPollingMessageListenerContainer.java:270)
	at org.springframework.jms.listener.DefaultMessageListenerContainer$AsyncMessageListenerInvoker.invokeListener(DefaultMessageListenerContainer.java:1258)
	at org.springframework.jms.listener.DefaultMessageListenerContainer$AsyncMessageListenerInvoker.executeOngoingLoop(DefaultMessageListenerContainer.java:1248)
	at org.springframework.jms.listener.DefaultMessageListenerContainer$AsyncMessageListenerInvoker.run(DefaultMessageListenerContainer.java:1141)
	at java.base/java.lang.Thread.run(Thread.java:840)
Caused by: org.springframework.jms.support.converter.MessageConversionException: Failed to resolve type id [com.epam.training.dto.TrainerWorkloadRequest]
	at org.springframework.jms.support.converter.MappingJackson2MessageConverter.getJavaTypeForMessage(MappingJackson2MessageConverter.java:471)
	at org.springframework.jms.support.converter.MappingJackson2MessageConverter.fromMessage(MappingJackson2MessageConverter.java:241)
	at org.springframework.jms.listener.adapter.AbstractAdaptableMessageListener.extractMessage(AbstractAdaptableMessageListener.java:250)
	at org.springframework.jms.listener.adapter.AbstractAdaptableMessageListener$MessagingMessageConverterAdapter.extractPayload(AbstractAdaptableMessageListener.java:472)
	at org.springframework.jms.listener.adapter.AbstractAdaptableMessageListener$MessagingMessageConverterAdapter$LazyResolutionMessage.unwrapPayload(AbstractAdaptableMessageListener.java:539)
	at org.springframework.jms.listener.adapter.AbstractAdaptableMessageListener$MessagingMessageConverterAdapter$LazyResolutionMessage.getPayload(AbstractAdaptableMessageListener.java:521)
	at org.springframework.messaging.handler.annotation.support.PayloadMethodArgumentResolver.resolveArgument(PayloadMethodArgumentResolver.java:122)
	at org.springframework.messaging.handler.invocation.HandlerMethodArgumentResolverComposite.resolveArgument(HandlerMethodArgumentResolverComposite.java:118)
	at org.springframework.messaging.handler.invocation.InvocableHandlerMethod.getMethodArgumentValues(InvocableHandlerMethod.java:147)
	at org.springframework.messaging.handler.invocation.InvocableHandlerMethod.invoke(InvocableHandlerMethod.java:115)
	at org.springframework.jms.listener.adapter.MessagingMessageListenerAdapter.invokeHandler(MessagingMessageListenerAdapter.java:110)
	... 10 common frames omitted
Caused by: java.lang.ClassNotFoundException: com.epam.training.dto.TrainerWorkloadRequest
	at java.base/jdk.internal.loader.BuiltinClassLoader.loadClass(BuiltinClassLoader.java:641)
	at java.base/jdk.internal.loader.ClassLoaders$AppClassLoader.loadClass(ClassLoaders.java:188)
	at java.base/java.lang.ClassLoader.loadClass(ClassLoader.java:525)
	at java.base/java.lang.Class.forName0(Native Method)
	at java.base/java.lang.Class.forName(Class.java:469)
	at org.springframework.util.ClassUtils.forName(ClassUtils.java:304)
	at org.springframework.jms.support.converter.MappingJackson2MessageConverter.getJavaTypeForMessage(MappingJackson2MessageConverter.java:467)
	... 20 common frames omitted
2026-05-25 19:19:08 [org.springframework.jms.JmsListenerEndpointContainer#0-1] [txId=] WARN  o.s.j.l.DefaultMessageListenerContainer - Execution of JMS message listener failed, and no ErrorHandler has been set.
org.springframework.jms.listener.adapter.ListenerExecutionFailedException: Listener method 'public void com.epam.workload.messaging.WorkloadMessageListener.onWorkloadMessage(com.epam.workload.dto.TrainerWorkloadRequest,java.lang.String)' threw exception
	at org.springframework.jms.listener.adapter.MessagingMessageListenerAdapter.invokeHandler(MessagingMessageListenerAdapter.java:118)
	at org.springframework.jms.listener.adapter.MessagingMessageListenerAdapter.onMessage(MessagingMessageListenerAdapter.java:84)
	at org.springframework.jms.listener.AbstractMessageListenerContainer.doInvokeListener(AbstractMessageListenerContainer.java:783)
	at org.springframework.jms.listener.AbstractMessageListenerContainer.invokeListener(AbstractMessageListenerContainer.java:741)
	at org.springframework.jms.listener.AbstractMessageListenerContainer.doExecuteListener(AbstractMessageListenerContainer.java:719)
	at org.springframework.jms.listener.AbstractPollingMessageListenerContainer.doReceiveAndExecute(AbstractPollingMessageListenerContainer.java:333)
	at org.springframework.jms.listener.AbstractPollingMessageListenerContainer.receiveAndExecute(AbstractPollingMessageListenerContainer.java:270)
	at org.springframework.jms.listener.DefaultMessageListenerContainer$AsyncMessageListenerInvoker.invokeListener(DefaultMessageListenerContainer.java:1258)
	at org.springframework.jms.listener.DefaultMessageListenerContainer$AsyncMessageListenerInvoker.executeOngoingLoop(DefaultMessageListenerContainer.java:1248)
	at org.springframework.jms.listener.DefaultMessageListenerContainer$AsyncMessageListenerInvoker.run(DefaultMessageListenerContainer.java:1141)
	at java.base/java.lang.Thread.run(Thread.java:840)
Caused by: org.springframework.jms.support.converter.MessageConversionException: Failed to resolve type id [com.epam.training.dto.TrainerWorkloadRequest]
	at org.springframework.jms.support.converter.MappingJackson2MessageConverter.getJavaTypeForMessage(MappingJackson2MessageConverter.java:471)
	at org.springframework.jms.support.converter.MappingJackson2MessageConverter.fromMessage(MappingJackson2MessageConverter.java:241)
	at org.springframework.jms.listener.adapter.AbstractAdaptableMessageListener.extractMessage(AbstractAdaptableMessageListener.java:250)
	at org.springframework.jms.listener.adapter.AbstractAdaptableMessageListener$MessagingMessageConverterAdapter.extractPayload(AbstractAdaptableMessageListener.java:472)
	at org.springframework.jms.listener.adapter.AbstractAdaptableMessageListener$MessagingMessageConverterAdapter$LazyResolutionMessage.unwrapPayload(AbstractAdaptableMessageListener.java:539)
	at org.springframework.jms.listener.adapter.AbstractAdaptableMessageListener$MessagingMessageConverterAdapter$LazyResolutionMessage.getPayload(AbstractAdaptableMessageListener.java:521)
	at org.springframework.messaging.handler.annotation.support.PayloadMethodArgumentResolver.resolveArgument(PayloadMethodArgumentResolver.java:122)
	at org.springframework.messaging.handler.invocation.HandlerMethodArgumentResolverComposite.resolveArgument(HandlerMethodArgumentResolverComposite.java:118)
	at org.springframework.messaging.handler.invocation.InvocableHandlerMethod.getMethodArgumentValues(InvocableHandlerMethod.java:147)
	at org.springframework.messaging.handler.invocation.InvocableHandlerMethod.invoke(InvocableHandlerMethod.java:115)
	at org.springframework.jms.listener.adapter.MessagingMessageListenerAdapter.invokeHandler(MessagingMessageListenerAdapter.java:110)
	... 10 common frames omitted
Caused by: java.lang.ClassNotFoundException: com.epam.training.dto.TrainerWorkloadRequest
	at java.base/jdk.internal.loader.BuiltinClassLoader.loadClass(BuiltinClassLoader.java:641)
	at java.base/jdk.internal.loader.ClassLoaders$AppClassLoader.loadClass(ClassLoaders.java:188)
	at java.base/java.lang.ClassLoader.loadClass(ClassLoader.java:525)
	at java.base/java.lang.Class.forName0(Native Method)
	at java.base/java.lang.Class.forName(Class.java:469)
	at org.springframework.util.ClassUtils.forName(ClassUtils.java:304)
	at org.springframework.jms.support.converter.MappingJackson2MessageConverter.getJavaTypeForMessage(MappingJackson2MessageConverter.java:467)
	... 20 common frames omitted
2026-05-25 19:19:12 [org.springframework.jms.JmsListenerEndpointContainer#0-1] [txId=] WARN  o.s.j.l.DefaultMessageListenerContainer - Execution of JMS message listener failed, and no ErrorHandler has been set.
org.springframework.jms.listener.adapter.ListenerExecutionFailedException: Listener method 'public void com.epam.workload.messaging.WorkloadMessageListener.onWorkloadMessage(com.epam.workload.dto.TrainerWorkloadRequest,java.lang.String)' threw exception
	at org.springframework.jms.listener.adapter.MessagingMessageListenerAdapter.invokeHandler(MessagingMessageListenerAdapter.java:118)
	at org.springframework.jms.listener.adapter.MessagingMessageListenerAdapter.onMessage(MessagingMessageListenerAdapter.java:84)
	at org.springframework.jms.listener.AbstractMessageListenerContainer.doInvokeListener(AbstractMessageListenerContainer.java:783)
	at org.springframework.jms.listener.AbstractMessageListenerContainer.invokeListener(AbstractMessageListenerContainer.java:741)
	at org.springframework.jms.listener.AbstractMessageListenerContainer.doExecuteListener(AbstractMessageListenerContainer.java:719)
	at org.springframework.jms.listener.AbstractPollingMessageListenerContainer.doReceiveAndExecute(AbstractPollingMessageListenerContainer.java:333)
	at org.springframework.jms.listener.AbstractPollingMessageListenerContainer.receiveAndExecute(AbstractPollingMessageListenerContainer.java:270)
	at org.springframework.jms.listener.DefaultMessageListenerContainer$AsyncMessageListenerInvoker.invokeListener(DefaultMessageListenerContainer.java:1258)
	at org.springframework.jms.listener.DefaultMessageListenerContainer$AsyncMessageListenerInvoker.executeOngoingLoop(DefaultMessageListenerContainer.java:1248)
	at org.springframework.jms.listener.DefaultMessageListenerContainer$AsyncMessageListenerInvoker.run(DefaultMessageListenerContainer.java:1141)
	at java.base/java.lang.Thread.run(Thread.java:840)
Caused by: org.springframework.jms.support.converter.MessageConversionException: Failed to resolve type id [com.epam.training.dto.TrainerWorkloadRequest]
	at org.springframework.jms.support.converter.MappingJackson2MessageConverter.getJavaTypeForMessage(MappingJackson2MessageConverter.java:471)
	at org.springframework.jms.support.converter.MappingJackson2MessageConverter.fromMessage(MappingJackson2MessageConverter.java:241)
	at org.springframework.jms.listener.adapter.AbstractAdaptableMessageListener.extractMessage(AbstractAdaptableMessageListener.java:250)
	at org.springframework.jms.listener.adapter.AbstractAdaptableMessageListener$MessagingMessageConverterAdapter.extractPayload(AbstractAdaptableMessageListener.java:472)
	at org.springframework.jms.listener.adapter.AbstractAdaptableMessageListener$MessagingMessageConverterAdapter$LazyResolutionMessage.unwrapPayload(AbstractAdaptableMessageListener.java:539)
	at org.springframework.jms.listener.adapter.AbstractAdaptableMessageListener$MessagingMessageConverterAdapter$LazyResolutionMessage.getPayload(AbstractAdaptableMessageListener.java:521)
	at org.springframework.messaging.handler.annotation.support.PayloadMethodArgumentResolver.resolveArgument(PayloadMethodArgumentResolver.java:122)
	at org.springframework.messaging.handler.invocation.HandlerMethodArgumentResolverComposite.resolveArgument(HandlerMethodArgumentResolverComposite.java:118)
	at org.springframework.messaging.handler.invocation.InvocableHandlerMethod.getMethodArgumentValues(InvocableHandlerMethod.java:147)
	at org.springframework.messaging.handler.invocation.InvocableHandlerMethod.invoke(InvocableHandlerMethod.java:115)
	at org.springframework.jms.listener.adapter.MessagingMessageListenerAdapter.invokeHandler(MessagingMessageListenerAdapter.java:110)
	... 10 common frames omitted
Caused by: java.lang.ClassNotFoundException: com.epam.training.dto.TrainerWorkloadRequest
	at java.base/jdk.internal.loader.BuiltinClassLoader.loadClass(BuiltinClassLoader.java:641)
	at java.base/jdk.internal.loader.ClassLoaders$AppClassLoader.loadClass(ClassLoaders.java:188)
	at java.base/java.lang.ClassLoader.loadClass(ClassLoader.java:525)
	at java.base/java.lang.Class.forName0(Native Method)
	at java.base/java.lang.Class.forName(Class.java:469)
	at org.springframework.util.ClassUtils.forName(ClassUtils.java:304)
	at org.springframework.jms.support.converter.MappingJackson2MessageConverter.getJavaTypeForMessage(MappingJackson2MessageConverter.java:467)
	... 20 common frames omitted
2026-05-25 19:20:18 [org.springframework.jms.JmsListenerEndpointContainer#0-1] [txId=] WARN  o.s.j.l.DefaultMessageListenerContainer - Execution of JMS message listener failed, and no ErrorHandler has been set.
org.springframework.jms.listener.adapter.ListenerExecutionFailedException: Listener method 'public void com.epam.workload.messaging.WorkloadMessageListener.onWorkloadMessage(com.epam.workload.dto.TrainerWorkloadRequest,java.lang.String)' threw exception
	at org.springframework.jms.listener.adapter.MessagingMessageListenerAdapter.invokeHandler(MessagingMessageListenerAdapter.java:118)
	at org.springframework.jms.listener.adapter.MessagingMessageListenerAdapter.onMessage(MessagingMessageListenerAdapter.java:84)
	at org.springframework.jms.listener.AbstractMessageListenerContainer.doInvokeListener(AbstractMessageListenerContainer.java:783)
	at org.springframework.jms.listener.AbstractMessageListenerContainer.invokeListener(AbstractMessageListenerContainer.java:741)
	at org.springframework.jms.listener.AbstractMessageListenerContainer.doExecuteListener(AbstractMessageListenerContainer.java:719)
	at org.springframework.jms.listener.AbstractPollingMessageListenerContainer.doReceiveAndExecute(AbstractPollingMessageListenerContainer.java:333)
	at org.springframework.jms.listener.AbstractPollingMessageListenerContainer.receiveAndExecute(AbstractPollingMessageListenerContainer.java:270)
	at org.springframework.jms.listener.DefaultMessageListenerContainer$AsyncMessageListenerInvoker.invokeListener(DefaultMessageListenerContainer.java:1258)
	at org.springframework.jms.listener.DefaultMessageListenerContainer$AsyncMessageListenerInvoker.executeOngoingLoop(DefaultMessageListenerContainer.java:1248)
	at org.springframework.jms.listener.DefaultMessageListenerContainer$AsyncMessageListenerInvoker.run(DefaultMessageListenerContainer.java:1141)
	at java.base/java.lang.Thread.run(Thread.java:840)
Caused by: org.springframework.jms.support.converter.MessageConversionException: Failed to resolve type id [com.epam.training.dto.TrainerWorkloadRequest]
	at org.springframework.jms.support.converter.MappingJackson2MessageConverter.getJavaTypeForMessage(MappingJackson2MessageConverter.java:471)
	at org.springframework.jms.support.converter.MappingJackson2MessageConverter.fromMessage(MappingJackson2MessageConverter.java:241)
	at org.springframework.jms.listener.adapter.AbstractAdaptableMessageListener.extractMessage(AbstractAdaptableMessageListener.java:250)
	at org.springframework.jms.listener.adapter.AbstractAdaptableMessageListener$MessagingMessageConverterAdapter.extractPayload(AbstractAdaptableMessageListener.java:472)
	at org.springframework.jms.listener.adapter.AbstractAdaptableMessageListener$MessagingMessageConverterAdapter$LazyResolutionMessage.unwrapPayload(AbstractAdaptableMessageListener.java:539)
	at org.springframework.jms.listener.adapter.AbstractAdaptableMessageListener$MessagingMessageConverterAdapter$LazyResolutionMessage.getPayload(AbstractAdaptableMessageListener.java:521)
	at org.springframework.messaging.handler.annotation.support.PayloadMethodArgumentResolver.resolveArgument(PayloadMethodArgumentResolver.java:122)
	at org.springframework.messaging.handler.invocation.HandlerMethodArgumentResolverComposite.resolveArgument(HandlerMethodArgumentResolverComposite.java:118)
	at org.springframework.messaging.handler.invocation.InvocableHandlerMethod.getMethodArgumentValues(InvocableHandlerMethod.java:147)
	at org.springframework.messaging.handler.invocation.InvocableHandlerMethod.invoke(InvocableHandlerMethod.java:115)
	at org.springframework.jms.listener.adapter.MessagingMessageListenerAdapter.invokeHandler(MessagingMessageListenerAdapter.java:110)
	... 10 common frames omitted
Caused by: java.lang.ClassNotFoundException: com.epam.training.dto.TrainerWorkloadRequest
	at java.base/jdk.internal.loader.BuiltinClassLoader.loadClass(BuiltinClassLoader.java:641)
	at java.base/jdk.internal.loader.ClassLoaders$AppClassLoader.loadClass(ClassLoaders.java:188)
	at java.base/java.lang.ClassLoader.loadClass(ClassLoader.java:525)
	at java.base/java.lang.Class.forName0(Native Method)
	at java.base/java.lang.Class.forName(Class.java:469)
	at org.springframework.util.ClassUtils.forName(ClassUtils.java:304)
	at org.springframework.jms.support.converter.MappingJackson2MessageConverter.getJavaTypeForMessage(MappingJackson2MessageConverter.java:467)
	... 20 common frames omitted
2026-05-25 19:20:19 [org.springframework.jms.JmsListenerEndpointContainer#0-1] [txId=] WARN  o.s.j.l.DefaultMessageListenerContainer - Execution of JMS message listener failed, and no ErrorHandler has been set.
org.springframework.jms.listener.adapter.ListenerExecutionFailedException: Listener method 'public void com.epam.workload.messaging.WorkloadMessageListener.onWorkloadMessage(com.epam.workload.dto.TrainerWorkloadRequest,java.lang.String)' threw exception
	at org.springframework.jms.listener.adapter.MessagingMessageListenerAdapter.invokeHandler(MessagingMessageListenerAdapter.java:118)
	at org.springframework.jms.listener.adapter.MessagingMessageListenerAdapter.onMessage(MessagingMessageListenerAdapter.java:84)
	at org.springframework.jms.listener.AbstractMessageListenerContainer.doInvokeListener(AbstractMessageListenerContainer.java:783)
	at org.springframework.jms.listener.AbstractMessageListenerContainer.invokeListener(AbstractMessageListenerContainer.java:741)
	at org.springframework.jms.listener.AbstractMessageListenerContainer.doExecuteListener(AbstractMessageListenerContainer.java:719)
	at org.springframework.jms.listener.AbstractPollingMessageListenerContainer.doReceiveAndExecute(AbstractPollingMessageListenerContainer.java:333)
	at org.springframework.jms.listener.AbstractPollingMessageListenerContainer.receiveAndExecute(AbstractPollingMessageListenerContainer.java:270)
	at org.springframework.jms.listener.DefaultMessageListenerContainer$AsyncMessageListenerInvoker.invokeListener(DefaultMessageListenerContainer.java:1258)
	at org.springframework.jms.listener.DefaultMessageListenerContainer$AsyncMessageListenerInvoker.executeOngoingLoop(DefaultMessageListenerContainer.java:1248)
	at org.springframework.jms.listener.DefaultMessageListenerContainer$AsyncMessageListenerInvoker.run(DefaultMessageListenerContainer.java:1141)
	at java.base/java.lang.Thread.run(Thread.java:840)
Caused by: org.springframework.jms.support.converter.MessageConversionException: Failed to resolve type id [com.epam.training.dto.TrainerWorkloadRequest]
	at org.springframework.jms.support.converter.MappingJackson2MessageConverter.getJavaTypeForMessage(MappingJackson2MessageConverter.java:471)
	at org.springframework.jms.support.converter.MappingJackson2MessageConverter.fromMessage(MappingJackson2MessageConverter.java:241)
	at org.springframework.jms.listener.adapter.AbstractAdaptableMessageListener.extractMessage(AbstractAdaptableMessageListener.java:250)
	at org.springframework.jms.listener.adapter.AbstractAdaptableMessageListener$MessagingMessageConverterAdapter.extractPayload(AbstractAdaptableMessageListener.java:472)
	at org.springframework.jms.listener.adapter.AbstractAdaptableMessageListener$MessagingMessageConverterAdapter$LazyResolutionMessage.unwrapPayload(AbstractAdaptableMessageListener.java:539)
	at org.springframework.jms.listener.adapter.AbstractAdaptableMessageListener$MessagingMessageConverterAdapter$LazyResolutionMessage.getPayload(AbstractAdaptableMessageListener.java:521)
	at org.springframework.messaging.handler.annotation.support.PayloadMethodArgumentResolver.resolveArgument(PayloadMethodArgumentResolver.java:122)
	at org.springframework.messaging.handler.invocation.HandlerMethodArgumentResolverComposite.resolveArgument(HandlerMethodArgumentResolverComposite.java:118)
	at org.springframework.messaging.handler.invocation.InvocableHandlerMethod.getMethodArgumentValues(InvocableHandlerMethod.java:147)
	at org.springframework.messaging.handler.invocation.InvocableHandlerMethod.invoke(InvocableHandlerMethod.java:115)
	at org.springframework.jms.listener.adapter.MessagingMessageListenerAdapter.invokeHandler(MessagingMessageListenerAdapter.java:110)
	... 10 common frames omitted
Caused by: java.lang.ClassNotFoundException: com.epam.training.dto.TrainerWorkloadRequest
	at java.base/jdk.internal.loader.BuiltinClassLoader.loadClass(BuiltinClassLoader.java:641)
	at java.base/jdk.internal.loader.ClassLoaders$AppClassLoader.loadClass(ClassLoaders.java:188)
	at java.base/java.lang.ClassLoader.loadClass(ClassLoader.java:525)
	at java.base/java.lang.Class.forName0(Native Method)
	at java.base/java.lang.Class.forName(Class.java:469)
	at org.springframework.util.ClassUtils.forName(ClassUtils.java:304)
	at org.springframework.jms.support.converter.MappingJackson2MessageConverter.getJavaTypeForMessage(MappingJackson2MessageConverter.java:467)
	... 20 common frames omitted
2026-05-25 19:20:21 [org.springframework.jms.JmsListenerEndpointContainer#0-1] [txId=] WARN  o.s.j.l.DefaultMessageListenerContainer - Execution of JMS message listener failed, and no ErrorHandler has been set.
org.springframework.jms.listener.adapter.ListenerExecutionFailedException: Listener method 'public void com.epam.workload.messaging.WorkloadMessageListener.onWorkloadMessage(com.epam.workload.dto.TrainerWorkloadRequest,java.lang.String)' threw exception
	at org.springframework.jms.listener.adapter.MessagingMessageListenerAdapter.invokeHandler(MessagingMessageListenerAdapter.java:118)
	at org.springframework.jms.listener.adapter.MessagingMessageListenerAdapter.onMessage(MessagingMessageListenerAdapter.java:84)
	at org.springframework.jms.listener.AbstractMessageListenerContainer.doInvokeListener(AbstractMessageListenerContainer.java:783)
	at org.springframework.jms.listener.AbstractMessageListenerContainer.invokeListener(AbstractMessageListenerContainer.java:741)
	at org.springframework.jms.listener.AbstractMessageListenerContainer.doExecuteListener(AbstractMessageListenerContainer.java:719)
	at org.springframework.jms.listener.AbstractPollingMessageListenerContainer.doReceiveAndExecute(AbstractPollingMessageListenerContainer.java:333)
	at org.springframework.jms.listener.AbstractPollingMessageListenerContainer.receiveAndExecute(AbstractPollingMessageListenerContainer.java:270)
	at org.springframework.jms.listener.DefaultMessageListenerContainer$AsyncMessageListenerInvoker.invokeListener(DefaultMessageListenerContainer.java:1258)
	at org.springframework.jms.listener.DefaultMessageListenerContainer$AsyncMessageListenerInvoker.executeOngoingLoop(DefaultMessageListenerContainer.java:1248)
	at org.springframework.jms.listener.DefaultMessageListenerContainer$AsyncMessageListenerInvoker.run(DefaultMessageListenerContainer.java:1141)
	at java.base/java.lang.Thread.run(Thread.java:840)
Caused by: org.springframework.jms.support.converter.MessageConversionException: Failed to resolve type id [com.epam.training.dto.TrainerWorkloadRequest]
	at org.springframework.jms.support.converter.MappingJackson2MessageConverter.getJavaTypeForMessage(MappingJackson2MessageConverter.java:471)
	at org.springframework.jms.support.converter.MappingJackson2MessageConverter.fromMessage(MappingJackson2MessageConverter.java:241)
	at org.springframework.jms.listener.adapter.AbstractAdaptableMessageListener.extractMessage(AbstractAdaptableMessageListener.java:250)
	at org.springframework.jms.listener.adapter.AbstractAdaptableMessageListener$MessagingMessageConverterAdapter.extractPayload(AbstractAdaptableMessageListener.java:472)
	at org.springframework.jms.listener.adapter.AbstractAdaptableMessageListener$MessagingMessageConverterAdapter$LazyResolutionMessage.unwrapPayload(AbstractAdaptableMessageListener.java:539)
	at org.springframework.jms.listener.adapter.AbstractAdaptableMessageListener$MessagingMessageConverterAdapter$LazyResolutionMessage.getPayload(AbstractAdaptableMessageListener.java:521)
	at org.springframework.messaging.handler.annotation.support.PayloadMethodArgumentResolver.resolveArgument(PayloadMethodArgumentResolver.java:122)
	at org.springframework.messaging.handler.invocation.HandlerMethodArgumentResolverComposite.resolveArgument(HandlerMethodArgumentResolverComposite.java:118)
	at org.springframework.messaging.handler.invocation.InvocableHandlerMethod.getMethodArgumentValues(InvocableHandlerMethod.java:147)
	at org.springframework.messaging.handler.invocation.InvocableHandlerMethod.invoke(InvocableHandlerMethod.java:115)
	at org.springframework.jms.listener.adapter.MessagingMessageListenerAdapter.invokeHandler(MessagingMessageListenerAdapter.java:110)
	... 10 common frames omitted
Caused by: java.lang.ClassNotFoundException: com.epam.training.dto.TrainerWorkloadRequest
	at java.base/jdk.internal.loader.BuiltinClassLoader.loadClass(BuiltinClassLoader.java:641)
	at java.base/jdk.internal.loader.ClassLoaders$AppClassLoader.loadClass(ClassLoaders.java:188)
	at java.base/java.lang.ClassLoader.loadClass(ClassLoader.java:525)
	at java.base/java.lang.Class.forName0(Native Method)
	at java.base/java.lang.Class.forName(Class.java:469)
	at org.springframework.util.ClassUtils.forName(ClassUtils.java:304)
	at org.springframework.jms.support.converter.MappingJackson2MessageConverter.getJavaTypeForMessage(MappingJackson2MessageConverter.java:467)
	... 20 common frames omitted
2026-05-25 19:20:25 [org.springframework.jms.JmsListenerEndpointContainer#0-1] [txId=] WARN  o.s.j.l.DefaultMessageListenerContainer - Execution of JMS message listener failed, and no ErrorHandler has been set.
org.springframework.jms.listener.adapter.ListenerExecutionFailedException: Listener method 'public void com.epam.workload.messaging.WorkloadMessageListener.onWorkloadMessage(com.epam.workload.dto.TrainerWorkloadRequest,java.lang.String)' threw exception
	at org.springframework.jms.listener.adapter.MessagingMessageListenerAdapter.invokeHandler(MessagingMessageListenerAdapter.java:118)
	at org.springframework.jms.listener.adapter.MessagingMessageListenerAdapter.onMessage(MessagingMessageListenerAdapter.java:84)
	at org.springframework.jms.listener.AbstractMessageListenerContainer.doInvokeListener(AbstractMessageListenerContainer.java:783)
	at org.springframework.jms.listener.AbstractMessageListenerContainer.invokeListener(AbstractMessageListenerContainer.java:741)
	at org.springframework.jms.listener.AbstractMessageListenerContainer.doExecuteListener(AbstractMessageListenerContainer.java:719)
	at org.springframework.jms.listener.AbstractPollingMessageListenerContainer.doReceiveAndExecute(AbstractPollingMessageListenerContainer.java:333)
	at org.springframework.jms.listener.AbstractPollingMessageListenerContainer.receiveAndExecute(AbstractPollingMessageListenerContainer.java:270)
	at org.springframework.jms.listener.DefaultMessageListenerContainer$AsyncMessageListenerInvoker.invokeListener(DefaultMessageListenerContainer.java:1258)
	at org.springframework.jms.listener.DefaultMessageListenerContainer$AsyncMessageListenerInvoker.executeOngoingLoop(DefaultMessageListenerContainer.java:1248)
	at org.springframework.jms.listener.DefaultMessageListenerContainer$AsyncMessageListenerInvoker.run(DefaultMessageListenerContainer.java:1141)
	at java.base/java.lang.Thread.run(Thread.java:840)
Caused by: org.springframework.jms.support.converter.MessageConversionException: Failed to resolve type id [com.epam.training.dto.TrainerWorkloadRequest]
	at org.springframework.jms.support.converter.MappingJackson2MessageConverter.getJavaTypeForMessage(MappingJackson2MessageConverter.java:471)
	at org.springframework.jms.support.converter.MappingJackson2MessageConverter.fromMessage(MappingJackson2MessageConverter.java:241)
	at org.springframework.jms.listener.adapter.AbstractAdaptableMessageListener.extractMessage(AbstractAdaptableMessageListener.java:250)
	at org.springframework.jms.listener.adapter.AbstractAdaptableMessageListener$MessagingMessageConverterAdapter.extractPayload(AbstractAdaptableMessageListener.java:472)
	at org.springframework.jms.listener.adapter.AbstractAdaptableMessageListener$MessagingMessageConverterAdapter$LazyResolutionMessage.unwrapPayload(AbstractAdaptableMessageListener.java:539)
	at org.springframework.jms.listener.adapter.AbstractAdaptableMessageListener$MessagingMessageConverterAdapter$LazyResolutionMessage.getPayload(AbstractAdaptableMessageListener.java:521)
	at org.springframework.messaging.handler.annotation.support.PayloadMethodArgumentResolver.resolveArgument(PayloadMethodArgumentResolver.java:122)
	at org.springframework.messaging.handler.invocation.HandlerMethodArgumentResolverComposite.resolveArgument(HandlerMethodArgumentResolverComposite.java:118)
	at org.springframework.messaging.handler.invocation.InvocableHandlerMethod.getMethodArgumentValues(InvocableHandlerMethod.java:147)
	at org.springframework.messaging.handler.invocation.InvocableHandlerMethod.invoke(InvocableHandlerMethod.java:115)
	at org.springframework.jms.listener.adapter.MessagingMessageListenerAdapter.invokeHandler(MessagingMessageListenerAdapter.java:110)
	... 10 common frames omitted
Caused by: java.lang.ClassNotFoundException: com.epam.training.dto.TrainerWorkloadRequest
	at java.base/jdk.internal.loader.BuiltinClassLoader.loadClass(BuiltinClassLoader.java:641)
	at java.base/jdk.internal.loader.ClassLoaders$AppClassLoader.loadClass(ClassLoaders.java:188)
	at java.base/java.lang.ClassLoader.loadClass(ClassLoader.java:525)
	at java.base/java.lang.Class.forName0(Native Method)
	at java.base/java.lang.Class.forName(Class.java:469)
	at org.springframework.util.ClassUtils.forName(ClassUtils.java:304)
	at org.springframework.jms.support.converter.MappingJackson2MessageConverter.getJavaTypeForMessage(MappingJackson2MessageConverter.java:467)
	... 20 common frames omitted
2026-05-25 19:22:22 [org.springframework.jms.JmsListenerEndpointContainer#0-2] [txId=] WARN  o.s.j.l.DefaultMessageListenerContainer - Execution of JMS message listener failed, and no ErrorHandler has been set.
org.springframework.jms.listener.adapter.ListenerExecutionFailedException: Listener method 'public void com.epam.workload.messaging.WorkloadMessageListener.onWorkloadMessage(com.epam.workload.dto.TrainerWorkloadRequest,java.lang.String)' threw exception
	at org.springframework.jms.listener.adapter.MessagingMessageListenerAdapter.invokeHandler(MessagingMessageListenerAdapter.java:118)
	at org.springframework.jms.listener.adapter.MessagingMessageListenerAdapter.onMessage(MessagingMessageListenerAdapter.java:84)
	at org.springframework.jms.listener.AbstractMessageListenerContainer.doInvokeListener(AbstractMessageListenerContainer.java:783)
	at org.springframework.jms.listener.AbstractMessageListenerContainer.invokeListener(AbstractMessageListenerContainer.java:741)
	at org.springframework.jms.listener.AbstractMessageListenerContainer.doExecuteListener(AbstractMessageListenerContainer.java:719)
	at org.springframework.jms.listener.AbstractPollingMessageListenerContainer.doReceiveAndExecute(AbstractPollingMessageListenerContainer.java:333)
	at org.springframework.jms.listener.AbstractPollingMessageListenerContainer.receiveAndExecute(AbstractPollingMessageListenerContainer.java:270)
	at org.springframework.jms.listener.DefaultMessageListenerContainer$AsyncMessageListenerInvoker.invokeListener(DefaultMessageListenerContainer.java:1258)
	at org.springframework.jms.listener.DefaultMessageListenerContainer$AsyncMessageListenerInvoker.executeOngoingLoop(DefaultMessageListenerContainer.java:1248)
	at org.springframework.jms.listener.DefaultMessageListenerContainer$AsyncMessageListenerInvoker.run(DefaultMessageListenerContainer.java:1141)
	at java.base/java.lang.Thread.run(Thread.java:840)
Caused by: org.springframework.jms.support.converter.MessageConversionException: Failed to resolve type id [com.epam.training.dto.TrainerWorkloadRequest]
	at org.springframework.jms.support.converter.MappingJackson2MessageConverter.getJavaTypeForMessage(MappingJackson2MessageConverter.java:471)
	at org.springframework.jms.support.converter.MappingJackson2MessageConverter.fromMessage(MappingJackson2MessageConverter.java:241)
	at org.springframework.jms.listener.adapter.AbstractAdaptableMessageListener.extractMessage(AbstractAdaptableMessageListener.java:250)
	at org.springframework.jms.listener.adapter.AbstractAdaptableMessageListener$MessagingMessageConverterAdapter.extractPayload(AbstractAdaptableMessageListener.java:472)
	at org.springframework.jms.listener.adapter.AbstractAdaptableMessageListener$MessagingMessageConverterAdapter$LazyResolutionMessage.unwrapPayload(AbstractAdaptableMessageListener.java:539)
	at org.springframework.jms.listener.adapter.AbstractAdaptableMessageListener$MessagingMessageConverterAdapter$LazyResolutionMessage.getPayload(AbstractAdaptableMessageListener.java:521)
	at org.springframework.messaging.handler.annotation.support.PayloadMethodArgumentResolver.resolveArgument(PayloadMethodArgumentResolver.java:122)
	at org.springframework.messaging.handler.invocation.HandlerMethodArgumentResolverComposite.resolveArgument(HandlerMethodArgumentResolverComposite.java:118)
	at org.springframework.messaging.handler.invocation.InvocableHandlerMethod.getMethodArgumentValues(InvocableHandlerMethod.java:147)
	at org.springframework.messaging.handler.invocation.InvocableHandlerMethod.invoke(InvocableHandlerMethod.java:115)
	at org.springframework.jms.listener.adapter.MessagingMessageListenerAdapter.invokeHandler(MessagingMessageListenerAdapter.java:110)
	... 10 common frames omitted
Caused by: java.lang.ClassNotFoundException: com.epam.training.dto.TrainerWorkloadRequest
	at java.base/jdk.internal.loader.BuiltinClassLoader.loadClass(BuiltinClassLoader.java:641)
	at java.base/jdk.internal.loader.ClassLoaders$AppClassLoader.loadClass(ClassLoaders.java:188)
	at java.base/java.lang.ClassLoader.loadClass(ClassLoader.java:525)
	at java.base/java.lang.Class.forName0(Native Method)
	at java.base/java.lang.Class.forName(Class.java:469)
	at org.springframework.util.ClassUtils.forName(ClassUtils.java:304)
	at org.springframework.jms.support.converter.MappingJackson2MessageConverter.getJavaTypeForMessage(MappingJackson2MessageConverter.java:467)
	... 20 common frames omitted
2026-05-25 19:22:23 [org.springframework.jms.JmsListenerEndpointContainer#0-2] [txId=] WARN  o.s.j.l.DefaultMessageListenerContainer - Execution of JMS message listener failed, and no ErrorHandler has been set.
org.springframework.jms.listener.adapter.ListenerExecutionFailedException: Listener method 'public void com.epam.workload.messaging.WorkloadMessageListener.onWorkloadMessage(com.epam.workload.dto.TrainerWorkloadRequest,java.lang.String)' threw exception
	at org.springframework.jms.listener.adapter.MessagingMessageListenerAdapter.invokeHandler(MessagingMessageListenerAdapter.java:118)
	at org.springframework.jms.listener.adapter.MessagingMessageListenerAdapter.onMessage(MessagingMessageListenerAdapter.java:84)
	at org.springframework.jms.listener.AbstractMessageListenerContainer.doInvokeListener(AbstractMessageListenerContainer.java:783)
	at org.springframework.jms.listener.AbstractMessageListenerContainer.invokeListener(AbstractMessageListenerContainer.java:741)
	at org.springframework.jms.listener.AbstractMessageListenerContainer.doExecuteListener(AbstractMessageListenerContainer.java:719)
	at org.springframework.jms.listener.AbstractPollingMessageListenerContainer.doReceiveAndExecute(AbstractPollingMessageListenerContainer.java:333)
	at org.springframework.jms.listener.AbstractPollingMessageListenerContainer.receiveAndExecute(AbstractPollingMessageListenerContainer.java:270)
	at org.springframework.jms.listener.DefaultMessageListenerContainer$AsyncMessageListenerInvoker.invokeListener(DefaultMessageListenerContainer.java:1258)
	at org.springframework.jms.listener.DefaultMessageListenerContainer$AsyncMessageListenerInvoker.executeOngoingLoop(DefaultMessageListenerContainer.java:1248)
	at org.springframework.jms.listener.DefaultMessageListenerContainer$AsyncMessageListenerInvoker.run(DefaultMessageListenerContainer.java:1141)
	at java.base/java.lang.Thread.run(Thread.java:840)
Caused by: org.springframework.jms.support.converter.MessageConversionException: Failed to resolve type id [com.epam.training.dto.TrainerWorkloadRequest]
	at org.springframework.jms.support.converter.MappingJackson2MessageConverter.getJavaTypeForMessage(MappingJackson2MessageConverter.java:471)
	at org.springframework.jms.support.converter.MappingJackson2MessageConverter.fromMessage(MappingJackson2MessageConverter.java:241)
	at org.springframework.jms.listener.adapter.AbstractAdaptableMessageListener.extractMessage(AbstractAdaptableMessageListener.java:250)
	at org.springframework.jms.listener.adapter.AbstractAdaptableMessageListener$MessagingMessageConverterAdapter.extractPayload(AbstractAdaptableMessageListener.java:472)
	at org.springframework.jms.listener.adapter.AbstractAdaptableMessageListener$MessagingMessageConverterAdapter$LazyResolutionMessage.unwrapPayload(AbstractAdaptableMessageListener.java:539)
	at org.springframework.jms.listener.adapter.AbstractAdaptableMessageListener$MessagingMessageConverterAdapter$LazyResolutionMessage.getPayload(AbstractAdaptableMessageListener.java:521)
	at org.springframework.messaging.handler.annotation.support.PayloadMethodArgumentResolver.resolveArgument(PayloadMethodArgumentResolver.java:122)
	at org.springframework.messaging.handler.invocation.HandlerMethodArgumentResolverComposite.resolveArgument(HandlerMethodArgumentResolverComposite.java:118)
	at org.springframework.messaging.handler.invocation.InvocableHandlerMethod.getMethodArgumentValues(InvocableHandlerMethod.java:147)
	at org.springframework.messaging.handler.invocation.InvocableHandlerMethod.invoke(InvocableHandlerMethod.java:115)
	at org.springframework.jms.listener.adapter.MessagingMessageListenerAdapter.invokeHandler(MessagingMessageListenerAdapter.java:110)
	... 10 common frames omitted
Caused by: java.lang.ClassNotFoundException: com.epam.training.dto.TrainerWorkloadRequest
	at java.base/jdk.internal.loader.BuiltinClassLoader.loadClass(BuiltinClassLoader.java:641)
	at java.base/jdk.internal.loader.ClassLoaders$AppClassLoader.loadClass(ClassLoaders.java:188)
	at java.base/java.lang.ClassLoader.loadClass(ClassLoader.java:525)
	at java.base/java.lang.Class.forName0(Native Method)
	at java.base/java.lang.Class.forName(Class.java:469)
	at org.springframework.util.ClassUtils.forName(ClassUtils.java:304)
	at org.springframework.jms.support.converter.MappingJackson2MessageConverter.getJavaTypeForMessage(MappingJackson2MessageConverter.java:467)
	... 20 common frames omitted
2026-05-25 19:22:25 [org.springframework.jms.JmsListenerEndpointContainer#0-2] [txId=] WARN  o.s.j.l.DefaultMessageListenerContainer - Execution of JMS message listener failed, and no ErrorHandler has been set.
org.springframework.jms.listener.adapter.ListenerExecutionFailedException: Listener method 'public void com.epam.workload.messaging.WorkloadMessageListener.onWorkloadMessage(com.epam.workload.dto.TrainerWorkloadRequest,java.lang.String)' threw exception
	at org.springframework.jms.listener.adapter.MessagingMessageListenerAdapter.invokeHandler(MessagingMessageListenerAdapter.java:118)
	at org.springframework.jms.listener.adapter.MessagingMessageListenerAdapter.onMessage(MessagingMessageListenerAdapter.java:84)
	at org.springframework.jms.listener.AbstractMessageListenerContainer.doInvokeListener(AbstractMessageListenerContainer.java:783)
	at org.springframework.jms.listener.AbstractMessageListenerContainer.invokeListener(AbstractMessageListenerContainer.java:741)
	at org.springframework.jms.listener.AbstractMessageListenerContainer.doExecuteListener(AbstractMessageListenerContainer.java:719)
	at org.springframework.jms.listener.AbstractPollingMessageListenerContainer.doReceiveAndExecute(AbstractPollingMessageListenerContainer.java:333)
	at org.springframework.jms.listener.AbstractPollingMessageListenerContainer.receiveAndExecute(AbstractPollingMessageListenerContainer.java:270)
	at org.springframework.jms.listener.DefaultMessageListenerContainer$AsyncMessageListenerInvoker.invokeListener(DefaultMessageListenerContainer.java:1258)
	at org.springframework.jms.listener.DefaultMessageListenerContainer$AsyncMessageListenerInvoker.executeOngoingLoop(DefaultMessageListenerContainer.java:1248)
	at org.springframework.jms.listener.DefaultMessageListenerContainer$AsyncMessageListenerInvoker.run(DefaultMessageListenerContainer.java:1141)
	at java.base/java.lang.Thread.run(Thread.java:840)
Caused by: org.springframework.jms.support.converter.MessageConversionException: Failed to resolve type id [com.epam.training.dto.TrainerWorkloadRequest]
	at org.springframework.jms.support.converter.MappingJackson2MessageConverter.getJavaTypeForMessage(MappingJackson2MessageConverter.java:471)
	at org.springframework.jms.support.converter.MappingJackson2MessageConverter.fromMessage(MappingJackson2MessageConverter.java:241)
	at org.springframework.jms.listener.adapter.AbstractAdaptableMessageListener.extractMessage(AbstractAdaptableMessageListener.java:250)
	at org.springframework.jms.listener.adapter.AbstractAdaptableMessageListener$MessagingMessageConverterAdapter.extractPayload(AbstractAdaptableMessageListener.java:472)
	at org.springframework.jms.listener.adapter.AbstractAdaptableMessageListener$MessagingMessageConverterAdapter$LazyResolutionMessage.unwrapPayload(AbstractAdaptableMessageListener.java:539)
	at org.springframework.jms.listener.adapter.AbstractAdaptableMessageListener$MessagingMessageConverterAdapter$LazyResolutionMessage.getPayload(AbstractAdaptableMessageListener.java:521)
	at org.springframework.messaging.handler.annotation.support.PayloadMethodArgumentResolver.resolveArgument(PayloadMethodArgumentResolver.java:122)
	at org.springframework.messaging.handler.invocation.HandlerMethodArgumentResolverComposite.resolveArgument(HandlerMethodArgumentResolverComposite.java:118)
	at org.springframework.messaging.handler.invocation.InvocableHandlerMethod.getMethodArgumentValues(InvocableHandlerMethod.java:147)
	at org.springframework.messaging.handler.invocation.InvocableHandlerMethod.invoke(InvocableHandlerMethod.java:115)
	at org.springframework.jms.listener.adapter.MessagingMessageListenerAdapter.invokeHandler(MessagingMessageListenerAdapter.java:110)
	... 10 common frames omitted
Caused by: java.lang.ClassNotFoundException: com.epam.training.dto.TrainerWorkloadRequest
	at java.base/jdk.internal.loader.BuiltinClassLoader.loadClass(BuiltinClassLoader.java:641)
	at java.base/jdk.internal.loader.ClassLoaders$AppClassLoader.loadClass(ClassLoaders.java:188)
	at java.base/java.lang.ClassLoader.loadClass(ClassLoader.java:525)
	at java.base/java.lang.Class.forName0(Native Method)
	at java.base/java.lang.Class.forName(Class.java:469)
	at org.springframework.util.ClassUtils.forName(ClassUtils.java:304)
	at org.springframework.jms.support.converter.MappingJackson2MessageConverter.getJavaTypeForMessage(MappingJackson2MessageConverter.java:467)
	... 20 common frames omitted
2026-05-25 19:22:29 [org.springframework.jms.JmsListenerEndpointContainer#0-2] [txId=] WARN  o.s.j.l.DefaultMessageListenerContainer - Execution of JMS message listener failed, and no ErrorHandler has been set.
org.springframework.jms.listener.adapter.ListenerExecutionFailedException: Listener method 'public void com.epam.workload.messaging.WorkloadMessageListener.onWorkloadMessage(com.epam.workload.dto.TrainerWorkloadRequest,java.lang.String)' threw exception
	at org.springframework.jms.listener.adapter.MessagingMessageListenerAdapter.invokeHandler(MessagingMessageListenerAdapter.java:118)
	at org.springframework.jms.listener.adapter.MessagingMessageListenerAdapter.onMessage(MessagingMessageListenerAdapter.java:84)
	at org.springframework.jms.listener.AbstractMessageListenerContainer.doInvokeListener(AbstractMessageListenerContainer.java:783)
	at org.springframework.jms.listener.AbstractMessageListenerContainer.invokeListener(AbstractMessageListenerContainer.java:741)
	at org.springframework.jms.listener.AbstractMessageListenerContainer.doExecuteListener(AbstractMessageListenerContainer.java:719)
	at org.springframework.jms.listener.AbstractPollingMessageListenerContainer.doReceiveAndExecute(AbstractPollingMessageListenerContainer.java:333)
	at org.springframework.jms.listener.AbstractPollingMessageListenerContainer.receiveAndExecute(AbstractPollingMessageListenerContainer.java:270)
	at org.springframework.jms.listener.DefaultMessageListenerContainer$AsyncMessageListenerInvoker.invokeListener(DefaultMessageListenerContainer.java:1258)
	at org.springframework.jms.listener.DefaultMessageListenerContainer$AsyncMessageListenerInvoker.executeOngoingLoop(DefaultMessageListenerContainer.java:1248)
	at org.springframework.jms.listener.DefaultMessageListenerContainer$AsyncMessageListenerInvoker.run(DefaultMessageListenerContainer.java:1141)
	at java.base/java.lang.Thread.run(Thread.java:840)
Caused by: org.springframework.jms.support.converter.MessageConversionException: Failed to resolve type id [com.epam.training.dto.TrainerWorkloadRequest]
	at org.springframework.jms.support.converter.MappingJackson2MessageConverter.getJavaTypeForMessage(MappingJackson2MessageConverter.java:471)
	at org.springframework.jms.support.converter.MappingJackson2MessageConverter.fromMessage(MappingJackson2MessageConverter.java:241)
	at org.springframework.jms.listener.adapter.AbstractAdaptableMessageListener.extractMessage(AbstractAdaptableMessageListener.java:250)
	at org.springframework.jms.listener.adapter.AbstractAdaptableMessageListener$MessagingMessageConverterAdapter.extractPayload(AbstractAdaptableMessageListener.java:472)
	at org.springframework.jms.listener.adapter.AbstractAdaptableMessageListener$MessagingMessageConverterAdapter$LazyResolutionMessage.unwrapPayload(AbstractAdaptableMessageListener.java:539)
	at org.springframework.jms.listener.adapter.AbstractAdaptableMessageListener$MessagingMessageConverterAdapter$LazyResolutionMessage.getPayload(AbstractAdaptableMessageListener.java:521)
	at org.springframework.messaging.handler.annotation.support.PayloadMethodArgumentResolver.resolveArgument(PayloadMethodArgumentResolver.java:122)
	at org.springframework.messaging.handler.invocation.HandlerMethodArgumentResolverComposite.resolveArgument(HandlerMethodArgumentResolverComposite.java:118)
	at org.springframework.messaging.handler.invocation.InvocableHandlerMethod.getMethodArgumentValues(InvocableHandlerMethod.java:147)
	at org.springframework.messaging.handler.invocation.InvocableHandlerMethod.invoke(InvocableHandlerMethod.java:115)
	at org.springframework.jms.listener.adapter.MessagingMessageListenerAdapter.invokeHandler(MessagingMessageListenerAdapter.java:110)
	... 10 common frames omitted
Caused by: java.lang.ClassNotFoundException: com.epam.training.dto.TrainerWorkloadRequest
	at java.base/jdk.internal.loader.BuiltinClassLoader.loadClass(BuiltinClassLoader.java:641)
	at java.base/jdk.internal.loader.ClassLoaders$AppClassLoader.loadClass(ClassLoaders.java:188)
	at java.base/java.lang.ClassLoader.loadClass(ClassLoader.java:525)
	at java.base/java.lang.Class.forName0(Native Method)
	at java.base/java.lang.Class.forName(Class.java:469)
	at org.springframework.util.ClassUtils.forName(ClassUtils.java:304)
	at org.springframework.jms.support.converter.MappingJackson2MessageConverter.getJavaTypeForMessage(MappingJackson2MessageConverter.java:467)
	... 20 common frames omitted
2026-05-25 19:23:25 [AsyncResolver-bootstrap-executor-0] [txId=] INFO  c.n.d.s.r.aws.ConfigClusterResolver - Resolving eureka endpoints via configuration
2026-05-25 19:23:25 [DiscoveryClient-HeartbeatExecutor-0] [txId=] INFO  c.n.d.s.t.d.RedirectingEurekaHttpClient - Request execution error. endpoint=DefaultEndpoint{ serviceUrl='http://localhost:8761/eureka/} exception=I/O error on PUT request for "http://localhost:8761/eureka/apps/TRAINER-WORKLOAD-SERVICE/192.168.18.151:trainer-workload-service:8081": Connect to http://localhost:8761 [localhost/127.0.0.1, localhost/0:0:0:0:0:0:0:1] failed: Connection refused stacktrace=org.springframework.web.client.ResourceAccessException: I/O error on PUT request for "http://localhost:8761/eureka/apps/TRAINER-WORKLOAD-SERVICE/192.168.18.151:trainer-workload-service:8081": Connect to http://localhost:8761 [localhost/127.0.0.1, localhost/0:0:0:0:0:0:0:1] failed: Connection refused
	at org.springframework.web.client.RestTemplate.createResourceAccessException(RestTemplate.java:905)
	at org.springframework.web.client.RestTemplate.doExecute(RestTemplate.java:885)
	at org.springframework.web.client.RestTemplate.execute(RestTemplate.java:781)
	at org.springframework.web.client.RestTemplate.exchange(RestTemplate.java:663)
	at org.springframework.cloud.netflix.eureka.http.RestTemplateEurekaHttpClient.sendHeartBeat(RestTemplateEurekaHttpClient.java:99)
	at com.netflix.discovery.shared.transport.decorator.EurekaHttpClientDecorator$3.execute(EurekaHttpClientDecorator.java:92)
	at com.netflix.discovery.shared.transport.decorator.RedirectingEurekaHttpClient.execute(RedirectingEurekaHttpClient.java:91)
	at com.netflix.discovery.shared.transport.decorator.EurekaHttpClientDecorator.sendHeartBeat(EurekaHttpClientDecorator.java:89)
	at com.netflix.discovery.shared.transport.decorator.EurekaHttpClientDecorator$3.execute(EurekaHttpClientDecorator.java:92)
	at com.netflix.discovery.shared.transport.decorator.RetryableEurekaHttpClient.execute(RetryableEurekaHttpClient.java:120)
	at com.netflix.discovery.shared.transport.decorator.EurekaHttpClientDecorator.sendHeartBeat(EurekaHttpClientDecorator.java:89)
	at com.netflix.discovery.shared.transport.decorator.EurekaHttpClientDecorator$3.execute(EurekaHttpClientDecorator.java:92)
	at com.netflix.discovery.shared.transport.decorator.SessionedEurekaHttpClient.execute(SessionedEurekaHttpClient.java:77)
	at com.netflix.discovery.shared.transport.decorator.EurekaHttpClientDecorator.sendHeartBeat(EurekaHttpClientDecorator.java:89)
	at com.netflix.discovery.DiscoveryClient.renew(DiscoveryClient.java:837)
	at com.netflix.discovery.DiscoveryClient$HeartbeatThread.run(DiscoveryClient.java:1401)
	at java.base/java.util.concurrent.Executors$RunnableAdapter.call(Executors.java:539)
	at java.base/java.util.concurrent.FutureTask.run(FutureTask.java:264)
	at java.base/java.util.concurrent.ThreadPoolExecutor.runWorker(ThreadPoolExecutor.java:1136)
	at java.base/java.util.concurrent.ThreadPoolExecutor$Worker.run(ThreadPoolExecutor.java:635)
	at java.base/java.lang.Thread.run(Thread.java:840)
Caused by: org.apache.hc.client5.http.HttpHostConnectException: Connect to http://localhost:8761 [localhost/127.0.0.1, localhost/0:0:0:0:0:0:0:1] failed: Connection refused
	at java.base/sun.nio.ch.Net.pollConnect(Native Method)
	at java.base/sun.nio.ch.Net.pollConnectNow(Net.java:684)
	at java.base/sun.nio.ch.NioSocketImpl.timedFinishConnect(NioSocketImpl.java:554)
	at java.base/sun.nio.ch.NioSocketImpl.connect(NioSocketImpl.java:602)
	at java.base/java.net.SocksSocketImpl.connect(SocksSocketImpl.java:327)
	at java.base/java.net.Socket.connect(Socket.java:633)
	at org.apache.hc.client5.http.socket.PlainConnectionSocketFactory.lambda$connectSocket$0(PlainConnectionSocketFactory.java:85)
	at java.base/java.security.AccessController.doPrivileged(AccessController.java:569)
	at org.apache.hc.client5.http.socket.PlainConnectionSocketFactory.connectSocket(PlainConnectionSocketFactory.java:84)
	at org.apache.hc.client5.http.socket.ConnectionSocketFactory.connectSocket(ConnectionSocketFactory.java:113)
	at org.apache.hc.client5.http.impl.io.DefaultHttpClientConnectionOperator.connect(DefaultHttpClientConnectionOperator.java:181)
	at org.apache.hc.client5.http.impl.io.PoolingHttpClientConnectionManager.connect(PoolingHttpClientConnectionManager.java:447)
	at org.apache.hc.client5.http.impl.classic.InternalExecRuntime.connectEndpoint(InternalExecRuntime.java:162)
	at org.apache.hc.client5.http.impl.classic.InternalExecRuntime.connectEndpoint(InternalExecRuntime.java:172)
	at org.apache.hc.client5.http.impl.classic.ConnectExec.execute(ConnectExec.java:142)
	at org.apache.hc.client5.http.impl.classic.ExecChainElement.execute(ExecChainElement.java:51)
	at org.apache.hc.client5.http.impl.classic.ProtocolExec.execute(ProtocolExec.java:192)
	at org.apache.hc.client5.http.impl.classic.ExecChainElement.execute(ExecChainElement.java:51)
	at org.apache.hc.client5.http.impl.classic.HttpRequestRetryExec.execute(HttpRequestRetryExec.java:96)
	at org.apache.hc.client5.http.impl.classic.ExecChainElement.execute(ExecChainElement.java:51)
	at org.apache.hc.client5.http.impl.classic.ContentCompressionExec.execute(ContentCompressionExec.java:152)
	at org.apache.hc.client5.http.impl.classic.ExecChainElement.execute(ExecChainElement.java:51)
	at org.apache.hc.client5.http.impl.classic.RedirectExec.execute(RedirectExec.java:115)
	at org.apache.hc.client5.http.impl.classic.ExecChainElement.execute(ExecChainElement.java:51)
	at org.apache.hc.client5.http.impl.classic.InternalHttpClient.doExecute(InternalHttpClient.java:170)
	at org.apache.hc.client5.http.impl.classic.CloseableHttpClient.execute(CloseableHttpClient.java:87)
	at org.apache.hc.client5.http.impl.classic.CloseableHttpClient.execute(CloseableHttpClient.java:55)
	at org.apache.hc.client5.http.classic.HttpClient.executeOpen(HttpClient.java:183)
	at org.springframework.http.client.HttpComponentsClientHttpRequest.executeInternal(HttpComponentsClientHttpRequest.java:95)
	at org.springframework.http.client.AbstractStreamingClientHttpRequest.executeInternal(AbstractStreamingClientHttpRequest.java:70)
	at org.springframework.http.client.AbstractClientHttpRequest.execute(AbstractClientHttpRequest.java:66)
	at org.springframework.http.client.InterceptingClientHttpRequest$InterceptingRequestExecution.execute(InterceptingClientHttpRequest.java:101)
	at org.springframework.cloud.netflix.eureka.http.RestTemplateTransportClientFactory.lambda$restTemplate$0(RestTemplateTransportClientFactory.java:143)
	at org.springframework.http.client.InterceptingClientHttpRequest$InterceptingRequestExecution.execute(InterceptingClientHttpRequest.java:87)
	at org.springframework.http.client.InterceptingClientHttpRequest.executeInternal(InterceptingClientHttpRequest.java:71)
	at org.springframework.http.client.AbstractBufferingClientHttpRequest.executeInternal(AbstractBufferingClientHttpRequest.java:48)
	at org.springframework.http.client.AbstractClientHttpRequest.execute(AbstractClientHttpRequest.java:66)
	at org.springframework.web.client.RestTemplate.doExecute(RestTemplate.java:879)
	... 19 more

2026-05-25 19:23:25 [DiscoveryClient-CacheRefreshExecutor-0] [txId=] INFO  c.n.d.s.t.d.RedirectingEurekaHttpClient - Request execution error. endpoint=DefaultEndpoint{ serviceUrl='http://localhost:8761/eureka/} exception=I/O error on GET request for "http://localhost:8761/eureka/apps/delta": Connect to http://localhost:8761 [localhost/127.0.0.1, localhost/0:0:0:0:0:0:0:1] failed: Connection refused stacktrace=org.springframework.web.client.ResourceAccessException: I/O error on GET request for "http://localhost:8761/eureka/apps/delta": Connect to http://localhost:8761 [localhost/127.0.0.1, localhost/0:0:0:0:0:0:0:1] failed: Connection refused
	at org.springframework.web.client.RestTemplate.createResourceAccessException(RestTemplate.java:905)
	at org.springframework.web.client.RestTemplate.doExecute(RestTemplate.java:885)
	at org.springframework.web.client.RestTemplate.execute(RestTemplate.java:781)
	at org.springframework.web.client.RestTemplate.exchange(RestTemplate.java:663)
	at org.springframework.cloud.netflix.eureka.http.RestTemplateEurekaHttpClient.getApplicationsInternal(RestTemplateEurekaHttpClient.java:145)
	at org.springframework.cloud.netflix.eureka.http.RestTemplateEurekaHttpClient.getDelta(RestTemplateEurekaHttpClient.java:155)
	at com.netflix.discovery.shared.transport.decorator.EurekaHttpClientDecorator$7.execute(EurekaHttpClientDecorator.java:152)
	at com.netflix.discovery.shared.transport.decorator.RedirectingEurekaHttpClient.execute(RedirectingEurekaHttpClient.java:91)
	at com.netflix.discovery.shared.transport.decorator.EurekaHttpClientDecorator.getDelta(EurekaHttpClientDecorator.java:149)
	at com.netflix.discovery.shared.transport.decorator.EurekaHttpClientDecorator$7.execute(EurekaHttpClientDecorator.java:152)
	at com.netflix.discovery.shared.transport.decorator.RetryableEurekaHttpClient.execute(RetryableEurekaHttpClient.java:120)
	at com.netflix.discovery.shared.transport.decorator.EurekaHttpClientDecorator.getDelta(EurekaHttpClientDecorator.java:149)
	at com.netflix.discovery.shared.transport.decorator.EurekaHttpClientDecorator$7.execute(EurekaHttpClientDecorator.java:152)
	at com.netflix.discovery.shared.transport.decorator.SessionedEurekaHttpClient.execute(SessionedEurekaHttpClient.java:77)
	at com.netflix.discovery.shared.transport.decorator.EurekaHttpClientDecorator.getDelta(EurekaHttpClientDecorator.java:149)
	at com.netflix.discovery.DiscoveryClient.getAndUpdateDelta(DiscoveryClient.java:1079)
	at com.netflix.discovery.DiscoveryClient.fetchRegistry(DiscoveryClient.java:960)
	at com.netflix.discovery.DiscoveryClient.refreshRegistry(DiscoveryClient.java:1475)
	at com.netflix.discovery.DiscoveryClient$CacheRefreshThread.run(DiscoveryClient.java:1442)
	at java.base/java.util.concurrent.Executors$RunnableAdapter.call(Executors.java:539)
	at java.base/java.util.concurrent.FutureTask.run(FutureTask.java:264)
	at java.base/java.util.concurrent.ThreadPoolExecutor.runWorker(ThreadPoolExecutor.java:1136)
	at java.base/java.util.concurrent.ThreadPoolExecutor$Worker.run(ThreadPoolExecutor.java:635)
	at java.base/java.lang.Thread.run(Thread.java:840)
Caused by: org.apache.hc.client5.http.HttpHostConnectException: Connect to http://localhost:8761 [localhost/127.0.0.1, localhost/0:0:0:0:0:0:0:1] failed: Connection refused
	at java.base/sun.nio.ch.Net.pollConnect(Native Method)
	at java.base/sun.nio.ch.Net.pollConnectNow(Net.java:684)
	at java.base/sun.nio.ch.NioSocketImpl.timedFinishConnect(NioSocketImpl.java:554)
	at java.base/sun.nio.ch.NioSocketImpl.connect(NioSocketImpl.java:602)
	at java.base/java.net.SocksSocketImpl.connect(SocksSocketImpl.java:327)
	at java.base/java.net.Socket.connect(Socket.java:633)
	at org.apache.hc.client5.http.socket.PlainConnectionSocketFactory.lambda$connectSocket$0(PlainConnectionSocketFactory.java:85)
	at java.base/java.security.AccessController.doPrivileged(AccessController.java:569)
	at org.apache.hc.client5.http.socket.PlainConnectionSocketFactory.connectSocket(PlainConnectionSocketFactory.java:84)
	at org.apache.hc.client5.http.socket.ConnectionSocketFactory.connectSocket(ConnectionSocketFactory.java:113)
	at org.apache.hc.client5.http.impl.io.DefaultHttpClientConnectionOperator.connect(DefaultHttpClientConnectionOperator.java:181)
	at org.apache.hc.client5.http.impl.io.PoolingHttpClientConnectionManager.connect(PoolingHttpClientConnectionManager.java:447)
	at org.apache.hc.client5.http.impl.classic.InternalExecRuntime.connectEndpoint(InternalExecRuntime.java:162)
	at org.apache.hc.client5.http.impl.classic.InternalExecRuntime.connectEndpoint(InternalExecRuntime.java:172)
	at org.apache.hc.client5.http.impl.classic.ConnectExec.execute(ConnectExec.java:142)
	at org.apache.hc.client5.http.impl.classic.ExecChainElement.execute(ExecChainElement.java:51)
	at org.apache.hc.client5.http.impl.classic.ProtocolExec.execute(ProtocolExec.java:192)
	at org.apache.hc.client5.http.impl.classic.ExecChainElement.execute(ExecChainElement.java:51)
	at org.apache.hc.client5.http.impl.classic.HttpRequestRetryExec.execute(HttpRequestRetryExec.java:96)
	at org.apache.hc.client5.http.impl.classic.ExecChainElement.execute(ExecChainElement.java:51)
	at org.apache.hc.client5.http.impl.classic.ContentCompressionExec.execute(ContentCompressionExec.java:152)
	at org.apache.hc.client5.http.impl.classic.ExecChainElement.execute(ExecChainElement.java:51)
	at org.apache.hc.client5.http.impl.classic.RedirectExec.execute(RedirectExec.java:115)
	at org.apache.hc.client5.http.impl.classic.ExecChainElement.execute(ExecChainElement.java:51)
	at org.apache.hc.client5.http.impl.classic.InternalHttpClient.doExecute(InternalHttpClient.java:170)
	at org.apache.hc.client5.http.impl.classic.CloseableHttpClient.execute(CloseableHttpClient.java:87)
	at org.apache.hc.client5.http.impl.classic.CloseableHttpClient.execute(CloseableHttpClient.java:55)
	at org.apache.hc.client5.http.classic.HttpClient.executeOpen(HttpClient.java:183)
	at org.springframework.http.client.HttpComponentsClientHttpRequest.executeInternal(HttpComponentsClientHttpRequest.java:95)
	at org.springframework.http.client.AbstractStreamingClientHttpRequest.executeInternal(AbstractStreamingClientHttpRequest.java:70)
	at org.springframework.http.client.AbstractClientHttpRequest.execute(AbstractClientHttpRequest.java:66)
	at org.springframework.http.client.InterceptingClientHttpRequest$InterceptingRequestExecution.execute(InterceptingClientHttpRequest.java:101)
	at org.springframework.cloud.netflix.eureka.http.RestTemplateTransportClientFactory.lambda$restTemplate$0(RestTemplateTransportClientFactory.java:143)
	at org.springframework.http.client.InterceptingClientHttpRequest$InterceptingRequestExecution.execute(InterceptingClientHttpRequest.java:87)
	at org.springframework.http.client.InterceptingClientHttpRequest.executeInternal(InterceptingClientHttpRequest.java:71)
	at org.springframework.http.client.AbstractBufferingClientHttpRequest.executeInternal(AbstractBufferingClientHttpRequest.java:48)
	at org.springframework.http.client.AbstractClientHttpRequest.execute(AbstractClientHttpRequest.java:66)
	at org.springframework.web.client.RestTemplate.doExecute(RestTemplate.java:879)
	... 22 more

2026-05-25 19:23:25 [DiscoveryClient-HeartbeatExecutor-0] [txId=] WARN  c.n.d.s.t.d.RetryableEurekaHttpClient - Request execution failed with message: I/O error on PUT request for "http://localhost:8761/eureka/apps/TRAINER-WORKLOAD-SERVICE/192.168.18.151:trainer-workload-service:8081": Connect to http://localhost:8761 [localhost/127.0.0.1, localhost/0:0:0:0:0:0:0:1] failed: Connection refused
2026-05-25 19:23:25 [DiscoveryClient-CacheRefreshExecutor-0] [txId=] WARN  c.n.d.s.t.d.RetryableEurekaHttpClient - Request execution failed with message: I/O error on GET request for "http://localhost:8761/eureka/apps/delta": Connect to http://localhost:8761 [localhost/127.0.0.1, localhost/0:0:0:0:0:0:0:1] failed: Connection refused
2026-05-25 19:23:25 [DiscoveryClient-HeartbeatExecutor-0] [txId=] INFO  c.n.d.s.t.d.RedirectingEurekaHttpClient - Request execution error. endpoint=DefaultEndpoint{ serviceUrl='http://localhost:8761/eureka/}, exception=I/O error on PUT request for "http://localhost:8761/eureka/apps/TRAINER-WORKLOAD-SERVICE/192.168.18.151:trainer-workload-service:8081": Connect to http://localhost:8761 [localhost/127.0.0.1, localhost/0:0:0:0:0:0:0:1] failed: Connection refused stacktrace=org.springframework.web.client.ResourceAccessException: I/O error on PUT request for "http://localhost:8761/eureka/apps/TRAINER-WORKLOAD-SERVICE/192.168.18.151:trainer-workload-service:8081": Connect to http://localhost:8761 [localhost/127.0.0.1, localhost/0:0:0:0:0:0:0:1] failed: Connection refused
	at org.springframework.web.client.RestTemplate.createResourceAccessException(RestTemplate.java:905)
	at org.springframework.web.client.RestTemplate.doExecute(RestTemplate.java:885)
	at org.springframework.web.client.RestTemplate.execute(RestTemplate.java:781)
	at org.springframework.web.client.RestTemplate.exchange(RestTemplate.java:663)
	at org.springframework.cloud.netflix.eureka.http.RestTemplateEurekaHttpClient.sendHeartBeat(RestTemplateEurekaHttpClient.java:99)
	at com.netflix.discovery.shared.transport.decorator.EurekaHttpClientDecorator$3.execute(EurekaHttpClientDecorator.java:92)
	at com.netflix.discovery.shared.transport.decorator.RedirectingEurekaHttpClient.executeOnNewServer(RedirectingEurekaHttpClient.java:121)
	at com.netflix.discovery.shared.transport.decorator.RedirectingEurekaHttpClient.execute(RedirectingEurekaHttpClient.java:80)
	at com.netflix.discovery.shared.transport.decorator.EurekaHttpClientDecorator.sendHeartBeat(EurekaHttpClientDecorator.java:89)
	at com.netflix.discovery.shared.transport.decorator.EurekaHttpClientDecorator$3.execute(EurekaHttpClientDecorator.java:92)
	at com.netflix.discovery.shared.transport.decorator.RetryableEurekaHttpClient.execute(RetryableEurekaHttpClient.java:120)
	at com.netflix.discovery.shared.transport.decorator.EurekaHttpClientDecorator.sendHeartBeat(EurekaHttpClientDecorator.java:89)
	at com.netflix.discovery.shared.transport.decorator.EurekaHttpClientDecorator$3.execute(EurekaHttpClientDecorator.java:92)
	at com.netflix.discovery.shared.transport.decorator.SessionedEurekaHttpClient.execute(SessionedEurekaHttpClient.java:77)
	at com.netflix.discovery.shared.transport.decorator.EurekaHttpClientDecorator.sendHeartBeat(EurekaHttpClientDecorator.java:89)
	at com.netflix.discovery.DiscoveryClient.renew(DiscoveryClient.java:837)
	at com.netflix.discovery.DiscoveryClient$HeartbeatThread.run(DiscoveryClient.java:1401)
	at java.base/java.util.concurrent.Executors$RunnableAdapter.call(Executors.java:539)
	at java.base/java.util.concurrent.FutureTask.run(FutureTask.java:264)
	at java.base/java.util.concurrent.ThreadPoolExecutor.runWorker(ThreadPoolExecutor.java:1136)
	at java.base/java.util.concurrent.ThreadPoolExecutor$Worker.run(ThreadPoolExecutor.java:635)
	at java.base/java.lang.Thread.run(Thread.java:840)
Caused by: org.apache.hc.client5.http.HttpHostConnectException: Connect to http://localhost:8761 [localhost/127.0.0.1, localhost/0:0:0:0:0:0:0:1] failed: Connection refused
	at java.base/sun.nio.ch.Net.pollConnect(Native Method)
	at java.base/sun.nio.ch.Net.pollConnectNow(Net.java:684)
	at java.base/sun.nio.ch.NioSocketImpl.timedFinishConnect(NioSocketImpl.java:554)
	at java.base/sun.nio.ch.NioSocketImpl.connect(NioSocketImpl.java:602)
	at java.base/java.net.SocksSocketImpl.connect(SocksSocketImpl.java:327)
	at java.base/java.net.Socket.connect(Socket.java:633)
	at org.apache.hc.client5.http.socket.PlainConnectionSocketFactory.lambda$connectSocket$0(PlainConnectionSocketFactory.java:85)
	at java.base/java.security.AccessController.doPrivileged(AccessController.java:569)
	at org.apache.hc.client5.http.socket.PlainConnectionSocketFactory.connectSocket(PlainConnectionSocketFactory.java:84)
	at org.apache.hc.client5.http.socket.ConnectionSocketFactory.connectSocket(ConnectionSocketFactory.java:113)
	at org.apache.hc.client5.http.impl.io.DefaultHttpClientConnectionOperator.connect(DefaultHttpClientConnectionOperator.java:181)
	at org.apache.hc.client5.http.impl.io.PoolingHttpClientConnectionManager.connect(PoolingHttpClientConnectionManager.java:447)
	at org.apache.hc.client5.http.impl.classic.InternalExecRuntime.connectEndpoint(InternalExecRuntime.java:162)
	at org.apache.hc.client5.http.impl.classic.InternalExecRuntime.connectEndpoint(InternalExecRuntime.java:172)
	at org.apache.hc.client5.http.impl.classic.ConnectExec.execute(ConnectExec.java:142)
	at org.apache.hc.client5.http.impl.classic.ExecChainElement.execute(ExecChainElement.java:51)
	at org.apache.hc.client5.http.impl.classic.ProtocolExec.execute(ProtocolExec.java:192)
	at org.apache.hc.client5.http.impl.classic.ExecChainElement.execute(ExecChainElement.java:51)
	at org.apache.hc.client5.http.impl.classic.HttpRequestRetryExec.execute(HttpRequestRetryExec.java:96)
	at org.apache.hc.client5.http.impl.classic.ExecChainElement.execute(ExecChainElement.java:51)
	at org.apache.hc.client5.http.impl.classic.ContentCompressionExec.execute(ContentCompressionExec.java:152)
	at org.apache.hc.client5.http.impl.classic.ExecChainElement.execute(ExecChainElement.java:51)
	at org.apache.hc.client5.http.impl.classic.RedirectExec.execute(RedirectExec.java:115)
	at org.apache.hc.client5.http.impl.classic.ExecChainElement.execute(ExecChainElement.java:51)
	at org.apache.hc.client5.http.impl.classic.InternalHttpClient.doExecute(InternalHttpClient.java:170)
	at org.apache.hc.client5.http.impl.classic.CloseableHttpClient.execute(CloseableHttpClient.java:87)
	at org.apache.hc.client5.http.impl.classic.CloseableHttpClient.execute(CloseableHttpClient.java:55)
	at org.apache.hc.client5.http.classic.HttpClient.executeOpen(HttpClient.java:183)
	at org.springframework.http.client.HttpComponentsClientHttpRequest.executeInternal(HttpComponentsClientHttpRequest.java:95)
	at org.springframework.http.client.AbstractStreamingClientHttpRequest.executeInternal(AbstractStreamingClientHttpRequest.java:70)
	at org.springframework.http.client.AbstractClientHttpRequest.execute(AbstractClientHttpRequest.java:66)
	at org.springframework.http.client.InterceptingClientHttpRequest$InterceptingRequestExecution.execute(InterceptingClientHttpRequest.java:101)
	at org.springframework.cloud.netflix.eureka.http.RestTemplateTransportClientFactory.lambda$restTemplate$0(RestTemplateTransportClientFactory.java:143)
	at org.springframework.http.client.InterceptingClientHttpRequest$InterceptingRequestExecution.execute(InterceptingClientHttpRequest.java:87)
	at org.springframework.http.client.InterceptingClientHttpRequest.executeInternal(InterceptingClientHttpRequest.java:71)
	at org.springframework.http.client.AbstractBufferingClientHttpRequest.executeInternal(AbstractBufferingClientHttpRequest.java:48)
	at org.springframework.http.client.AbstractClientHttpRequest.execute(AbstractClientHttpRequest.java:66)
	at org.springframework.web.client.RestTemplate.doExecute(RestTemplate.java:879)
	... 20 more

2026-05-25 19:23:25 [DiscoveryClient-HeartbeatExecutor-0] [txId=] WARN  c.n.d.s.t.d.RetryableEurekaHttpClient - Request execution failed with message: I/O error on PUT request for "http://localhost:8761/eureka/apps/TRAINER-WORKLOAD-SERVICE/192.168.18.151:trainer-workload-service:8081": Connect to http://localhost:8761 [localhost/127.0.0.1, localhost/0:0:0:0:0:0:0:1] failed: Connection refused
2026-05-25 19:23:25 [DiscoveryClient-HeartbeatExecutor-0] [txId=] ERROR c.netflix.discovery.DiscoveryClient - DiscoveryClient_TRAINER-WORKLOAD-SERVICE/192.168.18.151:trainer-workload-service:8081 - was unable to send heartbeat!
com.netflix.discovery.shared.transport.TransportException: Cannot execute request on any known server
	at com.netflix.discovery.shared.transport.decorator.RetryableEurekaHttpClient.execute(RetryableEurekaHttpClient.java:112)
	at com.netflix.discovery.shared.transport.decorator.EurekaHttpClientDecorator.sendHeartBeat(EurekaHttpClientDecorator.java:89)
	at com.netflix.discovery.shared.transport.decorator.EurekaHttpClientDecorator$3.execute(EurekaHttpClientDecorator.java:92)
	at com.netflix.discovery.shared.transport.decorator.SessionedEurekaHttpClient.execute(SessionedEurekaHttpClient.java:77)
	at com.netflix.discovery.shared.transport.decorator.EurekaHttpClientDecorator.sendHeartBeat(EurekaHttpClientDecorator.java:89)
	at com.netflix.discovery.DiscoveryClient.renew(DiscoveryClient.java:837)
	at com.netflix.discovery.DiscoveryClient$HeartbeatThread.run(DiscoveryClient.java:1401)
	at java.base/java.util.concurrent.Executors$RunnableAdapter.call(Executors.java:539)
	at java.base/java.util.concurrent.FutureTask.run(FutureTask.java:264)
	at java.base/java.util.concurrent.ThreadPoolExecutor.runWorker(ThreadPoolExecutor.java:1136)
	at java.base/java.util.concurrent.ThreadPoolExecutor$Worker.run(ThreadPoolExecutor.java:635)
	at java.base/java.lang.Thread.run(Thread.java:840)
2026-05-25 19:23:25 [DiscoveryClient-CacheRefreshExecutor-0] [txId=] INFO  c.n.d.s.t.d.RedirectingEurekaHttpClient - Request execution error. endpoint=DefaultEndpoint{ serviceUrl='http://localhost:8761/eureka/}, exception=I/O error on GET request for "http://localhost:8761/eureka/apps/delta": Connect to http://localhost:8761 [localhost/127.0.0.1, localhost/0:0:0:0:0:0:0:1] failed: Connection refused stacktrace=org.springframework.web.client.ResourceAccessException: I/O error on GET request for "http://localhost:8761/eureka/apps/delta": Connect to http://localhost:8761 [localhost/127.0.0.1, localhost/0:0:0:0:0:0:0:1] failed: Connection refused
	at org.springframework.web.client.RestTemplate.createResourceAccessException(RestTemplate.java:905)
	at org.springframework.web.client.RestTemplate.doExecute(RestTemplate.java:885)
	at org.springframework.web.client.RestTemplate.execute(RestTemplate.java:781)
	at org.springframework.web.client.RestTemplate.exchange(RestTemplate.java:663)
	at org.springframework.cloud.netflix.eureka.http.RestTemplateEurekaHttpClient.getApplicationsInternal(RestTemplateEurekaHttpClient.java:145)
	at org.springframework.cloud.netflix.eureka.http.RestTemplateEurekaHttpClient.getDelta(RestTemplateEurekaHttpClient.java:155)
	at com.netflix.discovery.shared.transport.decorator.EurekaHttpClientDecorator$7.execute(EurekaHttpClientDecorator.java:152)
	at com.netflix.discovery.shared.transport.decorator.RedirectingEurekaHttpClient.executeOnNewServer(RedirectingEurekaHttpClient.java:121)
	at com.netflix.discovery.shared.transport.decorator.RedirectingEurekaHttpClient.execute(RedirectingEurekaHttpClient.java:80)
	at com.netflix.discovery.shared.transport.decorator.EurekaHttpClientDecorator.getDelta(EurekaHttpClientDecorator.java:149)
	at com.netflix.discovery.shared.transport.decorator.EurekaHttpClientDecorator$7.execute(EurekaHttpClientDecorator.java:152)
	at com.netflix.discovery.shared.transport.decorator.RetryableEurekaHttpClient.execute(RetryableEurekaHttpClient.java:120)
	at com.netflix.discovery.shared.transport.decorator.EurekaHttpClientDecorator.getDelta(EurekaHttpClientDecorator.java:149)
	at com.netflix.discovery.shared.transport.decorator.EurekaHttpClientDecorator$7.execute(EurekaHttpClientDecorator.java:152)
	at com.netflix.discovery.shared.transport.decorator.SessionedEurekaHttpClient.execute(SessionedEurekaHttpClient.java:77)
	at com.netflix.discovery.shared.transport.decorator.EurekaHttpClientDecorator.getDelta(EurekaHttpClientDecorator.java:149)
	at com.netflix.discovery.DiscoveryClient.getAndUpdateDelta(DiscoveryClient.java:1079)
	at com.netflix.discovery.DiscoveryClient.fetchRegistry(DiscoveryClient.java:960)
	at com.netflix.discovery.DiscoveryClient.refreshRegistry(DiscoveryClient.java:1475)
	at com.netflix.discovery.DiscoveryClient$CacheRefreshThread.run(DiscoveryClient.java:1442)
	at java.base/java.util.concurrent.Executors$RunnableAdapter.call(Executors.java:539)
	at java.base/java.util.concurrent.FutureTask.run(FutureTask.java:264)
	at java.base/java.util.concurrent.ThreadPoolExecutor.runWorker(ThreadPoolExecutor.java:1136)
	at java.base/java.util.concurrent.ThreadPoolExecutor$Worker.run(ThreadPoolExecutor.java:635)
	at java.base/java.lang.Thread.run(Thread.java:840)
Caused by: org.apache.hc.client5.http.HttpHostConnectException: Connect to http://localhost:8761 [localhost/127.0.0.1, localhost/0:0:0:0:0:0:0:1] failed: Connection refused
	at java.base/sun.nio.ch.Net.pollConnect(Native Method)
	at java.base/sun.nio.ch.Net.pollConnectNow(Net.java:684)
	at java.base/sun.nio.ch.NioSocketImpl.timedFinishConnect(NioSocketImpl.java:554)
	at java.base/sun.nio.ch.NioSocketImpl.connect(NioSocketImpl.java:602)
	at java.base/java.net.SocksSocketImpl.connect(SocksSocketImpl.java:327)
	at java.base/java.net.Socket.connect(Socket.java:633)
	at org.apache.hc.client5.http.socket.PlainConnectionSocketFactory.lambda$connectSocket$0(PlainConnectionSocketFactory.java:85)
	at java.base/java.security.AccessController.doPrivileged(AccessController.java:569)
	at org.apache.hc.client5.http.socket.PlainConnectionSocketFactory.connectSocket(PlainConnectionSocketFactory.java:84)
	at org.apache.hc.client5.http.socket.ConnectionSocketFactory.connectSocket(ConnectionSocketFactory.java:113)
	at org.apache.hc.client5.http.impl.io.DefaultHttpClientConnectionOperator.connect(DefaultHttpClientConnectionOperator.java:181)
	at org.apache.hc.client5.http.impl.io.PoolingHttpClientConnectionManager.connect(PoolingHttpClientConnectionManager.java:447)
	at org.apache.hc.client5.http.impl.classic.InternalExecRuntime.connectEndpoint(InternalExecRuntime.java:162)
	at org.apache.hc.client5.http.impl.classic.InternalExecRuntime.connectEndpoint(InternalExecRuntime.java:172)
	at org.apache.hc.client5.http.impl.classic.ConnectExec.execute(ConnectExec.java:142)
	at org.apache.hc.client5.http.impl.classic.ExecChainElement.execute(ExecChainElement.java:51)
	at org.apache.hc.client5.http.impl.classic.ProtocolExec.execute(ProtocolExec.java:192)
	at org.apache.hc.client5.http.impl.classic.ExecChainElement.execute(ExecChainElement.java:51)
	at org.apache.hc.client5.http.impl.classic.HttpRequestRetryExec.execute(HttpRequestRetryExec.java:96)
	at org.apache.hc.client5.http.impl.classic.ExecChainElement.execute(ExecChainElement.java:51)
	at org.apache.hc.client5.http.impl.classic.ContentCompressionExec.execute(ContentCompressionExec.java:152)
	at org.apache.hc.client5.http.impl.classic.ExecChainElement.execute(ExecChainElement.java:51)
	at org.apache.hc.client5.http.impl.classic.RedirectExec.execute(RedirectExec.java:115)
	at org.apache.hc.client5.http.impl.classic.ExecChainElement.execute(ExecChainElement.java:51)
	at org.apache.hc.client5.http.impl.classic.InternalHttpClient.doExecute(InternalHttpClient.java:170)
	at org.apache.hc.client5.http.impl.classic.CloseableHttpClient.execute(CloseableHttpClient.java:87)
	at org.apache.hc.client5.http.impl.classic.CloseableHttpClient.execute(CloseableHttpClient.java:55)
	at org.apache.hc.client5.http.classic.HttpClient.executeOpen(HttpClient.java:183)
	at org.springframework.http.client.HttpComponentsClientHttpRequest.executeInternal(HttpComponentsClientHttpRequest.java:95)
	at org.springframework.http.client.AbstractStreamingClientHttpRequest.executeInternal(AbstractStreamingClientHttpRequest.java:70)
	at org.springframework.http.client.AbstractClientHttpRequest.execute(AbstractClientHttpRequest.java:66)
	at org.springframework.http.client.InterceptingClientHttpRequest$InterceptingRequestExecution.execute(InterceptingClientHttpRequest.java:101)
	at org.springframework.cloud.netflix.eureka.http.RestTemplateTransportClientFactory.lambda$restTemplate$0(RestTemplateTransportClientFactory.java:143)
	at org.springframework.http.client.InterceptingClientHttpRequest$InterceptingRequestExecution.execute(InterceptingClientHttpRequest.java:87)
	at org.springframework.http.client.InterceptingClientHttpRequest.executeInternal(InterceptingClientHttpRequest.java:71)
	at org.springframework.http.client.AbstractBufferingClientHttpRequest.executeInternal(AbstractBufferingClientHttpRequest.java:48)
	at org.springframework.http.client.AbstractClientHttpRequest.execute(AbstractClientHttpRequest.java:66)
	at org.springframework.web.client.RestTemplate.doExecute(RestTemplate.java:879)
	... 23 more

2026-05-25 19:23:25 [DiscoveryClient-CacheRefreshExecutor-0] [txId=] WARN  c.n.d.s.t.d.RetryableEurekaHttpClient - Request execution failed with message: I/O error on GET request for "http://localhost:8761/eureka/apps/delta": Connect to http://localhost:8761 [localhost/127.0.0.1, localhost/0:0:0:0:0:0:0:1] failed: Connection refused
2026-05-25 19:23:25 [DiscoveryClient-CacheRefreshExecutor-0] [txId=] INFO  c.netflix.discovery.DiscoveryClient - DiscoveryClient_TRAINER-WORKLOAD-SERVICE/192.168.18.151:trainer-workload-service:8081 - was unable to refresh its cache! This periodic background refresh will be retried in 30 seconds. status = Cannot execute request on any known server stacktrace = com.netflix.discovery.shared.transport.TransportException: Cannot execute request on any known server
	at com.netflix.discovery.shared.transport.decorator.RetryableEurekaHttpClient.execute(RetryableEurekaHttpClient.java:112)
	at com.netflix.discovery.shared.transport.decorator.EurekaHttpClientDecorator.getDelta(EurekaHttpClientDecorator.java:149)
	at com.netflix.discovery.shared.transport.decorator.EurekaHttpClientDecorator$7.execute(EurekaHttpClientDecorator.java:152)
	at com.netflix.discovery.shared.transport.decorator.SessionedEurekaHttpClient.execute(SessionedEurekaHttpClient.java:77)
	at com.netflix.discovery.shared.transport.decorator.EurekaHttpClientDecorator.getDelta(EurekaHttpClientDecorator.java:149)
	at com.netflix.discovery.DiscoveryClient.getAndUpdateDelta(DiscoveryClient.java:1079)
	at com.netflix.discovery.DiscoveryClient.fetchRegistry(DiscoveryClient.java:960)
	at com.netflix.discovery.DiscoveryClient.refreshRegistry(DiscoveryClient.java:1475)
	at com.netflix.discovery.DiscoveryClient$CacheRefreshThread.run(DiscoveryClient.java:1442)
	at java.base/java.util.concurrent.Executors$RunnableAdapter.call(Executors.java:539)
	at java.base/java.util.concurrent.FutureTask.run(FutureTask.java:264)
	at java.base/java.util.concurrent.ThreadPoolExecutor.runWorker(ThreadPoolExecutor.java:1136)
	at java.base/java.util.concurrent.ThreadPoolExecutor$Worker.run(ThreadPoolExecutor.java:635)
	at java.base/java.lang.Thread.run(Thread.java:840)

2026-05-25 19:23:26 [SpringApplicationShutdownHook] [txId=] INFO  o.s.c.n.e.s.EurekaServiceRegistry - Unregistering application TRAINER-WORKLOAD-SERVICE with eureka with status DOWN
2026-05-25 19:23:26 [SpringApplicationShutdownHook] [txId=] INFO  c.netflix.discovery.DiscoveryClient - Saw local status change event StatusChangeEvent [timestamp=1779722606774, current=DOWN, previous=UP]
2026-05-25 19:23:26 [DiscoveryClient-InstanceInfoReplicator-0] [txId=] INFO  c.netflix.discovery.DiscoveryClient - DiscoveryClient_TRAINER-WORKLOAD-SERVICE/192.168.18.151:trainer-workload-service:8081: registering service...
2026-05-25 19:23:26 [DiscoveryClient-InstanceInfoReplicator-0] [txId=] INFO  c.n.d.s.t.d.RedirectingEurekaHttpClient - Request execution error. endpoint=DefaultEndpoint{ serviceUrl='http://localhost:8761/eureka/}, exception=I/O error on POST request for "http://localhost:8761/eureka/apps/TRAINER-WORKLOAD-SERVICE": Connect to http://localhost:8761 [localhost/127.0.0.1, localhost/0:0:0:0:0:0:0:1] failed: Connection refused stacktrace=org.springframework.web.client.ResourceAccessException: I/O error on POST request for "http://localhost:8761/eureka/apps/TRAINER-WORKLOAD-SERVICE": Connect to http://localhost:8761 [localhost/127.0.0.1, localhost/0:0:0:0:0:0:0:1] failed: Connection refused
	at org.springframework.web.client.RestTemplate.createResourceAccessException(RestTemplate.java:905)
	at org.springframework.web.client.RestTemplate.doExecute(RestTemplate.java:885)
	at org.springframework.web.client.RestTemplate.execute(RestTemplate.java:781)
	at org.springframework.web.client.RestTemplate.exchange(RestTemplate.java:663)
	at org.springframework.cloud.netflix.eureka.http.RestTemplateEurekaHttpClient.register(RestTemplateEurekaHttpClient.java:77)
	at com.netflix.discovery.shared.transport.decorator.EurekaHttpClientDecorator$1.execute(EurekaHttpClientDecorator.java:59)
	at com.netflix.discovery.shared.transport.decorator.RedirectingEurekaHttpClient.executeOnNewServer(RedirectingEurekaHttpClient.java:121)
	at com.netflix.discovery.shared.transport.decorator.RedirectingEurekaHttpClient.execute(RedirectingEurekaHttpClient.java:80)
	at com.netflix.discovery.shared.transport.decorator.EurekaHttpClientDecorator.register(EurekaHttpClientDecorator.java:56)
	at com.netflix.discovery.shared.transport.decorator.EurekaHttpClientDecorator$1.execute(EurekaHttpClientDecorator.java:59)
	at com.netflix.discovery.shared.transport.decorator.RetryableEurekaHttpClient.execute(RetryableEurekaHttpClient.java:120)
	at com.netflix.discovery.shared.transport.decorator.EurekaHttpClientDecorator.register(EurekaHttpClientDecorator.java:56)
	at com.netflix.discovery.shared.transport.decorator.EurekaHttpClientDecorator$1.execute(EurekaHttpClientDecorator.java:59)
	at com.netflix.discovery.shared.transport.decorator.SessionedEurekaHttpClient.execute(SessionedEurekaHttpClient.java:77)
	at com.netflix.discovery.shared.transport.decorator.EurekaHttpClientDecorator.register(EurekaHttpClientDecorator.java:56)
	at com.netflix.discovery.DiscoveryClient.register(DiscoveryClient.java:820)
	at com.netflix.discovery.InstanceInfoReplicator.run(InstanceInfoReplicator.java:121)
	at com.netflix.discovery.InstanceInfoReplicator$1.run(InstanceInfoReplicator.java:101)
	at java.base/java.util.concurrent.Executors$RunnableAdapter.call(Executors.java:539)
	at java.base/java.util.concurrent.FutureTask.run(FutureTask.java:264)
	at java.base/java.util.concurrent.ScheduledThreadPoolExecutor$ScheduledFutureTask.run(ScheduledThreadPoolExecutor.java:304)
	at java.base/java.util.concurrent.ThreadPoolExecutor.runWorker(ThreadPoolExecutor.java:1136)
	at java.base/java.util.concurrent.ThreadPoolExecutor$Worker.run(ThreadPoolExecutor.java:635)
	at java.base/java.lang.Thread.run(Thread.java:840)
Caused by: org.apache.hc.client5.http.HttpHostConnectException: Connect to http://localhost:8761 [localhost/127.0.0.1, localhost/0:0:0:0:0:0:0:1] failed: Connection refused
	at java.base/sun.nio.ch.Net.pollConnect(Native Method)
	at java.base/sun.nio.ch.Net.pollConnectNow(Net.java:684)
	at java.base/sun.nio.ch.NioSocketImpl.timedFinishConnect(NioSocketImpl.java:554)
	at java.base/sun.nio.ch.NioSocketImpl.connect(NioSocketImpl.java:602)
	at java.base/java.net.SocksSocketImpl.connect(SocksSocketImpl.java:327)
	at java.base/java.net.Socket.connect(Socket.java:633)
	at org.apache.hc.client5.http.socket.PlainConnectionSocketFactory.lambda$connectSocket$0(PlainConnectionSocketFactory.java:85)
	at java.base/java.security.AccessController.doPrivileged(AccessController.java:569)
	at org.apache.hc.client5.http.socket.PlainConnectionSocketFactory.connectSocket(PlainConnectionSocketFactory.java:84)
	at org.apache.hc.client5.http.socket.ConnectionSocketFactory.connectSocket(ConnectionSocketFactory.java:113)
	at org.apache.hc.client5.http.impl.io.DefaultHttpClientConnectionOperator.connect(DefaultHttpClientConnectionOperator.java:181)
	at org.apache.hc.client5.http.impl.io.PoolingHttpClientConnectionManager.connect(PoolingHttpClientConnectionManager.java:447)
	at org.apache.hc.client5.http.impl.classic.InternalExecRuntime.connectEndpoint(InternalExecRuntime.java:162)
	at org.apache.hc.client5.http.impl.classic.InternalExecRuntime.connectEndpoint(InternalExecRuntime.java:172)
	at org.apache.hc.client5.http.impl.classic.ConnectExec.execute(ConnectExec.java:142)
	at org.apache.hc.client5.http.impl.classic.ExecChainElement.execute(ExecChainElement.java:51)
	at org.apache.hc.client5.http.impl.classic.ProtocolExec.execute(ProtocolExec.java:192)
	at org.apache.hc.client5.http.impl.classic.ExecChainElement.execute(ExecChainElement.java:51)
	at org.apache.hc.client5.http.impl.classic.HttpRequestRetryExec.execute(HttpRequestRetryExec.java:96)
	at org.apache.hc.client5.http.impl.classic.ExecChainElement.execute(ExecChainElement.java:51)
	at org.apache.hc.client5.http.impl.classic.ContentCompressionExec.execute(ContentCompressionExec.java:152)
	at org.apache.hc.client5.http.impl.classic.ExecChainElement.execute(ExecChainElement.java:51)
	at org.apache.hc.client5.http.impl.classic.RedirectExec.execute(RedirectExec.java:115)
	at org.apache.hc.client5.http.impl.classic.ExecChainElement.execute(ExecChainElement.java:51)
	at org.apache.hc.client5.http.impl.classic.InternalHttpClient.doExecute(InternalHttpClient.java:170)
	at org.apache.hc.client5.http.impl.classic.CloseableHttpClient.execute(CloseableHttpClient.java:87)
	at org.apache.hc.client5.http.impl.classic.CloseableHttpClient.execute(CloseableHttpClient.java:55)
	at org.apache.hc.client5.http.classic.HttpClient.executeOpen(HttpClient.java:183)
	at org.springframework.http.client.HttpComponentsClientHttpRequest.executeInternal(HttpComponentsClientHttpRequest.java:95)
	at org.springframework.http.client.AbstractStreamingClientHttpRequest.executeInternal(AbstractStreamingClientHttpRequest.java:70)
	at org.springframework.http.client.AbstractClientHttpRequest.execute(AbstractClientHttpRequest.java:66)
	at org.springframework.http.client.InterceptingClientHttpRequest$InterceptingRequestExecution.execute(InterceptingClientHttpRequest.java:101)
	at org.springframework.cloud.netflix.eureka.http.RestTemplateTransportClientFactory.lambda$restTemplate$0(RestTemplateTransportClientFactory.java:143)
	at org.springframework.http.client.InterceptingClientHttpRequest$InterceptingRequestExecution.execute(InterceptingClientHttpRequest.java:87)
	at org.springframework.http.client.InterceptingClientHttpRequest.executeInternal(InterceptingClientHttpRequest.java:71)
	at org.springframework.http.client.AbstractBufferingClientHttpRequest.executeInternal(AbstractBufferingClientHttpRequest.java:48)
	at org.springframework.http.client.AbstractClientHttpRequest.execute(AbstractClientHttpRequest.java:66)
	at org.springframework.web.client.RestTemplate.doExecute(RestTemplate.java:879)
	... 22 more

2026-05-25 19:23:26 [DiscoveryClient-InstanceInfoReplicator-0] [txId=] WARN  c.n.d.s.t.d.RetryableEurekaHttpClient - Request execution failed with message: I/O error on POST request for "http://localhost:8761/eureka/apps/TRAINER-WORKLOAD-SERVICE": Connect to http://localhost:8761 [localhost/127.0.0.1, localhost/0:0:0:0:0:0:0:1] failed: Connection refused
2026-05-25 19:23:26 [DiscoveryClient-InstanceInfoReplicator-0] [txId=] WARN  c.netflix.discovery.DiscoveryClient - DiscoveryClient_TRAINER-WORKLOAD-SERVICE/192.168.18.151:trainer-workload-service:8081 - registration failed Cannot execute request on any known server
com.netflix.discovery.shared.transport.TransportException: Cannot execute request on any known server
	at com.netflix.discovery.shared.transport.decorator.RetryableEurekaHttpClient.execute(RetryableEurekaHttpClient.java:112)
	at com.netflix.discovery.shared.transport.decorator.EurekaHttpClientDecorator.register(EurekaHttpClientDecorator.java:56)
	at com.netflix.discovery.shared.transport.decorator.EurekaHttpClientDecorator$1.execute(EurekaHttpClientDecorator.java:59)
	at com.netflix.discovery.shared.transport.decorator.SessionedEurekaHttpClient.execute(SessionedEurekaHttpClient.java:77)
	at com.netflix.discovery.shared.transport.decorator.EurekaHttpClientDecorator.register(EurekaHttpClientDecorator.java:56)
	at com.netflix.discovery.DiscoveryClient.register(DiscoveryClient.java:820)
	at com.netflix.discovery.InstanceInfoReplicator.run(InstanceInfoReplicator.java:121)
	at com.netflix.discovery.InstanceInfoReplicator$1.run(InstanceInfoReplicator.java:101)
	at java.base/java.util.concurrent.Executors$RunnableAdapter.call(Executors.java:539)
	at java.base/java.util.concurrent.FutureTask.run(FutureTask.java:264)
	at java.base/java.util.concurrent.ScheduledThreadPoolExecutor$ScheduledFutureTask.run(ScheduledThreadPoolExecutor.java:304)
	at java.base/java.util.concurrent.ThreadPoolExecutor.runWorker(ThreadPoolExecutor.java:1136)
	at java.base/java.util.concurrent.ThreadPoolExecutor$Worker.run(ThreadPoolExecutor.java:635)
	at java.base/java.lang.Thread.run(Thread.java:840)
2026-05-25 19:23:26 [DiscoveryClient-InstanceInfoReplicator-0] [txId=] WARN  c.n.discovery.InstanceInfoReplicator - There was a problem with the instance info replicator
com.netflix.discovery.shared.transport.TransportException: Cannot execute request on any known server
	at com.netflix.discovery.shared.transport.decorator.RetryableEurekaHttpClient.execute(RetryableEurekaHttpClient.java:112)
	at com.netflix.discovery.shared.transport.decorator.EurekaHttpClientDecorator.register(EurekaHttpClientDecorator.java:56)
	at com.netflix.discovery.shared.transport.decorator.EurekaHttpClientDecorator$1.execute(EurekaHttpClientDecorator.java:59)
	at com.netflix.discovery.shared.transport.decorator.SessionedEurekaHttpClient.execute(SessionedEurekaHttpClient.java:77)
	at com.netflix.discovery.shared.transport.decorator.EurekaHttpClientDecorator.register(EurekaHttpClientDecorator.java:56)
	at com.netflix.discovery.DiscoveryClient.register(DiscoveryClient.java:820)
	at com.netflix.discovery.InstanceInfoReplicator.run(InstanceInfoReplicator.java:121)
	at com.netflix.discovery.InstanceInfoReplicator$1.run(InstanceInfoReplicator.java:101)
	at java.base/java.util.concurrent.Executors$RunnableAdapter.call(Executors.java:539)
	at java.base/java.util.concurrent.FutureTask.run(FutureTask.java:264)
	at java.base/java.util.concurrent.ScheduledThreadPoolExecutor$ScheduledFutureTask.run(ScheduledThreadPoolExecutor.java:304)
	at java.base/java.util.concurrent.ThreadPoolExecutor.runWorker(ThreadPoolExecutor.java:1136)
	at java.base/java.util.concurrent.ThreadPoolExecutor$Worker.run(ThreadPoolExecutor.java:635)
	at java.base/java.lang.Thread.run(Thread.java:840)
2026-05-25 19:23:27 [SpringApplicationShutdownHook] [txId=] INFO  c.netflix.discovery.DiscoveryClient - Shutting down DiscoveryClient ...
2026-05-25 19:23:30 [SpringApplicationShutdownHook] [txId=] INFO  c.netflix.discovery.DiscoveryClient - Unregistering ...
2026-05-25 19:23:30 [SpringApplicationShutdownHook] [txId=] INFO  c.n.d.s.t.d.RedirectingEurekaHttpClient - Request execution error. endpoint=DefaultEndpoint{ serviceUrl='http://localhost:8761/eureka/}, exception=I/O error on DELETE request for "http://localhost:8761/eureka/apps/TRAINER-WORKLOAD-SERVICE/192.168.18.151:trainer-workload-service:8081": Connect to http://localhost:8761 [localhost/127.0.0.1, localhost/0:0:0:0:0:0:0:1] failed: Connection refused stacktrace=org.springframework.web.client.ResourceAccessException: I/O error on DELETE request for "http://localhost:8761/eureka/apps/TRAINER-WORKLOAD-SERVICE/192.168.18.151:trainer-workload-service:8081": Connect to http://localhost:8761 [localhost/127.0.0.1, localhost/0:0:0:0:0:0:0:1] failed: Connection refused
	at org.springframework.web.client.RestTemplate.createResourceAccessException(RestTemplate.java:905)
	at org.springframework.web.client.RestTemplate.doExecute(RestTemplate.java:885)
	at org.springframework.web.client.RestTemplate.execute(RestTemplate.java:781)
	at org.springframework.web.client.RestTemplate.exchange(RestTemplate.java:663)
	at org.springframework.cloud.netflix.eureka.http.RestTemplateEurekaHttpClient.cancel(RestTemplateEurekaHttpClient.java:87)
	at com.netflix.discovery.shared.transport.decorator.EurekaHttpClientDecorator$2.execute(EurekaHttpClientDecorator.java:74)
	at com.netflix.discovery.shared.transport.decorator.RedirectingEurekaHttpClient.executeOnNewServer(RedirectingEurekaHttpClient.java:121)
	at com.netflix.discovery.shared.transport.decorator.RedirectingEurekaHttpClient.execute(RedirectingEurekaHttpClient.java:80)
	at com.netflix.discovery.shared.transport.decorator.EurekaHttpClientDecorator.cancel(EurekaHttpClientDecorator.java:71)
	at com.netflix.discovery.shared.transport.decorator.EurekaHttpClientDecorator$2.execute(EurekaHttpClientDecorator.java:74)
	at com.netflix.discovery.shared.transport.decorator.RetryableEurekaHttpClient.execute(RetryableEurekaHttpClient.java:120)
	at com.netflix.discovery.shared.transport.decorator.EurekaHttpClientDecorator.cancel(EurekaHttpClientDecorator.java:71)
	at com.netflix.discovery.shared.transport.decorator.EurekaHttpClientDecorator$2.execute(EurekaHttpClientDecorator.java:74)
	at com.netflix.discovery.shared.transport.decorator.SessionedEurekaHttpClient.execute(SessionedEurekaHttpClient.java:77)
	at com.netflix.discovery.shared.transport.decorator.EurekaHttpClientDecorator.cancel(EurekaHttpClientDecorator.java:71)
	at com.netflix.discovery.DiscoveryClient.unregister(DiscoveryClient.java:916)
	at com.netflix.discovery.DiscoveryClient.shutdown(DiscoveryClient.java:892)
	at java.base/jdk.internal.reflect.NativeMethodAccessorImpl.invoke0(Native Method)
	at java.base/jdk.internal.reflect.NativeMethodAccessorImpl.invoke(NativeMethodAccessorImpl.java:77)
	at java.base/jdk.internal.reflect.DelegatingMethodAccessorImpl.invoke(DelegatingMethodAccessorImpl.java:43)
	at java.base/java.lang.reflect.Method.invoke(Method.java:569)
	at org.springframework.beans.factory.annotation.InitDestroyAnnotationBeanPostProcessor$LifecycleMethod.invoke(InitDestroyAnnotationBeanPostProcessor.java:457)
	at org.springframework.beans.factory.annotation.InitDestroyAnnotationBeanPostProcessor$LifecycleMetadata.invokeDestroyMethods(InitDestroyAnnotationBeanPostProcessor.java:415)
	at org.springframework.beans.factory.annotation.InitDestroyAnnotationBeanPostProcessor.postProcessBeforeDestruction(InitDestroyAnnotationBeanPostProcessor.java:239)
	at org.springframework.beans.factory.support.DisposableBeanAdapter.destroy(DisposableBeanAdapter.java:202)
	at org.springframework.beans.factory.support.DisposableBeanAdapter.run(DisposableBeanAdapter.java:195)
	at org.springframework.cloud.context.scope.GenericScope$BeanLifecycleWrapper.destroy(GenericScope.java:389)
	at org.springframework.cloud.context.scope.GenericScope.destroy(GenericScope.java:136)
	at org.springframework.beans.factory.support.DisposableBeanAdapter.destroy(DisposableBeanAdapter.java:211)
	at org.springframework.beans.factory.support.DefaultSingletonBeanRegistry.destroyBean(DefaultSingletonBeanRegistry.java:587)
	at org.springframework.beans.factory.support.DefaultSingletonBeanRegistry.destroySingleton(DefaultSingletonBeanRegistry.java:559)
	at org.springframework.beans.factory.support.DefaultListableBeanFactory.destroySingleton(DefaultListableBeanFactory.java:1200)
	at org.springframework.beans.factory.support.DefaultSingletonBeanRegistry.destroySingletons(DefaultSingletonBeanRegistry.java:520)
	at org.springframework.beans.factory.support.DefaultListableBeanFactory.destroySingletons(DefaultListableBeanFactory.java:1193)
	at org.springframework.context.support.AbstractApplicationContext.destroyBeans(AbstractApplicationContext.java:1125)
	at org.springframework.context.support.AbstractApplicationContext.doClose(AbstractApplicationContext.java:1086)
	at org.springframework.boot.web.servlet.context.ServletWebServerApplicationContext.doClose(ServletWebServerApplicationContext.java:174)
	at org.springframework.context.support.AbstractApplicationContext.close(AbstractApplicationContext.java:1037)
	at org.springframework.boot.SpringApplicationShutdownHook.closeAndWait(SpringApplicationShutdownHook.java:145)
	at java.base/java.lang.Iterable.forEach(Iterable.java:75)
	at org.springframework.boot.SpringApplicationShutdownHook.run(SpringApplicationShutdownHook.java:114)
	at java.base/java.lang.Thread.run(Thread.java:840)
Caused by: org.apache.hc.client5.http.HttpHostConnectException: Connect to http://localhost:8761 [localhost/127.0.0.1, localhost/0:0:0:0:0:0:0:1] failed: Connection refused
	at java.base/sun.nio.ch.Net.pollConnect(Native Method)
	at java.base/sun.nio.ch.Net.pollConnectNow(Net.java:684)
	at java.base/sun.nio.ch.NioSocketImpl.timedFinishConnect(NioSocketImpl.java:554)
	at java.base/sun.nio.ch.NioSocketImpl.connect(NioSocketImpl.java:602)
	at java.base/java.net.SocksSocketImpl.connect(SocksSocketImpl.java:327)
	at java.base/java.net.Socket.connect(Socket.java:633)
	at org.apache.hc.client5.http.socket.PlainConnectionSocketFactory.lambda$connectSocket$0(PlainConnectionSocketFactory.java:85)
	at java.base/java.security.AccessController.doPrivileged(AccessController.java:569)
	at org.apache.hc.client5.http.socket.PlainConnectionSocketFactory.connectSocket(PlainConnectionSocketFactory.java:84)
	at org.apache.hc.client5.http.socket.ConnectionSocketFactory.connectSocket(ConnectionSocketFactory.java:113)
	at org.apache.hc.client5.http.impl.io.DefaultHttpClientConnectionOperator.connect(DefaultHttpClientConnectionOperator.java:181)
	at org.apache.hc.client5.http.impl.io.PoolingHttpClientConnectionManager.connect(PoolingHttpClientConnectionManager.java:447)
	at org.apache.hc.client5.http.impl.classic.InternalExecRuntime.connectEndpoint(InternalExecRuntime.java:162)
	at org.apache.hc.client5.http.impl.classic.InternalExecRuntime.connectEndpoint(InternalExecRuntime.java:172)
	at org.apache.hc.client5.http.impl.classic.ConnectExec.execute(ConnectExec.java:142)
	at org.apache.hc.client5.http.impl.classic.ExecChainElement.execute(ExecChainElement.java:51)
	at org.apache.hc.client5.http.impl.classic.ProtocolExec.execute(ProtocolExec.java:192)
	at org.apache.hc.client5.http.impl.classic.ExecChainElement.execute(ExecChainElement.java:51)
	at org.apache.hc.client5.http.impl.classic.HttpRequestRetryExec.execute(HttpRequestRetryExec.java:96)
	at org.apache.hc.client5.http.impl.classic.ExecChainElement.execute(ExecChainElement.java:51)
	at org.apache.hc.client5.http.impl.classic.ContentCompressionExec.execute(ContentCompressionExec.java:152)
	at org.apache.hc.client5.http.impl.classic.ExecChainElement.execute(ExecChainElement.java:51)
	at org.apache.hc.client5.http.impl.classic.RedirectExec.execute(RedirectExec.java:115)
	at org.apache.hc.client5.http.impl.classic.ExecChainElement.execute(ExecChainElement.java:51)
	at org.apache.hc.client5.http.impl.classic.InternalHttpClient.doExecute(InternalHttpClient.java:170)
	at org.apache.hc.client5.http.impl.classic.CloseableHttpClient.execute(CloseableHttpClient.java:87)
	at org.apache.hc.client5.http.impl.classic.CloseableHttpClient.execute(CloseableHttpClient.java:55)
	at org.apache.hc.client5.http.classic.HttpClient.executeOpen(HttpClient.java:183)
	at org.springframework.http.client.HttpComponentsClientHttpRequest.executeInternal(HttpComponentsClientHttpRequest.java:95)
	at org.springframework.http.client.AbstractStreamingClientHttpRequest.executeInternal(AbstractStreamingClientHttpRequest.java:70)
	at org.springframework.http.client.AbstractClientHttpRequest.execute(AbstractClientHttpRequest.java:66)
	at org.springframework.http.client.InterceptingClientHttpRequest$InterceptingRequestExecution.execute(InterceptingClientHttpRequest.java:101)
	at org.springframework.cloud.netflix.eureka.http.RestTemplateTransportClientFactory.lambda$restTemplate$0(RestTemplateTransportClientFactory.java:143)
	at org.springframework.http.client.InterceptingClientHttpRequest$InterceptingRequestExecution.execute(InterceptingClientHttpRequest.java:87)
	at org.springframework.http.client.InterceptingClientHttpRequest.executeInternal(InterceptingClientHttpRequest.java:71)
	at org.springframework.http.client.AbstractBufferingClientHttpRequest.executeInternal(AbstractBufferingClientHttpRequest.java:48)
	at org.springframework.http.client.AbstractClientHttpRequest.execute(AbstractClientHttpRequest.java:66)
	at org.springframework.web.client.RestTemplate.doExecute(RestTemplate.java:879)
	... 40 more

2026-05-25 19:23:30 [SpringApplicationShutdownHook] [txId=] WARN  c.n.d.s.t.d.RetryableEurekaHttpClient - Request execution failed with message: I/O error on DELETE request for "http://localhost:8761/eureka/apps/TRAINER-WORKLOAD-SERVICE/192.168.18.151:trainer-workload-service:8081": Connect to http://localhost:8761 [localhost/127.0.0.1, localhost/0:0:0:0:0:0:0:1] failed: Connection refused
2026-05-25 19:23:30 [SpringApplicationShutdownHook] [txId=] ERROR c.netflix.discovery.DiscoveryClient - DiscoveryClient_TRAINER-WORKLOAD-SERVICE/192.168.18.151:trainer-workload-service:8081 - de-registration failedCannot execute request on any known server
com.netflix.discovery.shared.transport.TransportException: Cannot execute request on any known server
	at com.netflix.discovery.shared.transport.decorator.RetryableEurekaHttpClient.execute(RetryableEurekaHttpClient.java:112)
	at com.netflix.discovery.shared.transport.decorator.EurekaHttpClientDecorator.cancel(EurekaHttpClientDecorator.java:71)
	at com.netflix.discovery.shared.transport.decorator.EurekaHttpClientDecorator$2.execute(EurekaHttpClientDecorator.java:74)
	at com.netflix.discovery.shared.transport.decorator.SessionedEurekaHttpClient.execute(SessionedEurekaHttpClient.java:77)
	at com.netflix.discovery.shared.transport.decorator.EurekaHttpClientDecorator.cancel(EurekaHttpClientDecorator.java:71)
	at com.netflix.discovery.DiscoveryClient.unregister(DiscoveryClient.java:916)
	at com.netflix.discovery.DiscoveryClient.shutdown(DiscoveryClient.java:892)
	at java.base/jdk.internal.reflect.NativeMethodAccessorImpl.invoke0(Native Method)
	at java.base/jdk.internal.reflect.NativeMethodAccessorImpl.invoke(NativeMethodAccessorImpl.java:77)
	at java.base/jdk.internal.reflect.DelegatingMethodAccessorImpl.invoke(DelegatingMethodAccessorImpl.java:43)
	at java.base/java.lang.reflect.Method.invoke(Method.java:569)
	at org.springframework.beans.factory.annotation.InitDestroyAnnotationBeanPostProcessor$LifecycleMethod.invoke(InitDestroyAnnotationBeanPostProcessor.java:457)
	at org.springframework.beans.factory.annotation.InitDestroyAnnotationBeanPostProcessor$LifecycleMetadata.invokeDestroyMethods(InitDestroyAnnotationBeanPostProcessor.java:415)
	at org.springframework.beans.factory.annotation.InitDestroyAnnotationBeanPostProcessor.postProcessBeforeDestruction(InitDestroyAnnotationBeanPostProcessor.java:239)
	at org.springframework.beans.factory.support.DisposableBeanAdapter.destroy(DisposableBeanAdapter.java:202)
	at org.springframework.beans.factory.support.DisposableBeanAdapter.run(DisposableBeanAdapter.java:195)
	at org.springframework.cloud.context.scope.GenericScope$BeanLifecycleWrapper.destroy(GenericScope.java:389)
	at org.springframework.cloud.context.scope.GenericScope.destroy(GenericScope.java:136)
	at org.springframework.beans.factory.support.DisposableBeanAdapter.destroy(DisposableBeanAdapter.java:211)
	at org.springframework.beans.factory.support.DefaultSingletonBeanRegistry.destroyBean(DefaultSingletonBeanRegistry.java:587)
	at org.springframework.beans.factory.support.DefaultSingletonBeanRegistry.destroySingleton(DefaultSingletonBeanRegistry.java:559)
	at org.springframework.beans.factory.support.DefaultListableBeanFactory.destroySingleton(DefaultListableBeanFactory.java:1200)
	at org.springframework.beans.factory.support.DefaultSingletonBeanRegistry.destroySingletons(DefaultSingletonBeanRegistry.java:520)
	at org.springframework.beans.factory.support.DefaultListableBeanFactory.destroySingletons(DefaultListableBeanFactory.java:1193)
	at org.springframework.context.support.AbstractApplicationContext.destroyBeans(AbstractApplicationContext.java:1125)
	at org.springframework.context.support.AbstractApplicationContext.doClose(AbstractApplicationContext.java:1086)
	at org.springframework.boot.web.servlet.context.ServletWebServerApplicationContext.doClose(ServletWebServerApplicationContext.java:174)
	at org.springframework.context.support.AbstractApplicationContext.close(AbstractApplicationContext.java:1037)
	at org.springframework.boot.SpringApplicationShutdownHook.closeAndWait(SpringApplicationShutdownHook.java:145)
	at java.base/java.lang.Iterable.forEach(Iterable.java:75)
	at org.springframework.boot.SpringApplicationShutdownHook.run(SpringApplicationShutdownHook.java:114)
	at java.base/java.lang.Thread.run(Thread.java:840)
2026-05-25 19:23:30 [SpringApplicationShutdownHook] [txId=] INFO  c.netflix.discovery.DiscoveryClient - Completed shut down of DiscoveryClient
2026-05-25 19:24:16 [main] [txId=] INFO  c.e.w.TrainerWorkloadApplication - Starting TrainerWorkloadApplication using Java 17.0.18 with PID 20678 (/Users/mariagevorgyan/Documents/Epam_Task1_Spring/trainer-workload-service/target/classes started by mariagevorgyan in /Users/mariagevorgyan/Documents/Epam_Task1_Spring/trainer-workload-service)
2026-05-25 19:24:16 [main] [txId=] DEBUG c.e.w.TrainerWorkloadApplication - Running with Spring Boot v3.2.0, Spring v6.1.1
2026-05-25 19:24:16 [main] [txId=] INFO  c.e.w.TrainerWorkloadApplication - No active profile set, falling back to 1 default profile: "default"
2026-05-25 19:24:17 [main] [txId=] INFO  o.s.cloud.context.scope.GenericScope - BeanFactory id=b44c9ad6-fa87-3038-b78f-4eb651794c00
2026-05-25 19:24:17 [main] [txId=] WARN  o.s.c.s.PostProcessorRegistrationDelegate$BeanPostProcessorChecker - Bean 'org.springframework.cloud.client.loadbalancer.LoadBalancerAutoConfiguration$LoadBalancerInterceptorConfig' of type [org.springframework.cloud.client.loadbalancer.LoadBalancerAutoConfiguration$LoadBalancerInterceptorConfig] is not eligible for getting processed by all BeanPostProcessors (for example: not eligible for auto-proxying). The currently created BeanPostProcessor [lbRestClientPostProcessor] is declared through a non-static factory method on that class; consider declaring it as static instead.
2026-05-25 19:24:17 [main] [txId=] WARN  o.s.c.s.PostProcessorRegistrationDelegate$BeanPostProcessorChecker - Bean 'org.springframework.cloud.loadbalancer.config.BlockingLoadBalancerClientAutoConfiguration' of type [org.springframework.cloud.loadbalancer.config.BlockingLoadBalancerClientAutoConfiguration] is not eligible for getting processed by all BeanPostProcessors (for example: not eligible for auto-proxying). Is this bean getting eagerly injected into a currently created BeanPostProcessor [lbRestClientPostProcessor]? Check the corresponding BeanPostProcessor declaration and its dependencies.
2026-05-25 19:24:17 [main] [txId=] WARN  o.s.c.s.PostProcessorRegistrationDelegate$BeanPostProcessorChecker - Bean 'org.springframework.cloud.loadbalancer.config.LoadBalancerAutoConfiguration' of type [org.springframework.cloud.loadbalancer.config.LoadBalancerAutoConfiguration] is not eligible for getting processed by all BeanPostProcessors (for example: not eligible for auto-proxying). Is this bean getting eagerly injected into a currently created BeanPostProcessor [lbRestClientPostProcessor]? Check the corresponding BeanPostProcessor declaration and its dependencies.
2026-05-25 19:24:17 [main] [txId=] WARN  o.s.c.s.PostProcessorRegistrationDelegate$BeanPostProcessorChecker - Bean 'org.springframework.cloud.commons.config.CommonsConfigAutoConfiguration' of type [org.springframework.cloud.commons.config.CommonsConfigAutoConfiguration] is not eligible for getting processed by all BeanPostProcessors (for example: not eligible for auto-proxying). Is this bean getting eagerly injected into a currently created BeanPostProcessor [lbRestClientPostProcessor]? Check the corresponding BeanPostProcessor declaration and its dependencies.
2026-05-25 19:24:17 [main] [txId=] WARN  o.s.c.s.PostProcessorRegistrationDelegate$BeanPostProcessorChecker - Bean 'org.springframework.cloud.client.loadbalancer.LoadBalancerDefaultMappingsProviderAutoConfiguration' of type [org.springframework.cloud.client.loadbalancer.LoadBalancerDefaultMappingsProviderAutoConfiguration] is not eligible for getting processed by all BeanPostProcessors (for example: not eligible for auto-proxying). Is this bean getting eagerly injected into a currently created BeanPostProcessor [lbRestClientPostProcessor]? Check the corresponding BeanPostProcessor declaration and its dependencies.
2026-05-25 19:24:17 [main] [txId=] WARN  o.s.c.s.PostProcessorRegistrationDelegate$BeanPostProcessorChecker - Bean 'loadBalancerClientsDefaultsMappingsProvider' of type [org.springframework.cloud.client.loadbalancer.LoadBalancerDefaultMappingsProviderAutoConfiguration$$Lambda$549/0x0000007001376c80] is not eligible for getting processed by all BeanPostProcessors (for example: not eligible for auto-proxying). Is this bean getting eagerly injected into a currently created BeanPostProcessor [lbRestClientPostProcessor]? Check the corresponding BeanPostProcessor declaration and its dependencies.
2026-05-25 19:24:17 [main] [txId=] WARN  o.s.c.s.PostProcessorRegistrationDelegate$BeanPostProcessorChecker - Bean 'defaultsBindHandlerAdvisor' of type [org.springframework.cloud.commons.config.DefaultsBindHandlerAdvisor] is not eligible for getting processed by all BeanPostProcessors (for example: not eligible for auto-proxying). Is this bean getting eagerly injected into a currently created BeanPostProcessor [lbRestClientPostProcessor]? Check the corresponding BeanPostProcessor declaration and its dependencies.
2026-05-25 19:24:17 [main] [txId=] WARN  o.s.c.s.PostProcessorRegistrationDelegate$BeanPostProcessorChecker - Bean 'spring.cloud.loadbalancer-org.springframework.cloud.client.loadbalancer.LoadBalancerClientsProperties' of type [org.springframework.cloud.client.loadbalancer.LoadBalancerClientsProperties] is not eligible for getting processed by all BeanPostProcessors (for example: not eligible for auto-proxying). Is this bean getting eagerly injected into a currently created BeanPostProcessor [lbRestClientPostProcessor]? Check the corresponding BeanPostProcessor declaration and its dependencies.
2026-05-25 19:24:17 [main] [txId=] WARN  o.s.c.s.PostProcessorRegistrationDelegate$BeanPostProcessorChecker - Bean 'default.org.springframework.cloud.loadbalancer.config.LoadBalancerAutoConfiguration.LoadBalancerClientSpecification' of type [org.springframework.cloud.loadbalancer.annotation.LoadBalancerClientSpecification] is not eligible for getting processed by all BeanPostProcessors (for example: not eligible for auto-proxying). Is this bean getting eagerly injected into a currently created BeanPostProcessor [lbRestClientPostProcessor]? Check the corresponding BeanPostProcessor declaration and its dependencies.
2026-05-25 19:24:17 [main] [txId=] WARN  o.s.c.s.PostProcessorRegistrationDelegate$BeanPostProcessorChecker - Bean 'default.org.springframework.cloud.loadbalancer.config.BlockingLoadBalancerClientAutoConfiguration.LoadBalancerClientSpecification' of type [org.springframework.cloud.loadbalancer.annotation.LoadBalancerClientSpecification] is not eligible for getting processed by all BeanPostProcessors (for example: not eligible for auto-proxying). Is this bean getting eagerly injected into a currently created BeanPostProcessor [lbRestClientPostProcessor]? Check the corresponding BeanPostProcessor declaration and its dependencies.
2026-05-25 19:24:17 [main] [txId=] WARN  o.s.c.s.PostProcessorRegistrationDelegate$BeanPostProcessorChecker - Bean 'default.org.springframework.cloud.netflix.eureka.loadbalancer.LoadBalancerEurekaAutoConfiguration.LoadBalancerClientSpecification' of type [org.springframework.cloud.loadbalancer.annotation.LoadBalancerClientSpecification] is not eligible for getting processed by all BeanPostProcessors (for example: not eligible for auto-proxying). Is this bean getting eagerly injected into a currently created BeanPostProcessor [lbRestClientPostProcessor]? Check the corresponding BeanPostProcessor declaration and its dependencies.
2026-05-25 19:24:17 [main] [txId=] WARN  o.s.c.s.PostProcessorRegistrationDelegate$BeanPostProcessorChecker - Bean 'loadBalancerClientFactory' of type [org.springframework.cloud.loadbalancer.support.LoadBalancerClientFactory] is not eligible for getting processed by all BeanPostProcessors (for example: not eligible for auto-proxying). Is this bean getting eagerly injected into a currently created BeanPostProcessor [lbRestClientPostProcessor]? Check the corresponding BeanPostProcessor declaration and its dependencies.
2026-05-25 19:24:17 [main] [txId=] WARN  o.s.c.s.PostProcessorRegistrationDelegate$BeanPostProcessorChecker - Bean 'blockingLoadBalancerClient' of type [org.springframework.cloud.loadbalancer.blocking.client.BlockingLoadBalancerClient] is not eligible for getting processed by all BeanPostProcessors (for example: not eligible for auto-proxying). Is this bean getting eagerly injected into a currently created BeanPostProcessor [lbRestClientPostProcessor]? Check the corresponding BeanPostProcessor declaration and its dependencies.
2026-05-25 19:24:17 [main] [txId=] WARN  o.s.c.s.PostProcessorRegistrationDelegate$BeanPostProcessorChecker - Bean 'loadBalancerServiceInstanceCookieTransformer' of type [org.springframework.cloud.loadbalancer.core.LoadBalancerServiceInstanceCookieTransformer] is not eligible for getting processed by all BeanPostProcessors (for example: not eligible for auto-proxying). Is this bean getting eagerly injected into a currently created BeanPostProcessor [lbRestClientPostProcessor]? Check the corresponding BeanPostProcessor declaration and its dependencies.
2026-05-25 19:24:17 [main] [txId=] WARN  o.s.c.s.PostProcessorRegistrationDelegate$BeanPostProcessorChecker - Bean 'xForwarderHeadersTransformer' of type [org.springframework.cloud.loadbalancer.blocking.XForwardedHeadersTransformer] is not eligible for getting processed by all BeanPostProcessors (for example: not eligible for auto-proxying). Is this bean getting eagerly injected into a currently created BeanPostProcessor [lbRestClientPostProcessor]? Check the corresponding BeanPostProcessor declaration and its dependencies.
2026-05-25 19:24:17 [main] [txId=] WARN  o.s.c.s.PostProcessorRegistrationDelegate$BeanPostProcessorChecker - Bean 'org.springframework.cloud.client.loadbalancer.LoadBalancerAutoConfiguration' of type [org.springframework.cloud.client.loadbalancer.LoadBalancerAutoConfiguration] is not eligible for getting processed by all BeanPostProcessors (for example: not eligible for auto-proxying). Is this bean getting eagerly injected into a currently created BeanPostProcessor [lbRestClientPostProcessor]? Check the corresponding BeanPostProcessor declaration and its dependencies.
2026-05-25 19:24:17 [main] [txId=] WARN  o.s.c.s.PostProcessorRegistrationDelegate$BeanPostProcessorChecker - Bean 'loadBalancerRequestFactory' of type [org.springframework.cloud.client.loadbalancer.LoadBalancerRequestFactory] is not eligible for getting processed by all BeanPostProcessors (for example: not eligible for auto-proxying). Is this bean getting eagerly injected into a currently created BeanPostProcessor [lbRestClientPostProcessor]? Check the corresponding BeanPostProcessor declaration and its dependencies.
2026-05-25 19:24:17 [main] [txId=] WARN  o.s.c.s.PostProcessorRegistrationDelegate$BeanPostProcessorChecker - Bean 'loadBalancerInterceptor' of type [org.springframework.cloud.client.loadbalancer.LoadBalancerInterceptor] is not eligible for getting processed by all BeanPostProcessors (for example: not eligible for auto-proxying). Is this bean getting eagerly injected into a currently created BeanPostProcessor [lbRestClientPostProcessor]? Check the corresponding BeanPostProcessor declaration and its dependencies.
2026-05-25 19:24:17 [main] [txId=] INFO  o.s.b.w.e.tomcat.TomcatWebServer - Tomcat initialized with port 8081 (http)
2026-05-25 19:24:17 [main] [txId=] INFO  o.a.coyote.http11.Http11NioProtocol - Initializing ProtocolHandler ["http-nio-8081"]
2026-05-25 19:24:17 [main] [txId=] INFO  o.a.catalina.core.StandardService - Starting service [Tomcat]
2026-05-25 19:24:17 [main] [txId=] INFO  o.a.catalina.core.StandardEngine - Starting Servlet engine: [Apache Tomcat/10.1.16]
2026-05-25 19:24:17 [main] [txId=] INFO  o.a.c.c.C.[Tomcat].[localhost].[/] - Initializing Spring embedded WebApplicationContext
2026-05-25 19:24:17 [main] [txId=] INFO  o.s.b.w.s.c.ServletWebServerApplicationContext - Root WebApplicationContext: initialization completed in 432 ms
2026-05-25 19:24:17 [main] [txId=] DEBUG c.e.w.l.TransactionLoggingFilter - Filter 'transactionLoggingFilter' configured for use
2026-05-25 19:24:17 [main] [txId=] DEBUG c.e.workload.security.JwtAuthFilter - Filter 'jwtAuthFilter' configured for use
2026-05-25 19:24:17 [main] [txId=] WARN  o.s.b.a.s.s.UserDetailsServiceAutoConfiguration - 

Using generated security password: fbc08e19-838f-4cb4-af5f-16124e0adc6a

This generated password is for development use only. Your security configuration must be updated before running your application in production.

2026-05-25 19:24:17 [main] [txId=] INFO  o.s.b.a.e.web.EndpointLinksResolver - Exposing 2 endpoint(s) beneath base path '/actuator'
2026-05-25 19:24:17 [main] [txId=] INFO  o.s.s.web.DefaultSecurityFilterChain - Will secure any request with [org.springframework.security.web.session.DisableEncodeUrlFilter@59b447a4, org.springframework.security.web.context.request.async.WebAsyncManagerIntegrationFilter@69ba3f4e, org.springframework.security.web.context.SecurityContextHolderFilter@4efb13f1, org.springframework.security.web.header.HeaderWriterFilter@3b57f915, org.springframework.web.filter.CorsFilter@579846cc, org.springframework.security.web.authentication.logout.LogoutFilter@49190ed6, com.epam.workload.security.JwtAuthFilter@4a642e4b, org.springframework.security.web.savedrequest.RequestCacheAwareFilter@5112b7, org.springframework.security.web.servletapi.SecurityContextHolderAwareRequestFilter@56835f2f, org.springframework.security.web.authentication.AnonymousAuthenticationFilter@a826ff8, org.springframework.security.web.session.SessionManagementFilter@11148dc2, org.springframework.security.web.access.ExceptionTranslationFilter@64b73e0a, org.springframework.security.web.access.intercept.AuthorizationFilter@2964511]
2026-05-25 19:24:17 [main] [txId=] INFO  o.s.c.n.e.c.DiscoveryClientOptionalArgsConfiguration - Eureka HTTP Client uses RestTemplate.
2026-05-25 19:24:17 [main] [txId=] WARN  o.s.c.l.c.LoadBalancerCacheAutoConfiguration$LoadBalancerCaffeineWarnLogger - Spring Cloud LoadBalancer is currently working with the default cache. While this cache implementation is useful for development and tests, it's recommended to use Caffeine cache in production.You can switch to using Caffeine cache, by adding it and org.springframework.cache.caffeine.CaffeineCacheManager to the classpath.
2026-05-25 19:24:17 [main] [txId=] INFO  o.s.c.n.eureka.InstanceInfoFactory - Setting initial instance status as: STARTING
2026-05-25 19:24:17 [main] [txId=] INFO  c.netflix.discovery.DiscoveryClient - Initializing Eureka in region us-east-1
2026-05-25 19:24:17 [main] [txId=] INFO  c.n.d.s.r.aws.ConfigClusterResolver - Resolving eureka endpoints via configuration
2026-05-25 19:24:17 [main] [txId=] INFO  c.netflix.discovery.DiscoveryClient - Disable delta property : false
2026-05-25 19:24:17 [main] [txId=] INFO  c.netflix.discovery.DiscoveryClient - Single vip registry refresh property : null
2026-05-25 19:24:17 [main] [txId=] INFO  c.netflix.discovery.DiscoveryClient - Force full registry fetch : false
2026-05-25 19:24:17 [main] [txId=] INFO  c.netflix.discovery.DiscoveryClient - Application is null : false
2026-05-25 19:24:17 [main] [txId=] INFO  c.netflix.discovery.DiscoveryClient - Registered Applications size is zero : true
2026-05-25 19:24:17 [main] [txId=] INFO  c.netflix.discovery.DiscoveryClient - Application version is -1: true
2026-05-25 19:24:17 [main] [txId=] INFO  c.netflix.discovery.DiscoveryClient - Getting all instance registry info from the eureka server
2026-05-25 19:24:17 [main] [txId=] INFO  c.netflix.discovery.DiscoveryClient - The response status is 200
2026-05-25 19:24:17 [main] [txId=] INFO  c.netflix.discovery.DiscoveryClient - Starting heartbeat executor: renew interval is: 30
2026-05-25 19:24:17 [main] [txId=] INFO  c.n.discovery.InstanceInfoReplicator - InstanceInfoReplicator onDemand update allowed rate per min is 4
2026-05-25 19:24:17 [main] [txId=] INFO  c.netflix.discovery.DiscoveryClient - Discovery Client initialized at timestamp 1779722657815 with initial instances count: 0
2026-05-25 19:24:17 [main] [txId=] INFO  o.s.c.n.e.s.EurekaServiceRegistry - Registering application TRAINER-WORKLOAD-SERVICE with eureka with status UP
2026-05-25 19:24:17 [main] [txId=] INFO  c.netflix.discovery.DiscoveryClient - Saw local status change event StatusChangeEvent [timestamp=1779722657816, current=UP, previous=STARTING]
2026-05-25 19:24:17 [DiscoveryClient-InstanceInfoReplicator-0] [txId=] INFO  c.netflix.discovery.DiscoveryClient - DiscoveryClient_TRAINER-WORKLOAD-SERVICE/192.168.18.151:trainer-workload-service:8081: registering service...
2026-05-25 19:24:17 [main] [txId=] INFO  o.a.coyote.http11.Http11NioProtocol - Starting ProtocolHandler ["http-nio-8081"]
2026-05-25 19:24:17 [main] [txId=] INFO  o.s.b.w.e.tomcat.TomcatWebServer - Tomcat started on port 8081 (http) with context path ''
2026-05-25 19:24:17 [main] [txId=] INFO  o.s.c.n.e.s.EurekaAutoServiceRegistration - Updating port to 8081
2026-05-25 19:24:17 [DiscoveryClient-InstanceInfoReplicator-0] [txId=] INFO  c.netflix.discovery.DiscoveryClient - DiscoveryClient_TRAINER-WORKLOAD-SERVICE/192.168.18.151:trainer-workload-service:8081 - registration status: 204
2026-05-25 19:24:17 [main] [txId=] INFO  c.e.w.TrainerWorkloadApplication - Started TrainerWorkloadApplication in 1.276 seconds (process running for 1.385)
2026-05-25 19:24:35 [SpringApplicationShutdownHook] [txId=] INFO  o.s.c.n.e.s.EurekaServiceRegistry - Unregistering application TRAINER-WORKLOAD-SERVICE with eureka with status DOWN
2026-05-25 19:24:35 [SpringApplicationShutdownHook] [txId=] INFO  c.netflix.discovery.DiscoveryClient - Saw local status change event StatusChangeEvent [timestamp=1779722675481, current=DOWN, previous=UP]
2026-05-25 19:24:35 [DiscoveryClient-InstanceInfoReplicator-0] [txId=] INFO  c.netflix.discovery.DiscoveryClient - DiscoveryClient_TRAINER-WORKLOAD-SERVICE/192.168.18.151:trainer-workload-service:8081: registering service...
2026-05-25 19:24:35 [DiscoveryClient-InstanceInfoReplicator-0] [txId=] INFO  c.n.d.s.t.d.RedirectingEurekaHttpClient - Request execution error. endpoint=DefaultEndpoint{ serviceUrl='http://localhost:8761/eureka/} exception=I/O error on POST request for "http://localhost:8761/eureka/apps/TRAINER-WORKLOAD-SERVICE": Connect to http://localhost:8761 [localhost/127.0.0.1, localhost/0:0:0:0:0:0:0:1] failed: Connection refused stacktrace=org.springframework.web.client.ResourceAccessException: I/O error on POST request for "http://localhost:8761/eureka/apps/TRAINER-WORKLOAD-SERVICE": Connect to http://localhost:8761 [localhost/127.0.0.1, localhost/0:0:0:0:0:0:0:1] failed: Connection refused
	at org.springframework.web.client.RestTemplate.createResourceAccessException(RestTemplate.java:905)
	at org.springframework.web.client.RestTemplate.doExecute(RestTemplate.java:885)
	at org.springframework.web.client.RestTemplate.execute(RestTemplate.java:781)
	at org.springframework.web.client.RestTemplate.exchange(RestTemplate.java:663)
	at org.springframework.cloud.netflix.eureka.http.RestTemplateEurekaHttpClient.register(RestTemplateEurekaHttpClient.java:77)
	at com.netflix.discovery.shared.transport.decorator.EurekaHttpClientDecorator$1.execute(EurekaHttpClientDecorator.java:59)
	at com.netflix.discovery.shared.transport.decorator.RedirectingEurekaHttpClient.execute(RedirectingEurekaHttpClient.java:91)
	at com.netflix.discovery.shared.transport.decorator.EurekaHttpClientDecorator.register(EurekaHttpClientDecorator.java:56)
	at com.netflix.discovery.shared.transport.decorator.EurekaHttpClientDecorator$1.execute(EurekaHttpClientDecorator.java:59)
	at com.netflix.discovery.shared.transport.decorator.RetryableEurekaHttpClient.execute(RetryableEurekaHttpClient.java:120)
	at com.netflix.discovery.shared.transport.decorator.EurekaHttpClientDecorator.register(EurekaHttpClientDecorator.java:56)
	at com.netflix.discovery.shared.transport.decorator.EurekaHttpClientDecorator$1.execute(EurekaHttpClientDecorator.java:59)
	at com.netflix.discovery.shared.transport.decorator.SessionedEurekaHttpClient.execute(SessionedEurekaHttpClient.java:77)
	at com.netflix.discovery.shared.transport.decorator.EurekaHttpClientDecorator.register(EurekaHttpClientDecorator.java:56)
	at com.netflix.discovery.DiscoveryClient.register(DiscoveryClient.java:820)
	at com.netflix.discovery.InstanceInfoReplicator.run(InstanceInfoReplicator.java:121)
	at com.netflix.discovery.InstanceInfoReplicator$1.run(InstanceInfoReplicator.java:101)
	at java.base/java.util.concurrent.Executors$RunnableAdapter.call(Executors.java:539)
	at java.base/java.util.concurrent.FutureTask.run(FutureTask.java:264)
	at java.base/java.util.concurrent.ScheduledThreadPoolExecutor$ScheduledFutureTask.run(ScheduledThreadPoolExecutor.java:304)
	at java.base/java.util.concurrent.ThreadPoolExecutor.runWorker(ThreadPoolExecutor.java:1136)
	at java.base/java.util.concurrent.ThreadPoolExecutor$Worker.run(ThreadPoolExecutor.java:635)
	at java.base/java.lang.Thread.run(Thread.java:840)
Caused by: org.apache.hc.client5.http.HttpHostConnectException: Connect to http://localhost:8761 [localhost/127.0.0.1, localhost/0:0:0:0:0:0:0:1] failed: Connection refused
	at java.base/sun.nio.ch.Net.pollConnect(Native Method)
	at java.base/sun.nio.ch.Net.pollConnectNow(Net.java:684)
	at java.base/sun.nio.ch.NioSocketImpl.timedFinishConnect(NioSocketImpl.java:554)
	at java.base/sun.nio.ch.NioSocketImpl.connect(NioSocketImpl.java:602)
	at java.base/java.net.SocksSocketImpl.connect(SocksSocketImpl.java:327)
	at java.base/java.net.Socket.connect(Socket.java:633)
	at org.apache.hc.client5.http.socket.PlainConnectionSocketFactory.lambda$connectSocket$0(PlainConnectionSocketFactory.java:85)
	at java.base/java.security.AccessController.doPrivileged(AccessController.java:569)
	at org.apache.hc.client5.http.socket.PlainConnectionSocketFactory.connectSocket(PlainConnectionSocketFactory.java:84)
	at org.apache.hc.client5.http.socket.ConnectionSocketFactory.connectSocket(ConnectionSocketFactory.java:113)
	at org.apache.hc.client5.http.impl.io.DefaultHttpClientConnectionOperator.connect(DefaultHttpClientConnectionOperator.java:181)
	at org.apache.hc.client5.http.impl.io.PoolingHttpClientConnectionManager.connect(PoolingHttpClientConnectionManager.java:447)
	at org.apache.hc.client5.http.impl.classic.InternalExecRuntime.connectEndpoint(InternalExecRuntime.java:162)
	at org.apache.hc.client5.http.impl.classic.InternalExecRuntime.connectEndpoint(InternalExecRuntime.java:172)
	at org.apache.hc.client5.http.impl.classic.ConnectExec.execute(ConnectExec.java:142)
	at org.apache.hc.client5.http.impl.classic.ExecChainElement.execute(ExecChainElement.java:51)
	at org.apache.hc.client5.http.impl.classic.ProtocolExec.execute(ProtocolExec.java:192)
	at org.apache.hc.client5.http.impl.classic.ExecChainElement.execute(ExecChainElement.java:51)
	at org.apache.hc.client5.http.impl.classic.HttpRequestRetryExec.execute(HttpRequestRetryExec.java:96)
	at org.apache.hc.client5.http.impl.classic.ExecChainElement.execute(ExecChainElement.java:51)
	at org.apache.hc.client5.http.impl.classic.ContentCompressionExec.execute(ContentCompressionExec.java:152)
	at org.apache.hc.client5.http.impl.classic.ExecChainElement.execute(ExecChainElement.java:51)
	at org.apache.hc.client5.http.impl.classic.RedirectExec.execute(RedirectExec.java:115)
	at org.apache.hc.client5.http.impl.classic.ExecChainElement.execute(ExecChainElement.java:51)
	at org.apache.hc.client5.http.impl.classic.InternalHttpClient.doExecute(InternalHttpClient.java:170)
	at org.apache.hc.client5.http.impl.classic.CloseableHttpClient.execute(CloseableHttpClient.java:87)
	at org.apache.hc.client5.http.impl.classic.CloseableHttpClient.execute(CloseableHttpClient.java:55)
	at org.apache.hc.client5.http.classic.HttpClient.executeOpen(HttpClient.java:183)
	at org.springframework.http.client.HttpComponentsClientHttpRequest.executeInternal(HttpComponentsClientHttpRequest.java:95)
	at org.springframework.http.client.AbstractStreamingClientHttpRequest.executeInternal(AbstractStreamingClientHttpRequest.java:70)
	at org.springframework.http.client.AbstractClientHttpRequest.execute(AbstractClientHttpRequest.java:66)
	at org.springframework.http.client.InterceptingClientHttpRequest$InterceptingRequestExecution.execute(InterceptingClientHttpRequest.java:101)
	at org.springframework.cloud.netflix.eureka.http.RestTemplateTransportClientFactory.lambda$restTemplate$0(RestTemplateTransportClientFactory.java:143)
	at org.springframework.http.client.InterceptingClientHttpRequest$InterceptingRequestExecution.execute(InterceptingClientHttpRequest.java:87)
	at org.springframework.http.client.InterceptingClientHttpRequest.executeInternal(InterceptingClientHttpRequest.java:71)
	at org.springframework.http.client.AbstractBufferingClientHttpRequest.executeInternal(AbstractBufferingClientHttpRequest.java:48)
	at org.springframework.http.client.AbstractClientHttpRequest.execute(AbstractClientHttpRequest.java:66)
	at org.springframework.web.client.RestTemplate.doExecute(RestTemplate.java:879)
	... 21 more

2026-05-25 19:24:35 [DiscoveryClient-InstanceInfoReplicator-0] [txId=] WARN  c.n.d.s.t.d.RetryableEurekaHttpClient - Request execution failed with message: I/O error on POST request for "http://localhost:8761/eureka/apps/TRAINER-WORKLOAD-SERVICE": Connect to http://localhost:8761 [localhost/127.0.0.1, localhost/0:0:0:0:0:0:0:1] failed: Connection refused
2026-05-25 19:24:35 [DiscoveryClient-InstanceInfoReplicator-0] [txId=] INFO  c.n.d.s.t.d.RedirectingEurekaHttpClient - Request execution error. endpoint=DefaultEndpoint{ serviceUrl='http://localhost:8761/eureka/}, exception=I/O error on POST request for "http://localhost:8761/eureka/apps/TRAINER-WORKLOAD-SERVICE": Connect to http://localhost:8761 [localhost/127.0.0.1, localhost/0:0:0:0:0:0:0:1] failed: Connection refused stacktrace=org.springframework.web.client.ResourceAccessException: I/O error on POST request for "http://localhost:8761/eureka/apps/TRAINER-WORKLOAD-SERVICE": Connect to http://localhost:8761 [localhost/127.0.0.1, localhost/0:0:0:0:0:0:0:1] failed: Connection refused
	at org.springframework.web.client.RestTemplate.createResourceAccessException(RestTemplate.java:905)
	at org.springframework.web.client.RestTemplate.doExecute(RestTemplate.java:885)
	at org.springframework.web.client.RestTemplate.execute(RestTemplate.java:781)
	at org.springframework.web.client.RestTemplate.exchange(RestTemplate.java:663)
	at org.springframework.cloud.netflix.eureka.http.RestTemplateEurekaHttpClient.register(RestTemplateEurekaHttpClient.java:77)
	at com.netflix.discovery.shared.transport.decorator.EurekaHttpClientDecorator$1.execute(EurekaHttpClientDecorator.java:59)
	at com.netflix.discovery.shared.transport.decorator.RedirectingEurekaHttpClient.executeOnNewServer(RedirectingEurekaHttpClient.java:121)
	at com.netflix.discovery.shared.transport.decorator.RedirectingEurekaHttpClient.execute(RedirectingEurekaHttpClient.java:80)
	at com.netflix.discovery.shared.transport.decorator.EurekaHttpClientDecorator.register(EurekaHttpClientDecorator.java:56)
	at com.netflix.discovery.shared.transport.decorator.EurekaHttpClientDecorator$1.execute(EurekaHttpClientDecorator.java:59)
	at com.netflix.discovery.shared.transport.decorator.RetryableEurekaHttpClient.execute(RetryableEurekaHttpClient.java:120)
	at com.netflix.discovery.shared.transport.decorator.EurekaHttpClientDecorator.register(EurekaHttpClientDecorator.java:56)
	at com.netflix.discovery.shared.transport.decorator.EurekaHttpClientDecorator$1.execute(EurekaHttpClientDecorator.java:59)
	at com.netflix.discovery.shared.transport.decorator.SessionedEurekaHttpClient.execute(SessionedEurekaHttpClient.java:77)
	at com.netflix.discovery.shared.transport.decorator.EurekaHttpClientDecorator.register(EurekaHttpClientDecorator.java:56)
	at com.netflix.discovery.DiscoveryClient.register(DiscoveryClient.java:820)
	at com.netflix.discovery.InstanceInfoReplicator.run(InstanceInfoReplicator.java:121)
	at com.netflix.discovery.InstanceInfoReplicator$1.run(InstanceInfoReplicator.java:101)
	at java.base/java.util.concurrent.Executors$RunnableAdapter.call(Executors.java:539)
	at java.base/java.util.concurrent.FutureTask.run(FutureTask.java:264)
	at java.base/java.util.concurrent.ScheduledThreadPoolExecutor$ScheduledFutureTask.run(ScheduledThreadPoolExecutor.java:304)
	at java.base/java.util.concurrent.ThreadPoolExecutor.runWorker(ThreadPoolExecutor.java:1136)
	at java.base/java.util.concurrent.ThreadPoolExecutor$Worker.run(ThreadPoolExecutor.java:635)
	at java.base/java.lang.Thread.run(Thread.java:840)
Caused by: org.apache.hc.client5.http.HttpHostConnectException: Connect to http://localhost:8761 [localhost/127.0.0.1, localhost/0:0:0:0:0:0:0:1] failed: Connection refused
	at java.base/sun.nio.ch.Net.pollConnect(Native Method)
	at java.base/sun.nio.ch.Net.pollConnectNow(Net.java:684)
	at java.base/sun.nio.ch.NioSocketImpl.timedFinishConnect(NioSocketImpl.java:554)
	at java.base/sun.nio.ch.NioSocketImpl.connect(NioSocketImpl.java:602)
	at java.base/java.net.SocksSocketImpl.connect(SocksSocketImpl.java:327)
	at java.base/java.net.Socket.connect(Socket.java:633)
	at org.apache.hc.client5.http.socket.PlainConnectionSocketFactory.lambda$connectSocket$0(PlainConnectionSocketFactory.java:85)
	at java.base/java.security.AccessController.doPrivileged(AccessController.java:569)
	at org.apache.hc.client5.http.socket.PlainConnectionSocketFactory.connectSocket(PlainConnectionSocketFactory.java:84)
	at org.apache.hc.client5.http.socket.ConnectionSocketFactory.connectSocket(ConnectionSocketFactory.java:113)
	at org.apache.hc.client5.http.impl.io.DefaultHttpClientConnectionOperator.connect(DefaultHttpClientConnectionOperator.java:181)
	at org.apache.hc.client5.http.impl.io.PoolingHttpClientConnectionManager.connect(PoolingHttpClientConnectionManager.java:447)
	at org.apache.hc.client5.http.impl.classic.InternalExecRuntime.connectEndpoint(InternalExecRuntime.java:162)
	at org.apache.hc.client5.http.impl.classic.InternalExecRuntime.connectEndpoint(InternalExecRuntime.java:172)
	at org.apache.hc.client5.http.impl.classic.ConnectExec.execute(ConnectExec.java:142)
	at org.apache.hc.client5.http.impl.classic.ExecChainElement.execute(ExecChainElement.java:51)
	at org.apache.hc.client5.http.impl.classic.ProtocolExec.execute(ProtocolExec.java:192)
	at org.apache.hc.client5.http.impl.classic.ExecChainElement.execute(ExecChainElement.java:51)
	at org.apache.hc.client5.http.impl.classic.HttpRequestRetryExec.execute(HttpRequestRetryExec.java:96)
	at org.apache.hc.client5.http.impl.classic.ExecChainElement.execute(ExecChainElement.java:51)
	at org.apache.hc.client5.http.impl.classic.ContentCompressionExec.execute(ContentCompressionExec.java:152)
	at org.apache.hc.client5.http.impl.classic.ExecChainElement.execute(ExecChainElement.java:51)
	at org.apache.hc.client5.http.impl.classic.RedirectExec.execute(RedirectExec.java:115)
	at org.apache.hc.client5.http.impl.classic.ExecChainElement.execute(ExecChainElement.java:51)
	at org.apache.hc.client5.http.impl.classic.InternalHttpClient.doExecute(InternalHttpClient.java:170)
	at org.apache.hc.client5.http.impl.classic.CloseableHttpClient.execute(CloseableHttpClient.java:87)
	at org.apache.hc.client5.http.impl.classic.CloseableHttpClient.execute(CloseableHttpClient.java:55)
	at org.apache.hc.client5.http.classic.HttpClient.executeOpen(HttpClient.java:183)
	at org.springframework.http.client.HttpComponentsClientHttpRequest.executeInternal(HttpComponentsClientHttpRequest.java:95)
	at org.springframework.http.client.AbstractStreamingClientHttpRequest.executeInternal(AbstractStreamingClientHttpRequest.java:70)
	at org.springframework.http.client.AbstractClientHttpRequest.execute(AbstractClientHttpRequest.java:66)
	at org.springframework.http.client.InterceptingClientHttpRequest$InterceptingRequestExecution.execute(InterceptingClientHttpRequest.java:101)
	at org.springframework.cloud.netflix.eureka.http.RestTemplateTransportClientFactory.lambda$restTemplate$0(RestTemplateTransportClientFactory.java:143)
	at org.springframework.http.client.InterceptingClientHttpRequest$InterceptingRequestExecution.execute(InterceptingClientHttpRequest.java:87)
	at org.springframework.http.client.InterceptingClientHttpRequest.executeInternal(InterceptingClientHttpRequest.java:71)
	at org.springframework.http.client.AbstractBufferingClientHttpRequest.executeInternal(AbstractBufferingClientHttpRequest.java:48)
	at org.springframework.http.client.AbstractClientHttpRequest.execute(AbstractClientHttpRequest.java:66)
	at org.springframework.web.client.RestTemplate.doExecute(RestTemplate.java:879)
	... 22 more

2026-05-25 19:24:35 [DiscoveryClient-InstanceInfoReplicator-0] [txId=] WARN  c.n.d.s.t.d.RetryableEurekaHttpClient - Request execution failed with message: I/O error on POST request for "http://localhost:8761/eureka/apps/TRAINER-WORKLOAD-SERVICE": Connect to http://localhost:8761 [localhost/127.0.0.1, localhost/0:0:0:0:0:0:0:1] failed: Connection refused
2026-05-25 19:24:35 [DiscoveryClient-InstanceInfoReplicator-0] [txId=] WARN  c.netflix.discovery.DiscoveryClient - DiscoveryClient_TRAINER-WORKLOAD-SERVICE/192.168.18.151:trainer-workload-service:8081 - registration failed Cannot execute request on any known server
com.netflix.discovery.shared.transport.TransportException: Cannot execute request on any known server
	at com.netflix.discovery.shared.transport.decorator.RetryableEurekaHttpClient.execute(RetryableEurekaHttpClient.java:112)
	at com.netflix.discovery.shared.transport.decorator.EurekaHttpClientDecorator.register(EurekaHttpClientDecorator.java:56)
	at com.netflix.discovery.shared.transport.decorator.EurekaHttpClientDecorator$1.execute(EurekaHttpClientDecorator.java:59)
	at com.netflix.discovery.shared.transport.decorator.SessionedEurekaHttpClient.execute(SessionedEurekaHttpClient.java:77)
	at com.netflix.discovery.shared.transport.decorator.EurekaHttpClientDecorator.register(EurekaHttpClientDecorator.java:56)
	at com.netflix.discovery.DiscoveryClient.register(DiscoveryClient.java:820)
	at com.netflix.discovery.InstanceInfoReplicator.run(InstanceInfoReplicator.java:121)
	at com.netflix.discovery.InstanceInfoReplicator$1.run(InstanceInfoReplicator.java:101)
	at java.base/java.util.concurrent.Executors$RunnableAdapter.call(Executors.java:539)
	at java.base/java.util.concurrent.FutureTask.run(FutureTask.java:264)
	at java.base/java.util.concurrent.ScheduledThreadPoolExecutor$ScheduledFutureTask.run(ScheduledThreadPoolExecutor.java:304)
	at java.base/java.util.concurrent.ThreadPoolExecutor.runWorker(ThreadPoolExecutor.java:1136)
	at java.base/java.util.concurrent.ThreadPoolExecutor$Worker.run(ThreadPoolExecutor.java:635)
	at java.base/java.lang.Thread.run(Thread.java:840)
2026-05-25 19:24:35 [DiscoveryClient-InstanceInfoReplicator-0] [txId=] WARN  c.n.discovery.InstanceInfoReplicator - There was a problem with the instance info replicator
com.netflix.discovery.shared.transport.TransportException: Cannot execute request on any known server
	at com.netflix.discovery.shared.transport.decorator.RetryableEurekaHttpClient.execute(RetryableEurekaHttpClient.java:112)
	at com.netflix.discovery.shared.transport.decorator.EurekaHttpClientDecorator.register(EurekaHttpClientDecorator.java:56)
	at com.netflix.discovery.shared.transport.decorator.EurekaHttpClientDecorator$1.execute(EurekaHttpClientDecorator.java:59)
	at com.netflix.discovery.shared.transport.decorator.SessionedEurekaHttpClient.execute(SessionedEurekaHttpClient.java:77)
	at com.netflix.discovery.shared.transport.decorator.EurekaHttpClientDecorator.register(EurekaHttpClientDecorator.java:56)
	at com.netflix.discovery.DiscoveryClient.register(DiscoveryClient.java:820)
	at com.netflix.discovery.InstanceInfoReplicator.run(InstanceInfoReplicator.java:121)
	at com.netflix.discovery.InstanceInfoReplicator$1.run(InstanceInfoReplicator.java:101)
	at java.base/java.util.concurrent.Executors$RunnableAdapter.call(Executors.java:539)
	at java.base/java.util.concurrent.FutureTask.run(FutureTask.java:264)
	at java.base/java.util.concurrent.ScheduledThreadPoolExecutor$ScheduledFutureTask.run(ScheduledThreadPoolExecutor.java:304)
	at java.base/java.util.concurrent.ThreadPoolExecutor.runWorker(ThreadPoolExecutor.java:1136)
	at java.base/java.util.concurrent.ThreadPoolExecutor$Worker.run(ThreadPoolExecutor.java:635)
	at java.base/java.lang.Thread.run(Thread.java:840)
2026-05-25 19:24:36 [SpringApplicationShutdownHook] [txId=] INFO  c.netflix.discovery.DiscoveryClient - Shutting down DiscoveryClient ...
2026-05-25 19:24:39 [SpringApplicationShutdownHook] [txId=] INFO  c.netflix.discovery.DiscoveryClient - Unregistering ...
2026-05-25 19:24:39 [SpringApplicationShutdownHook] [txId=] INFO  c.n.d.s.t.d.RedirectingEurekaHttpClient - Request execution error. endpoint=DefaultEndpoint{ serviceUrl='http://localhost:8761/eureka/}, exception=I/O error on DELETE request for "http://localhost:8761/eureka/apps/TRAINER-WORKLOAD-SERVICE/192.168.18.151:trainer-workload-service:8081": Connect to http://localhost:8761 [localhost/127.0.0.1, localhost/0:0:0:0:0:0:0:1] failed: Connection refused stacktrace=org.springframework.web.client.ResourceAccessException: I/O error on DELETE request for "http://localhost:8761/eureka/apps/TRAINER-WORKLOAD-SERVICE/192.168.18.151:trainer-workload-service:8081": Connect to http://localhost:8761 [localhost/127.0.0.1, localhost/0:0:0:0:0:0:0:1] failed: Connection refused
	at org.springframework.web.client.RestTemplate.createResourceAccessException(RestTemplate.java:905)
	at org.springframework.web.client.RestTemplate.doExecute(RestTemplate.java:885)
	at org.springframework.web.client.RestTemplate.execute(RestTemplate.java:781)
	at org.springframework.web.client.RestTemplate.exchange(RestTemplate.java:663)
	at org.springframework.cloud.netflix.eureka.http.RestTemplateEurekaHttpClient.cancel(RestTemplateEurekaHttpClient.java:87)
	at com.netflix.discovery.shared.transport.decorator.EurekaHttpClientDecorator$2.execute(EurekaHttpClientDecorator.java:74)
	at com.netflix.discovery.shared.transport.decorator.RedirectingEurekaHttpClient.executeOnNewServer(RedirectingEurekaHttpClient.java:121)
	at com.netflix.discovery.shared.transport.decorator.RedirectingEurekaHttpClient.execute(RedirectingEurekaHttpClient.java:80)
	at com.netflix.discovery.shared.transport.decorator.EurekaHttpClientDecorator.cancel(EurekaHttpClientDecorator.java:71)
	at com.netflix.discovery.shared.transport.decorator.EurekaHttpClientDecorator$2.execute(EurekaHttpClientDecorator.java:74)
	at com.netflix.discovery.shared.transport.decorator.RetryableEurekaHttpClient.execute(RetryableEurekaHttpClient.java:120)
	at com.netflix.discovery.shared.transport.decorator.EurekaHttpClientDecorator.cancel(EurekaHttpClientDecorator.java:71)
	at com.netflix.discovery.shared.transport.decorator.EurekaHttpClientDecorator$2.execute(EurekaHttpClientDecorator.java:74)
	at com.netflix.discovery.shared.transport.decorator.SessionedEurekaHttpClient.execute(SessionedEurekaHttpClient.java:77)
	at com.netflix.discovery.shared.transport.decorator.EurekaHttpClientDecorator.cancel(EurekaHttpClientDecorator.java:71)
	at com.netflix.discovery.DiscoveryClient.unregister(DiscoveryClient.java:916)
	at com.netflix.discovery.DiscoveryClient.shutdown(DiscoveryClient.java:892)
	at java.base/jdk.internal.reflect.NativeMethodAccessorImpl.invoke0(Native Method)
	at java.base/jdk.internal.reflect.NativeMethodAccessorImpl.invoke(NativeMethodAccessorImpl.java:77)
	at java.base/jdk.internal.reflect.DelegatingMethodAccessorImpl.invoke(DelegatingMethodAccessorImpl.java:43)
	at java.base/java.lang.reflect.Method.invoke(Method.java:569)
	at org.springframework.beans.factory.annotation.InitDestroyAnnotationBeanPostProcessor$LifecycleMethod.invoke(InitDestroyAnnotationBeanPostProcessor.java:457)
	at org.springframework.beans.factory.annotation.InitDestroyAnnotationBeanPostProcessor$LifecycleMetadata.invokeDestroyMethods(InitDestroyAnnotationBeanPostProcessor.java:415)
	at org.springframework.beans.factory.annotation.InitDestroyAnnotationBeanPostProcessor.postProcessBeforeDestruction(InitDestroyAnnotationBeanPostProcessor.java:239)
	at org.springframework.beans.factory.support.DisposableBeanAdapter.destroy(DisposableBeanAdapter.java:202)
	at org.springframework.beans.factory.support.DisposableBeanAdapter.run(DisposableBeanAdapter.java:195)
	at org.springframework.cloud.context.scope.GenericScope$BeanLifecycleWrapper.destroy(GenericScope.java:389)
	at org.springframework.cloud.context.scope.GenericScope.destroy(GenericScope.java:136)
	at org.springframework.beans.factory.support.DisposableBeanAdapter.destroy(DisposableBeanAdapter.java:211)
	at org.springframework.beans.factory.support.DefaultSingletonBeanRegistry.destroyBean(DefaultSingletonBeanRegistry.java:587)
	at org.springframework.beans.factory.support.DefaultSingletonBeanRegistry.destroySingleton(DefaultSingletonBeanRegistry.java:559)
	at org.springframework.beans.factory.support.DefaultListableBeanFactory.destroySingleton(DefaultListableBeanFactory.java:1200)
	at org.springframework.beans.factory.support.DefaultSingletonBeanRegistry.destroySingletons(DefaultSingletonBeanRegistry.java:520)
	at org.springframework.beans.factory.support.DefaultListableBeanFactory.destroySingletons(DefaultListableBeanFactory.java:1193)
	at org.springframework.context.support.AbstractApplicationContext.destroyBeans(AbstractApplicationContext.java:1125)
	at org.springframework.context.support.AbstractApplicationContext.doClose(AbstractApplicationContext.java:1086)
	at org.springframework.boot.web.servlet.context.ServletWebServerApplicationContext.doClose(ServletWebServerApplicationContext.java:174)
	at org.springframework.context.support.AbstractApplicationContext.close(AbstractApplicationContext.java:1037)
	at org.springframework.boot.SpringApplicationShutdownHook.closeAndWait(SpringApplicationShutdownHook.java:145)
	at java.base/java.lang.Iterable.forEach(Iterable.java:75)
	at org.springframework.boot.SpringApplicationShutdownHook.run(SpringApplicationShutdownHook.java:114)
	at java.base/java.lang.Thread.run(Thread.java:840)
Caused by: org.apache.hc.client5.http.HttpHostConnectException: Connect to http://localhost:8761 [localhost/127.0.0.1, localhost/0:0:0:0:0:0:0:1] failed: Connection refused
	at java.base/sun.nio.ch.Net.pollConnect(Native Method)
	at java.base/sun.nio.ch.Net.pollConnectNow(Net.java:684)
	at java.base/sun.nio.ch.NioSocketImpl.timedFinishConnect(NioSocketImpl.java:554)
	at java.base/sun.nio.ch.NioSocketImpl.connect(NioSocketImpl.java:602)
	at java.base/java.net.SocksSocketImpl.connect(SocksSocketImpl.java:327)
	at java.base/java.net.Socket.connect(Socket.java:633)
	at org.apache.hc.client5.http.socket.PlainConnectionSocketFactory.lambda$connectSocket$0(PlainConnectionSocketFactory.java:85)
	at java.base/java.security.AccessController.doPrivileged(AccessController.java:569)
	at org.apache.hc.client5.http.socket.PlainConnectionSocketFactory.connectSocket(PlainConnectionSocketFactory.java:84)
	at org.apache.hc.client5.http.socket.ConnectionSocketFactory.connectSocket(ConnectionSocketFactory.java:113)
	at org.apache.hc.client5.http.impl.io.DefaultHttpClientConnectionOperator.connect(DefaultHttpClientConnectionOperator.java:181)
	at org.apache.hc.client5.http.impl.io.PoolingHttpClientConnectionManager.connect(PoolingHttpClientConnectionManager.java:447)
	at org.apache.hc.client5.http.impl.classic.InternalExecRuntime.connectEndpoint(InternalExecRuntime.java:162)
	at org.apache.hc.client5.http.impl.classic.InternalExecRuntime.connectEndpoint(InternalExecRuntime.java:172)
	at org.apache.hc.client5.http.impl.classic.ConnectExec.execute(ConnectExec.java:142)
	at org.apache.hc.client5.http.impl.classic.ExecChainElement.execute(ExecChainElement.java:51)
	at org.apache.hc.client5.http.impl.classic.ProtocolExec.execute(ProtocolExec.java:192)
	at org.apache.hc.client5.http.impl.classic.ExecChainElement.execute(ExecChainElement.java:51)
	at org.apache.hc.client5.http.impl.classic.HttpRequestRetryExec.execute(HttpRequestRetryExec.java:96)
	at org.apache.hc.client5.http.impl.classic.ExecChainElement.execute(ExecChainElement.java:51)
	at org.apache.hc.client5.http.impl.classic.ContentCompressionExec.execute(ContentCompressionExec.java:152)
	at org.apache.hc.client5.http.impl.classic.ExecChainElement.execute(ExecChainElement.java:51)
	at org.apache.hc.client5.http.impl.classic.RedirectExec.execute(RedirectExec.java:115)
	at org.apache.hc.client5.http.impl.classic.ExecChainElement.execute(ExecChainElement.java:51)
	at org.apache.hc.client5.http.impl.classic.InternalHttpClient.doExecute(InternalHttpClient.java:170)
	at org.apache.hc.client5.http.impl.classic.CloseableHttpClient.execute(CloseableHttpClient.java:87)
	at org.apache.hc.client5.http.impl.classic.CloseableHttpClient.execute(CloseableHttpClient.java:55)
	at org.apache.hc.client5.http.classic.HttpClient.executeOpen(HttpClient.java:183)
	at org.springframework.http.client.HttpComponentsClientHttpRequest.executeInternal(HttpComponentsClientHttpRequest.java:95)
	at org.springframework.http.client.AbstractStreamingClientHttpRequest.executeInternal(AbstractStreamingClientHttpRequest.java:70)
	at org.springframework.http.client.AbstractClientHttpRequest.execute(AbstractClientHttpRequest.java:66)
	at org.springframework.http.client.InterceptingClientHttpRequest$InterceptingRequestExecution.execute(InterceptingClientHttpRequest.java:101)
	at org.springframework.cloud.netflix.eureka.http.RestTemplateTransportClientFactory.lambda$restTemplate$0(RestTemplateTransportClientFactory.java:143)
	at org.springframework.http.client.InterceptingClientHttpRequest$InterceptingRequestExecution.execute(InterceptingClientHttpRequest.java:87)
	at org.springframework.http.client.InterceptingClientHttpRequest.executeInternal(InterceptingClientHttpRequest.java:71)
	at org.springframework.http.client.AbstractBufferingClientHttpRequest.executeInternal(AbstractBufferingClientHttpRequest.java:48)
	at org.springframework.http.client.AbstractClientHttpRequest.execute(AbstractClientHttpRequest.java:66)
	at org.springframework.web.client.RestTemplate.doExecute(RestTemplate.java:879)
	... 40 more

2026-05-25 19:24:39 [SpringApplicationShutdownHook] [txId=] WARN  c.n.d.s.t.d.RetryableEurekaHttpClient - Request execution failed with message: I/O error on DELETE request for "http://localhost:8761/eureka/apps/TRAINER-WORKLOAD-SERVICE/192.168.18.151:trainer-workload-service:8081": Connect to http://localhost:8761 [localhost/127.0.0.1, localhost/0:0:0:0:0:0:0:1] failed: Connection refused
2026-05-25 19:24:39 [SpringApplicationShutdownHook] [txId=] ERROR c.netflix.discovery.DiscoveryClient - DiscoveryClient_TRAINER-WORKLOAD-SERVICE/192.168.18.151:trainer-workload-service:8081 - de-registration failedCannot execute request on any known server
com.netflix.discovery.shared.transport.TransportException: Cannot execute request on any known server
	at com.netflix.discovery.shared.transport.decorator.RetryableEurekaHttpClient.execute(RetryableEurekaHttpClient.java:112)
	at com.netflix.discovery.shared.transport.decorator.EurekaHttpClientDecorator.cancel(EurekaHttpClientDecorator.java:71)
	at com.netflix.discovery.shared.transport.decorator.EurekaHttpClientDecorator$2.execute(EurekaHttpClientDecorator.java:74)
	at com.netflix.discovery.shared.transport.decorator.SessionedEurekaHttpClient.execute(SessionedEurekaHttpClient.java:77)
	at com.netflix.discovery.shared.transport.decorator.EurekaHttpClientDecorator.cancel(EurekaHttpClientDecorator.java:71)
	at com.netflix.discovery.DiscoveryClient.unregister(DiscoveryClient.java:916)
	at com.netflix.discovery.DiscoveryClient.shutdown(DiscoveryClient.java:892)
	at java.base/jdk.internal.reflect.NativeMethodAccessorImpl.invoke0(Native Method)
	at java.base/jdk.internal.reflect.NativeMethodAccessorImpl.invoke(NativeMethodAccessorImpl.java:77)
	at java.base/jdk.internal.reflect.DelegatingMethodAccessorImpl.invoke(DelegatingMethodAccessorImpl.java:43)
	at java.base/java.lang.reflect.Method.invoke(Method.java:569)
	at org.springframework.beans.factory.annotation.InitDestroyAnnotationBeanPostProcessor$LifecycleMethod.invoke(InitDestroyAnnotationBeanPostProcessor.java:457)
	at org.springframework.beans.factory.annotation.InitDestroyAnnotationBeanPostProcessor$LifecycleMetadata.invokeDestroyMethods(InitDestroyAnnotationBeanPostProcessor.java:415)
	at org.springframework.beans.factory.annotation.InitDestroyAnnotationBeanPostProcessor.postProcessBeforeDestruction(InitDestroyAnnotationBeanPostProcessor.java:239)
	at org.springframework.beans.factory.support.DisposableBeanAdapter.destroy(DisposableBeanAdapter.java:202)
	at org.springframework.beans.factory.support.DisposableBeanAdapter.run(DisposableBeanAdapter.java:195)
	at org.springframework.cloud.context.scope.GenericScope$BeanLifecycleWrapper.destroy(GenericScope.java:389)
	at org.springframework.cloud.context.scope.GenericScope.destroy(GenericScope.java:136)
	at org.springframework.beans.factory.support.DisposableBeanAdapter.destroy(DisposableBeanAdapter.java:211)
	at org.springframework.beans.factory.support.DefaultSingletonBeanRegistry.destroyBean(DefaultSingletonBeanRegistry.java:587)
	at org.springframework.beans.factory.support.DefaultSingletonBeanRegistry.destroySingleton(DefaultSingletonBeanRegistry.java:559)
	at org.springframework.beans.factory.support.DefaultListableBeanFactory.destroySingleton(DefaultListableBeanFactory.java:1200)
	at org.springframework.beans.factory.support.DefaultSingletonBeanRegistry.destroySingletons(DefaultSingletonBeanRegistry.java:520)
	at org.springframework.beans.factory.support.DefaultListableBeanFactory.destroySingletons(DefaultListableBeanFactory.java:1193)
	at org.springframework.context.support.AbstractApplicationContext.destroyBeans(AbstractApplicationContext.java:1125)
	at org.springframework.context.support.AbstractApplicationContext.doClose(AbstractApplicationContext.java:1086)
	at org.springframework.boot.web.servlet.context.ServletWebServerApplicationContext.doClose(ServletWebServerApplicationContext.java:174)
	at org.springframework.context.support.AbstractApplicationContext.close(AbstractApplicationContext.java:1037)
	at org.springframework.boot.SpringApplicationShutdownHook.closeAndWait(SpringApplicationShutdownHook.java:145)
	at java.base/java.lang.Iterable.forEach(Iterable.java:75)
	at org.springframework.boot.SpringApplicationShutdownHook.run(SpringApplicationShutdownHook.java:114)
	at java.base/java.lang.Thread.run(Thread.java:840)
2026-05-25 19:24:39 [SpringApplicationShutdownHook] [txId=] INFO  c.netflix.discovery.DiscoveryClient - Completed shut down of DiscoveryClient
2026-05-25 19:26:34 [main] [txId=] INFO  c.e.w.TrainerWorkloadApplication - Starting TrainerWorkloadApplication using Java 17.0.18 with PID 21430 (/Users/mariagevorgyan/Documents/Epam_Task1_Spring/trainer-workload-service/target/classes started by mariagevorgyan in /Users/mariagevorgyan/Documents/Epam_Task1_Spring/trainer-workload-service)
2026-05-25 19:26:34 [main] [txId=] DEBUG c.e.w.TrainerWorkloadApplication - Running with Spring Boot v3.2.0, Spring v6.1.1
2026-05-25 19:26:34 [main] [txId=] INFO  c.e.w.TrainerWorkloadApplication - No active profile set, falling back to 1 default profile: "default"
2026-05-25 19:26:34 [main] [txId=] INFO  o.s.cloud.context.scope.GenericScope - BeanFactory id=b44c9ad6-fa87-3038-b78f-4eb651794c00
2026-05-25 19:26:34 [main] [txId=] WARN  o.s.c.s.PostProcessorRegistrationDelegate$BeanPostProcessorChecker - Bean 'org.springframework.cloud.client.loadbalancer.LoadBalancerAutoConfiguration$LoadBalancerInterceptorConfig' of type [org.springframework.cloud.client.loadbalancer.LoadBalancerAutoConfiguration$LoadBalancerInterceptorConfig] is not eligible for getting processed by all BeanPostProcessors (for example: not eligible for auto-proxying). The currently created BeanPostProcessor [lbRestClientPostProcessor] is declared through a non-static factory method on that class; consider declaring it as static instead.
2026-05-25 19:26:34 [main] [txId=] WARN  o.s.c.s.PostProcessorRegistrationDelegate$BeanPostProcessorChecker - Bean 'org.springframework.cloud.loadbalancer.config.BlockingLoadBalancerClientAutoConfiguration' of type [org.springframework.cloud.loadbalancer.config.BlockingLoadBalancerClientAutoConfiguration] is not eligible for getting processed by all BeanPostProcessors (for example: not eligible for auto-proxying). Is this bean getting eagerly injected into a currently created BeanPostProcessor [lbRestClientPostProcessor]? Check the corresponding BeanPostProcessor declaration and its dependencies.
2026-05-25 19:26:34 [main] [txId=] WARN  o.s.c.s.PostProcessorRegistrationDelegate$BeanPostProcessorChecker - Bean 'org.springframework.cloud.loadbalancer.config.LoadBalancerAutoConfiguration' of type [org.springframework.cloud.loadbalancer.config.LoadBalancerAutoConfiguration] is not eligible for getting processed by all BeanPostProcessors (for example: not eligible for auto-proxying). Is this bean getting eagerly injected into a currently created BeanPostProcessor [lbRestClientPostProcessor]? Check the corresponding BeanPostProcessor declaration and its dependencies.
2026-05-25 19:26:34 [main] [txId=] WARN  o.s.c.s.PostProcessorRegistrationDelegate$BeanPostProcessorChecker - Bean 'org.springframework.cloud.commons.config.CommonsConfigAutoConfiguration' of type [org.springframework.cloud.commons.config.CommonsConfigAutoConfiguration] is not eligible for getting processed by all BeanPostProcessors (for example: not eligible for auto-proxying). Is this bean getting eagerly injected into a currently created BeanPostProcessor [lbRestClientPostProcessor]? Check the corresponding BeanPostProcessor declaration and its dependencies.
2026-05-25 19:26:34 [main] [txId=] WARN  o.s.c.s.PostProcessorRegistrationDelegate$BeanPostProcessorChecker - Bean 'org.springframework.cloud.client.loadbalancer.LoadBalancerDefaultMappingsProviderAutoConfiguration' of type [org.springframework.cloud.client.loadbalancer.LoadBalancerDefaultMappingsProviderAutoConfiguration] is not eligible for getting processed by all BeanPostProcessors (for example: not eligible for auto-proxying). Is this bean getting eagerly injected into a currently created BeanPostProcessor [lbRestClientPostProcessor]? Check the corresponding BeanPostProcessor declaration and its dependencies.
2026-05-25 19:26:34 [main] [txId=] WARN  o.s.c.s.PostProcessorRegistrationDelegate$BeanPostProcessorChecker - Bean 'loadBalancerClientsDefaultsMappingsProvider' of type [org.springframework.cloud.client.loadbalancer.LoadBalancerDefaultMappingsProviderAutoConfiguration$$Lambda$549/0x0000000801376c80] is not eligible for getting processed by all BeanPostProcessors (for example: not eligible for auto-proxying). Is this bean getting eagerly injected into a currently created BeanPostProcessor [lbRestClientPostProcessor]? Check the corresponding BeanPostProcessor declaration and its dependencies.
2026-05-25 19:26:34 [main] [txId=] WARN  o.s.c.s.PostProcessorRegistrationDelegate$BeanPostProcessorChecker - Bean 'defaultsBindHandlerAdvisor' of type [org.springframework.cloud.commons.config.DefaultsBindHandlerAdvisor] is not eligible for getting processed by all BeanPostProcessors (for example: not eligible for auto-proxying). Is this bean getting eagerly injected into a currently created BeanPostProcessor [lbRestClientPostProcessor]? Check the corresponding BeanPostProcessor declaration and its dependencies.
2026-05-25 19:26:34 [main] [txId=] WARN  o.s.c.s.PostProcessorRegistrationDelegate$BeanPostProcessorChecker - Bean 'spring.cloud.loadbalancer-org.springframework.cloud.client.loadbalancer.LoadBalancerClientsProperties' of type [org.springframework.cloud.client.loadbalancer.LoadBalancerClientsProperties] is not eligible for getting processed by all BeanPostProcessors (for example: not eligible for auto-proxying). Is this bean getting eagerly injected into a currently created BeanPostProcessor [lbRestClientPostProcessor]? Check the corresponding BeanPostProcessor declaration and its dependencies.
2026-05-25 19:26:34 [main] [txId=] WARN  o.s.c.s.PostProcessorRegistrationDelegate$BeanPostProcessorChecker - Bean 'default.org.springframework.cloud.loadbalancer.config.LoadBalancerAutoConfiguration.LoadBalancerClientSpecification' of type [org.springframework.cloud.loadbalancer.annotation.LoadBalancerClientSpecification] is not eligible for getting processed by all BeanPostProcessors (for example: not eligible for auto-proxying). Is this bean getting eagerly injected into a currently created BeanPostProcessor [lbRestClientPostProcessor]? Check the corresponding BeanPostProcessor declaration and its dependencies.
2026-05-25 19:26:34 [main] [txId=] WARN  o.s.c.s.PostProcessorRegistrationDelegate$BeanPostProcessorChecker - Bean 'default.org.springframework.cloud.loadbalancer.config.BlockingLoadBalancerClientAutoConfiguration.LoadBalancerClientSpecification' of type [org.springframework.cloud.loadbalancer.annotation.LoadBalancerClientSpecification] is not eligible for getting processed by all BeanPostProcessors (for example: not eligible for auto-proxying). Is this bean getting eagerly injected into a currently created BeanPostProcessor [lbRestClientPostProcessor]? Check the corresponding BeanPostProcessor declaration and its dependencies.
2026-05-25 19:26:34 [main] [txId=] WARN  o.s.c.s.PostProcessorRegistrationDelegate$BeanPostProcessorChecker - Bean 'default.org.springframework.cloud.netflix.eureka.loadbalancer.LoadBalancerEurekaAutoConfiguration.LoadBalancerClientSpecification' of type [org.springframework.cloud.loadbalancer.annotation.LoadBalancerClientSpecification] is not eligible for getting processed by all BeanPostProcessors (for example: not eligible for auto-proxying). Is this bean getting eagerly injected into a currently created BeanPostProcessor [lbRestClientPostProcessor]? Check the corresponding BeanPostProcessor declaration and its dependencies.
2026-05-25 19:26:34 [main] [txId=] WARN  o.s.c.s.PostProcessorRegistrationDelegate$BeanPostProcessorChecker - Bean 'loadBalancerClientFactory' of type [org.springframework.cloud.loadbalancer.support.LoadBalancerClientFactory] is not eligible for getting processed by all BeanPostProcessors (for example: not eligible for auto-proxying). Is this bean getting eagerly injected into a currently created BeanPostProcessor [lbRestClientPostProcessor]? Check the corresponding BeanPostProcessor declaration and its dependencies.
2026-05-25 19:26:34 [main] [txId=] WARN  o.s.c.s.PostProcessorRegistrationDelegate$BeanPostProcessorChecker - Bean 'blockingLoadBalancerClient' of type [org.springframework.cloud.loadbalancer.blocking.client.BlockingLoadBalancerClient] is not eligible for getting processed by all BeanPostProcessors (for example: not eligible for auto-proxying). Is this bean getting eagerly injected into a currently created BeanPostProcessor [lbRestClientPostProcessor]? Check the corresponding BeanPostProcessor declaration and its dependencies.
2026-05-25 19:26:34 [main] [txId=] WARN  o.s.c.s.PostProcessorRegistrationDelegate$BeanPostProcessorChecker - Bean 'loadBalancerServiceInstanceCookieTransformer' of type [org.springframework.cloud.loadbalancer.core.LoadBalancerServiceInstanceCookieTransformer] is not eligible for getting processed by all BeanPostProcessors (for example: not eligible for auto-proxying). Is this bean getting eagerly injected into a currently created BeanPostProcessor [lbRestClientPostProcessor]? Check the corresponding BeanPostProcessor declaration and its dependencies.
2026-05-25 19:26:34 [main] [txId=] WARN  o.s.c.s.PostProcessorRegistrationDelegate$BeanPostProcessorChecker - Bean 'xForwarderHeadersTransformer' of type [org.springframework.cloud.loadbalancer.blocking.XForwardedHeadersTransformer] is not eligible for getting processed by all BeanPostProcessors (for example: not eligible for auto-proxying). Is this bean getting eagerly injected into a currently created BeanPostProcessor [lbRestClientPostProcessor]? Check the corresponding BeanPostProcessor declaration and its dependencies.
2026-05-25 19:26:34 [main] [txId=] WARN  o.s.c.s.PostProcessorRegistrationDelegate$BeanPostProcessorChecker - Bean 'org.springframework.cloud.client.loadbalancer.LoadBalancerAutoConfiguration' of type [org.springframework.cloud.client.loadbalancer.LoadBalancerAutoConfiguration] is not eligible for getting processed by all BeanPostProcessors (for example: not eligible for auto-proxying). Is this bean getting eagerly injected into a currently created BeanPostProcessor [lbRestClientPostProcessor]? Check the corresponding BeanPostProcessor declaration and its dependencies.
2026-05-25 19:26:34 [main] [txId=] WARN  o.s.c.s.PostProcessorRegistrationDelegate$BeanPostProcessorChecker - Bean 'loadBalancerRequestFactory' of type [org.springframework.cloud.client.loadbalancer.LoadBalancerRequestFactory] is not eligible for getting processed by all BeanPostProcessors (for example: not eligible for auto-proxying). Is this bean getting eagerly injected into a currently created BeanPostProcessor [lbRestClientPostProcessor]? Check the corresponding BeanPostProcessor declaration and its dependencies.
2026-05-25 19:26:34 [main] [txId=] WARN  o.s.c.s.PostProcessorRegistrationDelegate$BeanPostProcessorChecker - Bean 'loadBalancerInterceptor' of type [org.springframework.cloud.client.loadbalancer.LoadBalancerInterceptor] is not eligible for getting processed by all BeanPostProcessors (for example: not eligible for auto-proxying). Is this bean getting eagerly injected into a currently created BeanPostProcessor [lbRestClientPostProcessor]? Check the corresponding BeanPostProcessor declaration and its dependencies.
2026-05-25 19:26:34 [main] [txId=] INFO  o.s.b.w.e.tomcat.TomcatWebServer - Tomcat initialized with port 8081 (http)
2026-05-25 19:26:34 [main] [txId=] INFO  o.a.coyote.http11.Http11NioProtocol - Initializing ProtocolHandler ["http-nio-8081"]
2026-05-25 19:26:34 [main] [txId=] INFO  o.a.catalina.core.StandardService - Starting service [Tomcat]
2026-05-25 19:26:34 [main] [txId=] INFO  o.a.catalina.core.StandardEngine - Starting Servlet engine: [Apache Tomcat/10.1.16]
2026-05-25 19:26:34 [main] [txId=] INFO  o.a.c.c.C.[Tomcat].[localhost].[/] - Initializing Spring embedded WebApplicationContext
2026-05-25 19:26:34 [main] [txId=] INFO  o.s.b.w.s.c.ServletWebServerApplicationContext - Root WebApplicationContext: initialization completed in 463 ms
2026-05-25 19:26:34 [main] [txId=] DEBUG c.e.w.l.TransactionLoggingFilter - Filter 'transactionLoggingFilter' configured for use
2026-05-25 19:26:34 [main] [txId=] DEBUG c.e.workload.security.JwtAuthFilter - Filter 'jwtAuthFilter' configured for use
2026-05-25 19:26:34 [main] [txId=] WARN  o.s.b.a.s.s.UserDetailsServiceAutoConfiguration - 

Using generated security password: 3abcd4fe-418a-458b-895b-f13653a28c3d

This generated password is for development use only. Your security configuration must be updated before running your application in production.

2026-05-25 19:26:35 [main] [txId=] INFO  o.s.b.a.e.web.EndpointLinksResolver - Exposing 2 endpoint(s) beneath base path '/actuator'
2026-05-25 19:26:35 [main] [txId=] INFO  o.s.s.web.DefaultSecurityFilterChain - Will secure any request with [org.springframework.security.web.session.DisableEncodeUrlFilter@3303e89e, org.springframework.security.web.context.request.async.WebAsyncManagerIntegrationFilter@cec590c, org.springframework.security.web.context.SecurityContextHolderFilter@68e24e7, org.springframework.security.web.header.HeaderWriterFilter@be6d228, org.springframework.web.filter.CorsFilter@1570cad0, org.springframework.security.web.authentication.logout.LogoutFilter@456aa471, com.epam.workload.security.JwtAuthFilter@580902cd, org.springframework.security.web.savedrequest.RequestCacheAwareFilter@6aad919c, org.springframework.security.web.servletapi.SecurityContextHolderAwareRequestFilter@56c42964, org.springframework.security.web.authentication.AnonymousAuthenticationFilter@21090c88, org.springframework.security.web.session.SessionManagementFilter@645dc557, org.springframework.security.web.access.ExceptionTranslationFilter@15c16f19, org.springframework.security.web.access.intercept.AuthorizationFilter@7d284f15]
2026-05-25 19:26:35 [main] [txId=] INFO  o.s.c.n.e.c.DiscoveryClientOptionalArgsConfiguration - Eureka HTTP Client uses RestTemplate.
2026-05-25 19:26:35 [main] [txId=] WARN  o.s.c.l.c.LoadBalancerCacheAutoConfiguration$LoadBalancerCaffeineWarnLogger - Spring Cloud LoadBalancer is currently working with the default cache. While this cache implementation is useful for development and tests, it's recommended to use Caffeine cache in production.You can switch to using Caffeine cache, by adding it and org.springframework.cache.caffeine.CaffeineCacheManager to the classpath.
2026-05-25 19:26:35 [main] [txId=] INFO  o.s.c.n.eureka.InstanceInfoFactory - Setting initial instance status as: STARTING
2026-05-25 19:26:35 [main] [txId=] INFO  c.netflix.discovery.DiscoveryClient - Initializing Eureka in region us-east-1
2026-05-25 19:26:35 [main] [txId=] INFO  c.n.d.s.r.aws.ConfigClusterResolver - Resolving eureka endpoints via configuration
2026-05-25 19:26:35 [main] [txId=] INFO  c.netflix.discovery.DiscoveryClient - Disable delta property : false
2026-05-25 19:26:35 [main] [txId=] INFO  c.netflix.discovery.DiscoveryClient - Single vip registry refresh property : null
2026-05-25 19:26:35 [main] [txId=] INFO  c.netflix.discovery.DiscoveryClient - Force full registry fetch : false
2026-05-25 19:26:35 [main] [txId=] INFO  c.netflix.discovery.DiscoveryClient - Application is null : false
2026-05-25 19:26:35 [main] [txId=] INFO  c.netflix.discovery.DiscoveryClient - Registered Applications size is zero : true
2026-05-25 19:26:35 [main] [txId=] INFO  c.netflix.discovery.DiscoveryClient - Application version is -1: true
2026-05-25 19:26:35 [main] [txId=] INFO  c.netflix.discovery.DiscoveryClient - Getting all instance registry info from the eureka server
2026-05-25 19:26:35 [main] [txId=] INFO  c.netflix.discovery.DiscoveryClient - The response status is 200
2026-05-25 19:26:35 [main] [txId=] INFO  c.netflix.discovery.DiscoveryClient - Starting heartbeat executor: renew interval is: 30
2026-05-25 19:26:35 [main] [txId=] INFO  c.n.discovery.InstanceInfoReplicator - InstanceInfoReplicator onDemand update allowed rate per min is 4
2026-05-25 19:26:35 [main] [txId=] INFO  c.netflix.discovery.DiscoveryClient - Discovery Client initialized at timestamp 1779722795436 with initial instances count: 1
2026-05-25 19:26:35 [main] [txId=] INFO  o.s.c.n.e.s.EurekaServiceRegistry - Registering application TRAINER-WORKLOAD-SERVICE with eureka with status UP
2026-05-25 19:26:35 [main] [txId=] INFO  c.netflix.discovery.DiscoveryClient - Saw local status change event StatusChangeEvent [timestamp=1779722795437, current=UP, previous=STARTING]
2026-05-25 19:26:35 [DiscoveryClient-InstanceInfoReplicator-0] [txId=] INFO  c.netflix.discovery.DiscoveryClient - DiscoveryClient_TRAINER-WORKLOAD-SERVICE/192.168.18.151:trainer-workload-service:8081: registering service...
2026-05-25 19:26:35 [main] [txId=] INFO  o.a.coyote.http11.Http11NioProtocol - Starting ProtocolHandler ["http-nio-8081"]
2026-05-25 19:26:35 [main] [txId=] INFO  o.s.b.w.e.tomcat.TomcatWebServer - Tomcat started on port 8081 (http) with context path ''
2026-05-25 19:26:35 [main] [txId=] INFO  o.s.c.n.e.s.EurekaAutoServiceRegistration - Updating port to 8081
2026-05-25 19:26:35 [DiscoveryClient-InstanceInfoReplicator-0] [txId=] INFO  c.netflix.discovery.DiscoveryClient - DiscoveryClient_TRAINER-WORKLOAD-SERVICE/192.168.18.151:trainer-workload-service:8081 - registration status: 204
2026-05-25 19:26:35 [main] [txId=] INFO  c.e.w.TrainerWorkloadApplication - Started TrainerWorkloadApplication in 1.571 seconds (process running for 1.672)
2026-05-25 19:27:36 [SpringApplicationShutdownHook] [txId=] INFO  o.s.c.n.e.s.EurekaServiceRegistry - Unregistering application TRAINER-WORKLOAD-SERVICE with eureka with status DOWN
2026-05-25 19:27:36 [SpringApplicationShutdownHook] [txId=] INFO  c.netflix.discovery.DiscoveryClient - Saw local status change event StatusChangeEvent [timestamp=1779722856344, current=DOWN, previous=UP]
2026-05-25 19:27:36 [DiscoveryClient-InstanceInfoReplicator-0] [txId=] INFO  c.netflix.discovery.DiscoveryClient - DiscoveryClient_TRAINER-WORKLOAD-SERVICE/192.168.18.151:trainer-workload-service:8081: registering service...
2026-05-25 19:27:36 [DiscoveryClient-InstanceInfoReplicator-0] [txId=] INFO  c.netflix.discovery.DiscoveryClient - DiscoveryClient_TRAINER-WORKLOAD-SERVICE/192.168.18.151:trainer-workload-service:8081 - registration status: 204
2026-05-25 19:27:36 [SpringApplicationShutdownHook] [txId=] INFO  c.netflix.discovery.DiscoveryClient - Shutting down DiscoveryClient ...
2026-05-25 19:27:39 [SpringApplicationShutdownHook] [txId=] INFO  c.netflix.discovery.DiscoveryClient - Unregistering ...
2026-05-25 19:27:39 [SpringApplicationShutdownHook] [txId=] INFO  c.n.d.s.t.d.RedirectingEurekaHttpClient - Request execution error. endpoint=DefaultEndpoint{ serviceUrl='http://localhost:8761/eureka/} exception=I/O error on DELETE request for "http://localhost:8761/eureka/apps/TRAINER-WORKLOAD-SERVICE/192.168.18.151:trainer-workload-service:8081": Connect to http://localhost:8761 [localhost/127.0.0.1, localhost/0:0:0:0:0:0:0:1] failed: Connection refused stacktrace=org.springframework.web.client.ResourceAccessException: I/O error on DELETE request for "http://localhost:8761/eureka/apps/TRAINER-WORKLOAD-SERVICE/192.168.18.151:trainer-workload-service:8081": Connect to http://localhost:8761 [localhost/127.0.0.1, localhost/0:0:0:0:0:0:0:1] failed: Connection refused
	at org.springframework.web.client.RestTemplate.createResourceAccessException(RestTemplate.java:905)
	at org.springframework.web.client.RestTemplate.doExecute(RestTemplate.java:885)
	at org.springframework.web.client.RestTemplate.execute(RestTemplate.java:781)
	at org.springframework.web.client.RestTemplate.exchange(RestTemplate.java:663)
	at org.springframework.cloud.netflix.eureka.http.RestTemplateEurekaHttpClient.cancel(RestTemplateEurekaHttpClient.java:87)
	at com.netflix.discovery.shared.transport.decorator.EurekaHttpClientDecorator$2.execute(EurekaHttpClientDecorator.java:74)
	at com.netflix.discovery.shared.transport.decorator.RedirectingEurekaHttpClient.execute(RedirectingEurekaHttpClient.java:91)
	at com.netflix.discovery.shared.transport.decorator.EurekaHttpClientDecorator.cancel(EurekaHttpClientDecorator.java:71)
	at com.netflix.discovery.shared.transport.decorator.EurekaHttpClientDecorator$2.execute(EurekaHttpClientDecorator.java:74)
	at com.netflix.discovery.shared.transport.decorator.RetryableEurekaHttpClient.execute(RetryableEurekaHttpClient.java:120)
	at com.netflix.discovery.shared.transport.decorator.EurekaHttpClientDecorator.cancel(EurekaHttpClientDecorator.java:71)
	at com.netflix.discovery.shared.transport.decorator.EurekaHttpClientDecorator$2.execute(EurekaHttpClientDecorator.java:74)
	at com.netflix.discovery.shared.transport.decorator.SessionedEurekaHttpClient.execute(SessionedEurekaHttpClient.java:77)
	at com.netflix.discovery.shared.transport.decorator.EurekaHttpClientDecorator.cancel(EurekaHttpClientDecorator.java:71)
	at com.netflix.discovery.DiscoveryClient.unregister(DiscoveryClient.java:916)
	at com.netflix.discovery.DiscoveryClient.shutdown(DiscoveryClient.java:892)
	at java.base/jdk.internal.reflect.NativeMethodAccessorImpl.invoke0(Native Method)
	at java.base/jdk.internal.reflect.NativeMethodAccessorImpl.invoke(NativeMethodAccessorImpl.java:77)
	at java.base/jdk.internal.reflect.DelegatingMethodAccessorImpl.invoke(DelegatingMethodAccessorImpl.java:43)
	at java.base/java.lang.reflect.Method.invoke(Method.java:569)
	at org.springframework.beans.factory.annotation.InitDestroyAnnotationBeanPostProcessor$LifecycleMethod.invoke(InitDestroyAnnotationBeanPostProcessor.java:457)
	at org.springframework.beans.factory.annotation.InitDestroyAnnotationBeanPostProcessor$LifecycleMetadata.invokeDestroyMethods(InitDestroyAnnotationBeanPostProcessor.java:415)
	at org.springframework.beans.factory.annotation.InitDestroyAnnotationBeanPostProcessor.postProcessBeforeDestruction(InitDestroyAnnotationBeanPostProcessor.java:239)
	at org.springframework.beans.factory.support.DisposableBeanAdapter.destroy(DisposableBeanAdapter.java:202)
	at org.springframework.beans.factory.support.DisposableBeanAdapter.run(DisposableBeanAdapter.java:195)
	at org.springframework.cloud.context.scope.GenericScope$BeanLifecycleWrapper.destroy(GenericScope.java:389)
	at org.springframework.cloud.context.scope.GenericScope.destroy(GenericScope.java:136)
	at org.springframework.beans.factory.support.DisposableBeanAdapter.destroy(DisposableBeanAdapter.java:211)
	at org.springframework.beans.factory.support.DefaultSingletonBeanRegistry.destroyBean(DefaultSingletonBeanRegistry.java:587)
	at org.springframework.beans.factory.support.DefaultSingletonBeanRegistry.destroySingleton(DefaultSingletonBeanRegistry.java:559)
	at org.springframework.beans.factory.support.DefaultListableBeanFactory.destroySingleton(DefaultListableBeanFactory.java:1200)
	at org.springframework.beans.factory.support.DefaultSingletonBeanRegistry.destroySingletons(DefaultSingletonBeanRegistry.java:520)
	at org.springframework.beans.factory.support.DefaultListableBeanFactory.destroySingletons(DefaultListableBeanFactory.java:1193)
	at org.springframework.context.support.AbstractApplicationContext.destroyBeans(AbstractApplicationContext.java:1125)
	at org.springframework.context.support.AbstractApplicationContext.doClose(AbstractApplicationContext.java:1086)
	at org.springframework.boot.web.servlet.context.ServletWebServerApplicationContext.doClose(ServletWebServerApplicationContext.java:174)
	at org.springframework.context.support.AbstractApplicationContext.close(AbstractApplicationContext.java:1037)
	at org.springframework.boot.SpringApplicationShutdownHook.closeAndWait(SpringApplicationShutdownHook.java:145)
	at java.base/java.lang.Iterable.forEach(Iterable.java:75)
	at org.springframework.boot.SpringApplicationShutdownHook.run(SpringApplicationShutdownHook.java:114)
	at java.base/java.lang.Thread.run(Thread.java:840)
Caused by: org.apache.hc.client5.http.HttpHostConnectException: Connect to http://localhost:8761 [localhost/127.0.0.1, localhost/0:0:0:0:0:0:0:1] failed: Connection refused
	at java.base/sun.nio.ch.Net.pollConnect(Native Method)
	at java.base/sun.nio.ch.Net.pollConnectNow(Net.java:684)
	at java.base/sun.nio.ch.NioSocketImpl.timedFinishConnect(NioSocketImpl.java:554)
	at java.base/sun.nio.ch.NioSocketImpl.connect(NioSocketImpl.java:602)
	at java.base/java.net.SocksSocketImpl.connect(SocksSocketImpl.java:327)
	at java.base/java.net.Socket.connect(Socket.java:633)
	at org.apache.hc.client5.http.socket.PlainConnectionSocketFactory.lambda$connectSocket$0(PlainConnectionSocketFactory.java:85)
	at java.base/java.security.AccessController.doPrivileged(AccessController.java:569)
	at org.apache.hc.client5.http.socket.PlainConnectionSocketFactory.connectSocket(PlainConnectionSocketFactory.java:84)
	at org.apache.hc.client5.http.socket.ConnectionSocketFactory.connectSocket(ConnectionSocketFactory.java:113)
	at org.apache.hc.client5.http.impl.io.DefaultHttpClientConnectionOperator.connect(DefaultHttpClientConnectionOperator.java:181)
	at org.apache.hc.client5.http.impl.io.PoolingHttpClientConnectionManager.connect(PoolingHttpClientConnectionManager.java:447)
	at org.apache.hc.client5.http.impl.classic.InternalExecRuntime.connectEndpoint(InternalExecRuntime.java:162)
	at org.apache.hc.client5.http.impl.classic.InternalExecRuntime.connectEndpoint(InternalExecRuntime.java:172)
	at org.apache.hc.client5.http.impl.classic.ConnectExec.execute(ConnectExec.java:142)
	at org.apache.hc.client5.http.impl.classic.ExecChainElement.execute(ExecChainElement.java:51)
	at org.apache.hc.client5.http.impl.classic.ProtocolExec.execute(ProtocolExec.java:192)
	at org.apache.hc.client5.http.impl.classic.ExecChainElement.execute(ExecChainElement.java:51)
	at org.apache.hc.client5.http.impl.classic.HttpRequestRetryExec.execute(HttpRequestRetryExec.java:96)
	at org.apache.hc.client5.http.impl.classic.ExecChainElement.execute(ExecChainElement.java:51)
	at org.apache.hc.client5.http.impl.classic.ContentCompressionExec.execute(ContentCompressionExec.java:152)
	at org.apache.hc.client5.http.impl.classic.ExecChainElement.execute(ExecChainElement.java:51)
	at org.apache.hc.client5.http.impl.classic.RedirectExec.execute(RedirectExec.java:115)
	at org.apache.hc.client5.http.impl.classic.ExecChainElement.execute(ExecChainElement.java:51)
	at org.apache.hc.client5.http.impl.classic.InternalHttpClient.doExecute(InternalHttpClient.java:170)
	at org.apache.hc.client5.http.impl.classic.CloseableHttpClient.execute(CloseableHttpClient.java:87)
	at org.apache.hc.client5.http.impl.classic.CloseableHttpClient.execute(CloseableHttpClient.java:55)
	at org.apache.hc.client5.http.classic.HttpClient.executeOpen(HttpClient.java:183)
	at org.springframework.http.client.HttpComponentsClientHttpRequest.executeInternal(HttpComponentsClientHttpRequest.java:95)
	at org.springframework.http.client.AbstractStreamingClientHttpRequest.executeInternal(AbstractStreamingClientHttpRequest.java:70)
	at org.springframework.http.client.AbstractClientHttpRequest.execute(AbstractClientHttpRequest.java:66)
	at org.springframework.http.client.InterceptingClientHttpRequest$InterceptingRequestExecution.execute(InterceptingClientHttpRequest.java:101)
	at org.springframework.cloud.netflix.eureka.http.RestTemplateTransportClientFactory.lambda$restTemplate$0(RestTemplateTransportClientFactory.java:143)
	at org.springframework.http.client.InterceptingClientHttpRequest$InterceptingRequestExecution.execute(InterceptingClientHttpRequest.java:87)
	at org.springframework.http.client.InterceptingClientHttpRequest.executeInternal(InterceptingClientHttpRequest.java:71)
	at org.springframework.http.client.AbstractBufferingClientHttpRequest.executeInternal(AbstractBufferingClientHttpRequest.java:48)
	at org.springframework.http.client.AbstractClientHttpRequest.execute(AbstractClientHttpRequest.java:66)
	at org.springframework.web.client.RestTemplate.doExecute(RestTemplate.java:879)
	... 39 more

2026-05-25 19:27:39 [SpringApplicationShutdownHook] [txId=] WARN  c.n.d.s.t.d.RetryableEurekaHttpClient - Request execution failed with message: I/O error on DELETE request for "http://localhost:8761/eureka/apps/TRAINER-WORKLOAD-SERVICE/192.168.18.151:trainer-workload-service:8081": Connect to http://localhost:8761 [localhost/127.0.0.1, localhost/0:0:0:0:0:0:0:1] failed: Connection refused
2026-05-25 19:27:39 [SpringApplicationShutdownHook] [txId=] INFO  c.n.d.s.t.d.RedirectingEurekaHttpClient - Request execution error. endpoint=DefaultEndpoint{ serviceUrl='http://localhost:8761/eureka/}, exception=I/O error on DELETE request for "http://localhost:8761/eureka/apps/TRAINER-WORKLOAD-SERVICE/192.168.18.151:trainer-workload-service:8081": Connect to http://localhost:8761 [localhost/127.0.0.1, localhost/0:0:0:0:0:0:0:1] failed: Connection refused stacktrace=org.springframework.web.client.ResourceAccessException: I/O error on DELETE request for "http://localhost:8761/eureka/apps/TRAINER-WORKLOAD-SERVICE/192.168.18.151:trainer-workload-service:8081": Connect to http://localhost:8761 [localhost/127.0.0.1, localhost/0:0:0:0:0:0:0:1] failed: Connection refused
	at org.springframework.web.client.RestTemplate.createResourceAccessException(RestTemplate.java:905)
	at org.springframework.web.client.RestTemplate.doExecute(RestTemplate.java:885)
	at org.springframework.web.client.RestTemplate.execute(RestTemplate.java:781)
	at org.springframework.web.client.RestTemplate.exchange(RestTemplate.java:663)
	at org.springframework.cloud.netflix.eureka.http.RestTemplateEurekaHttpClient.cancel(RestTemplateEurekaHttpClient.java:87)
	at com.netflix.discovery.shared.transport.decorator.EurekaHttpClientDecorator$2.execute(EurekaHttpClientDecorator.java:74)
	at com.netflix.discovery.shared.transport.decorator.RedirectingEurekaHttpClient.executeOnNewServer(RedirectingEurekaHttpClient.java:121)
	at com.netflix.discovery.shared.transport.decorator.RedirectingEurekaHttpClient.execute(RedirectingEurekaHttpClient.java:80)
	at com.netflix.discovery.shared.transport.decorator.EurekaHttpClientDecorator.cancel(EurekaHttpClientDecorator.java:71)
	at com.netflix.discovery.shared.transport.decorator.EurekaHttpClientDecorator$2.execute(EurekaHttpClientDecorator.java:74)
	at com.netflix.discovery.shared.transport.decorator.RetryableEurekaHttpClient.execute(RetryableEurekaHttpClient.java:120)
	at com.netflix.discovery.shared.transport.decorator.EurekaHttpClientDecorator.cancel(EurekaHttpClientDecorator.java:71)
	at com.netflix.discovery.shared.transport.decorator.EurekaHttpClientDecorator$2.execute(EurekaHttpClientDecorator.java:74)
	at com.netflix.discovery.shared.transport.decorator.SessionedEurekaHttpClient.execute(SessionedEurekaHttpClient.java:77)
	at com.netflix.discovery.shared.transport.decorator.EurekaHttpClientDecorator.cancel(EurekaHttpClientDecorator.java:71)
	at com.netflix.discovery.DiscoveryClient.unregister(DiscoveryClient.java:916)
	at com.netflix.discovery.DiscoveryClient.shutdown(DiscoveryClient.java:892)
	at java.base/jdk.internal.reflect.NativeMethodAccessorImpl.invoke0(Native Method)
	at java.base/jdk.internal.reflect.NativeMethodAccessorImpl.invoke(NativeMethodAccessorImpl.java:77)
	at java.base/jdk.internal.reflect.DelegatingMethodAccessorImpl.invoke(DelegatingMethodAccessorImpl.java:43)
	at java.base/java.lang.reflect.Method.invoke(Method.java:569)
	at org.springframework.beans.factory.annotation.InitDestroyAnnotationBeanPostProcessor$LifecycleMethod.invoke(InitDestroyAnnotationBeanPostProcessor.java:457)
	at org.springframework.beans.factory.annotation.InitDestroyAnnotationBeanPostProcessor$LifecycleMetadata.invokeDestroyMethods(InitDestroyAnnotationBeanPostProcessor.java:415)
	at org.springframework.beans.factory.annotation.InitDestroyAnnotationBeanPostProcessor.postProcessBeforeDestruction(InitDestroyAnnotationBeanPostProcessor.java:239)
	at org.springframework.beans.factory.support.DisposableBeanAdapter.destroy(DisposableBeanAdapter.java:202)
	at org.springframework.beans.factory.support.DisposableBeanAdapter.run(DisposableBeanAdapter.java:195)
	at org.springframework.cloud.context.scope.GenericScope$BeanLifecycleWrapper.destroy(GenericScope.java:389)
	at org.springframework.cloud.context.scope.GenericScope.destroy(GenericScope.java:136)
	at org.springframework.beans.factory.support.DisposableBeanAdapter.destroy(DisposableBeanAdapter.java:211)
	at org.springframework.beans.factory.support.DefaultSingletonBeanRegistry.destroyBean(DefaultSingletonBeanRegistry.java:587)
	at org.springframework.beans.factory.support.DefaultSingletonBeanRegistry.destroySingleton(DefaultSingletonBeanRegistry.java:559)
	at org.springframework.beans.factory.support.DefaultListableBeanFactory.destroySingleton(DefaultListableBeanFactory.java:1200)
	at org.springframework.beans.factory.support.DefaultSingletonBeanRegistry.destroySingletons(DefaultSingletonBeanRegistry.java:520)
	at org.springframework.beans.factory.support.DefaultListableBeanFactory.destroySingletons(DefaultListableBeanFactory.java:1193)
	at org.springframework.context.support.AbstractApplicationContext.destroyBeans(AbstractApplicationContext.java:1125)
	at org.springframework.context.support.AbstractApplicationContext.doClose(AbstractApplicationContext.java:1086)
	at org.springframework.boot.web.servlet.context.ServletWebServerApplicationContext.doClose(ServletWebServerApplicationContext.java:174)
	at org.springframework.context.support.AbstractApplicationContext.close(AbstractApplicationContext.java:1037)
	at org.springframework.boot.SpringApplicationShutdownHook.closeAndWait(SpringApplicationShutdownHook.java:145)
	at java.base/java.lang.Iterable.forEach(Iterable.java:75)
	at org.springframework.boot.SpringApplicationShutdownHook.run(SpringApplicationShutdownHook.java:114)
	at java.base/java.lang.Thread.run(Thread.java:840)
Caused by: org.apache.hc.client5.http.HttpHostConnectException: Connect to http://localhost:8761 [localhost/127.0.0.1, localhost/0:0:0:0:0:0:0:1] failed: Connection refused
	at java.base/sun.nio.ch.Net.pollConnect(Native Method)
	at java.base/sun.nio.ch.Net.pollConnectNow(Net.java:684)
	at java.base/sun.nio.ch.NioSocketImpl.timedFinishConnect(NioSocketImpl.java:554)
	at java.base/sun.nio.ch.NioSocketImpl.connect(NioSocketImpl.java:602)
	at java.base/java.net.SocksSocketImpl.connect(SocksSocketImpl.java:327)
	at java.base/java.net.Socket.connect(Socket.java:633)
	at org.apache.hc.client5.http.socket.PlainConnectionSocketFactory.lambda$connectSocket$0(PlainConnectionSocketFactory.java:85)
	at java.base/java.security.AccessController.doPrivileged(AccessController.java:569)
	at org.apache.hc.client5.http.socket.PlainConnectionSocketFactory.connectSocket(PlainConnectionSocketFactory.java:84)
	at org.apache.hc.client5.http.socket.ConnectionSocketFactory.connectSocket(ConnectionSocketFactory.java:113)
	at org.apache.hc.client5.http.impl.io.DefaultHttpClientConnectionOperator.connect(DefaultHttpClientConnectionOperator.java:181)
	at org.apache.hc.client5.http.impl.io.PoolingHttpClientConnectionManager.connect(PoolingHttpClientConnectionManager.java:447)
	at org.apache.hc.client5.http.impl.classic.InternalExecRuntime.connectEndpoint(InternalExecRuntime.java:162)
	at org.apache.hc.client5.http.impl.classic.InternalExecRuntime.connectEndpoint(InternalExecRuntime.java:172)
	at org.apache.hc.client5.http.impl.classic.ConnectExec.execute(ConnectExec.java:142)
	at org.apache.hc.client5.http.impl.classic.ExecChainElement.execute(ExecChainElement.java:51)
	at org.apache.hc.client5.http.impl.classic.ProtocolExec.execute(ProtocolExec.java:192)
	at org.apache.hc.client5.http.impl.classic.ExecChainElement.execute(ExecChainElement.java:51)
	at org.apache.hc.client5.http.impl.classic.HttpRequestRetryExec.execute(HttpRequestRetryExec.java:96)
	at org.apache.hc.client5.http.impl.classic.ExecChainElement.execute(ExecChainElement.java:51)
	at org.apache.hc.client5.http.impl.classic.ContentCompressionExec.execute(ContentCompressionExec.java:152)
	at org.apache.hc.client5.http.impl.classic.ExecChainElement.execute(ExecChainElement.java:51)
	at org.apache.hc.client5.http.impl.classic.RedirectExec.execute(RedirectExec.java:115)
	at org.apache.hc.client5.http.impl.classic.ExecChainElement.execute(ExecChainElement.java:51)
	at org.apache.hc.client5.http.impl.classic.InternalHttpClient.doExecute(InternalHttpClient.java:170)
	at org.apache.hc.client5.http.impl.classic.CloseableHttpClient.execute(CloseableHttpClient.java:87)
	at org.apache.hc.client5.http.impl.classic.CloseableHttpClient.execute(CloseableHttpClient.java:55)
	at org.apache.hc.client5.http.classic.HttpClient.executeOpen(HttpClient.java:183)
	at org.springframework.http.client.HttpComponentsClientHttpRequest.executeInternal(HttpComponentsClientHttpRequest.java:95)
	at org.springframework.http.client.AbstractStreamingClientHttpRequest.executeInternal(AbstractStreamingClientHttpRequest.java:70)
	at org.springframework.http.client.AbstractClientHttpRequest.execute(AbstractClientHttpRequest.java:66)
	at org.springframework.http.client.InterceptingClientHttpRequest$InterceptingRequestExecution.execute(InterceptingClientHttpRequest.java:101)
	at org.springframework.cloud.netflix.eureka.http.RestTemplateTransportClientFactory.lambda$restTemplate$0(RestTemplateTransportClientFactory.java:143)
	at org.springframework.http.client.InterceptingClientHttpRequest$InterceptingRequestExecution.execute(InterceptingClientHttpRequest.java:87)
	at org.springframework.http.client.InterceptingClientHttpRequest.executeInternal(InterceptingClientHttpRequest.java:71)
	at org.springframework.http.client.AbstractBufferingClientHttpRequest.executeInternal(AbstractBufferingClientHttpRequest.java:48)
	at org.springframework.http.client.AbstractClientHttpRequest.execute(AbstractClientHttpRequest.java:66)
	at org.springframework.web.client.RestTemplate.doExecute(RestTemplate.java:879)
	... 40 more

2026-05-25 19:27:39 [SpringApplicationShutdownHook] [txId=] WARN  c.n.d.s.t.d.RetryableEurekaHttpClient - Request execution failed with message: I/O error on DELETE request for "http://localhost:8761/eureka/apps/TRAINER-WORKLOAD-SERVICE/192.168.18.151:trainer-workload-service:8081": Connect to http://localhost:8761 [localhost/127.0.0.1, localhost/0:0:0:0:0:0:0:1] failed: Connection refused
2026-05-25 19:27:39 [SpringApplicationShutdownHook] [txId=] ERROR c.netflix.discovery.DiscoveryClient - DiscoveryClient_TRAINER-WORKLOAD-SERVICE/192.168.18.151:trainer-workload-service:8081 - de-registration failedCannot execute request on any known server
com.netflix.discovery.shared.transport.TransportException: Cannot execute request on any known server
	at com.netflix.discovery.shared.transport.decorator.RetryableEurekaHttpClient.execute(RetryableEurekaHttpClient.java:112)
	at com.netflix.discovery.shared.transport.decorator.EurekaHttpClientDecorator.cancel(EurekaHttpClientDecorator.java:71)
	at com.netflix.discovery.shared.transport.decorator.EurekaHttpClientDecorator$2.execute(EurekaHttpClientDecorator.java:74)
	at com.netflix.discovery.shared.transport.decorator.SessionedEurekaHttpClient.execute(SessionedEurekaHttpClient.java:77)
	at com.netflix.discovery.shared.transport.decorator.EurekaHttpClientDecorator.cancel(EurekaHttpClientDecorator.java:71)
	at com.netflix.discovery.DiscoveryClient.unregister(DiscoveryClient.java:916)
	at com.netflix.discovery.DiscoveryClient.shutdown(DiscoveryClient.java:892)
	at java.base/jdk.internal.reflect.NativeMethodAccessorImpl.invoke0(Native Method)
	at java.base/jdk.internal.reflect.NativeMethodAccessorImpl.invoke(NativeMethodAccessorImpl.java:77)
	at java.base/jdk.internal.reflect.DelegatingMethodAccessorImpl.invoke(DelegatingMethodAccessorImpl.java:43)
	at java.base/java.lang.reflect.Method.invoke(Method.java:569)
	at org.springframework.beans.factory.annotation.InitDestroyAnnotationBeanPostProcessor$LifecycleMethod.invoke(InitDestroyAnnotationBeanPostProcessor.java:457)
	at org.springframework.beans.factory.annotation.InitDestroyAnnotationBeanPostProcessor$LifecycleMetadata.invokeDestroyMethods(InitDestroyAnnotationBeanPostProcessor.java:415)
	at org.springframework.beans.factory.annotation.InitDestroyAnnotationBeanPostProcessor.postProcessBeforeDestruction(InitDestroyAnnotationBeanPostProcessor.java:239)
	at org.springframework.beans.factory.support.DisposableBeanAdapter.destroy(DisposableBeanAdapter.java:202)
	at org.springframework.beans.factory.support.DisposableBeanAdapter.run(DisposableBeanAdapter.java:195)
	at org.springframework.cloud.context.scope.GenericScope$BeanLifecycleWrapper.destroy(GenericScope.java:389)
	at org.springframework.cloud.context.scope.GenericScope.destroy(GenericScope.java:136)
	at org.springframework.beans.factory.support.DisposableBeanAdapter.destroy(DisposableBeanAdapter.java:211)
	at org.springframework.beans.factory.support.DefaultSingletonBeanRegistry.destroyBean(DefaultSingletonBeanRegistry.java:587)
	at org.springframework.beans.factory.support.DefaultSingletonBeanRegistry.destroySingleton(DefaultSingletonBeanRegistry.java:559)
	at org.springframework.beans.factory.support.DefaultListableBeanFactory.destroySingleton(DefaultListableBeanFactory.java:1200)
	at org.springframework.beans.factory.support.DefaultSingletonBeanRegistry.destroySingletons(DefaultSingletonBeanRegistry.java:520)
	at org.springframework.beans.factory.support.DefaultListableBeanFactory.destroySingletons(DefaultListableBeanFactory.java:1193)
	at org.springframework.context.support.AbstractApplicationContext.destroyBeans(AbstractApplicationContext.java:1125)
	at org.springframework.context.support.AbstractApplicationContext.doClose(AbstractApplicationContext.java:1086)
	at org.springframework.boot.web.servlet.context.ServletWebServerApplicationContext.doClose(ServletWebServerApplicationContext.java:174)
	at org.springframework.context.support.AbstractApplicationContext.close(AbstractApplicationContext.java:1037)
	at org.springframework.boot.SpringApplicationShutdownHook.closeAndWait(SpringApplicationShutdownHook.java:145)
	at java.base/java.lang.Iterable.forEach(Iterable.java:75)
	at org.springframework.boot.SpringApplicationShutdownHook.run(SpringApplicationShutdownHook.java:114)
	at java.base/java.lang.Thread.run(Thread.java:840)
2026-05-25 19:27:39 [SpringApplicationShutdownHook] [txId=] INFO  c.netflix.discovery.DiscoveryClient - Completed shut down of DiscoveryClient
2026-05-25 19:28:58 [main] [txId=] INFO  c.e.w.TrainerWorkloadApplication - Starting TrainerWorkloadApplication using Java 17.0.18 with PID 21917 (/Users/mariagevorgyan/Documents/Epam_Task1_Spring/trainer-workload-service/target/classes started by mariagevorgyan in /Users/mariagevorgyan/Documents/Epam_Task1_Spring/trainer-workload-service)
2026-05-25 19:28:58 [main] [txId=] DEBUG c.e.w.TrainerWorkloadApplication - Running with Spring Boot v3.2.0, Spring v6.1.1
2026-05-25 19:28:58 [main] [txId=] INFO  c.e.w.TrainerWorkloadApplication - No active profile set, falling back to 1 default profile: "default"
2026-05-25 19:28:59 [main] [txId=] INFO  o.s.cloud.context.scope.GenericScope - BeanFactory id=b44c9ad6-fa87-3038-b78f-4eb651794c00
2026-05-25 19:28:59 [main] [txId=] WARN  o.s.c.s.PostProcessorRegistrationDelegate$BeanPostProcessorChecker - Bean 'org.springframework.cloud.client.loadbalancer.LoadBalancerAutoConfiguration$LoadBalancerInterceptorConfig' of type [org.springframework.cloud.client.loadbalancer.LoadBalancerAutoConfiguration$LoadBalancerInterceptorConfig] is not eligible for getting processed by all BeanPostProcessors (for example: not eligible for auto-proxying). The currently created BeanPostProcessor [lbRestClientPostProcessor] is declared through a non-static factory method on that class; consider declaring it as static instead.
2026-05-25 19:28:59 [main] [txId=] WARN  o.s.c.s.PostProcessorRegistrationDelegate$BeanPostProcessorChecker - Bean 'org.springframework.cloud.loadbalancer.config.BlockingLoadBalancerClientAutoConfiguration' of type [org.springframework.cloud.loadbalancer.config.BlockingLoadBalancerClientAutoConfiguration] is not eligible for getting processed by all BeanPostProcessors (for example: not eligible for auto-proxying). Is this bean getting eagerly injected into a currently created BeanPostProcessor [lbRestClientPostProcessor]? Check the corresponding BeanPostProcessor declaration and its dependencies.
2026-05-25 19:28:59 [main] [txId=] WARN  o.s.c.s.PostProcessorRegistrationDelegate$BeanPostProcessorChecker - Bean 'org.springframework.cloud.loadbalancer.config.LoadBalancerAutoConfiguration' of type [org.springframework.cloud.loadbalancer.config.LoadBalancerAutoConfiguration] is not eligible for getting processed by all BeanPostProcessors (for example: not eligible for auto-proxying). Is this bean getting eagerly injected into a currently created BeanPostProcessor [lbRestClientPostProcessor]? Check the corresponding BeanPostProcessor declaration and its dependencies.
2026-05-25 19:28:59 [main] [txId=] WARN  o.s.c.s.PostProcessorRegistrationDelegate$BeanPostProcessorChecker - Bean 'org.springframework.cloud.commons.config.CommonsConfigAutoConfiguration' of type [org.springframework.cloud.commons.config.CommonsConfigAutoConfiguration] is not eligible for getting processed by all BeanPostProcessors (for example: not eligible for auto-proxying). Is this bean getting eagerly injected into a currently created BeanPostProcessor [lbRestClientPostProcessor]? Check the corresponding BeanPostProcessor declaration and its dependencies.
2026-05-25 19:28:59 [main] [txId=] WARN  o.s.c.s.PostProcessorRegistrationDelegate$BeanPostProcessorChecker - Bean 'org.springframework.cloud.client.loadbalancer.LoadBalancerDefaultMappingsProviderAutoConfiguration' of type [org.springframework.cloud.client.loadbalancer.LoadBalancerDefaultMappingsProviderAutoConfiguration] is not eligible for getting processed by all BeanPostProcessors (for example: not eligible for auto-proxying). Is this bean getting eagerly injected into a currently created BeanPostProcessor [lbRestClientPostProcessor]? Check the corresponding BeanPostProcessor declaration and its dependencies.
2026-05-25 19:28:59 [main] [txId=] WARN  o.s.c.s.PostProcessorRegistrationDelegate$BeanPostProcessorChecker - Bean 'loadBalancerClientsDefaultsMappingsProvider' of type [org.springframework.cloud.client.loadbalancer.LoadBalancerDefaultMappingsProviderAutoConfiguration$$Lambda$549/0x0000007801376c80] is not eligible for getting processed by all BeanPostProcessors (for example: not eligible for auto-proxying). Is this bean getting eagerly injected into a currently created BeanPostProcessor [lbRestClientPostProcessor]? Check the corresponding BeanPostProcessor declaration and its dependencies.
2026-05-25 19:28:59 [main] [txId=] WARN  o.s.c.s.PostProcessorRegistrationDelegate$BeanPostProcessorChecker - Bean 'defaultsBindHandlerAdvisor' of type [org.springframework.cloud.commons.config.DefaultsBindHandlerAdvisor] is not eligible for getting processed by all BeanPostProcessors (for example: not eligible for auto-proxying). Is this bean getting eagerly injected into a currently created BeanPostProcessor [lbRestClientPostProcessor]? Check the corresponding BeanPostProcessor declaration and its dependencies.
2026-05-25 19:28:59 [main] [txId=] WARN  o.s.c.s.PostProcessorRegistrationDelegate$BeanPostProcessorChecker - Bean 'spring.cloud.loadbalancer-org.springframework.cloud.client.loadbalancer.LoadBalancerClientsProperties' of type [org.springframework.cloud.client.loadbalancer.LoadBalancerClientsProperties] is not eligible for getting processed by all BeanPostProcessors (for example: not eligible for auto-proxying). Is this bean getting eagerly injected into a currently created BeanPostProcessor [lbRestClientPostProcessor]? Check the corresponding BeanPostProcessor declaration and its dependencies.
2026-05-25 19:28:59 [main] [txId=] WARN  o.s.c.s.PostProcessorRegistrationDelegate$BeanPostProcessorChecker - Bean 'default.org.springframework.cloud.loadbalancer.config.LoadBalancerAutoConfiguration.LoadBalancerClientSpecification' of type [org.springframework.cloud.loadbalancer.annotation.LoadBalancerClientSpecification] is not eligible for getting processed by all BeanPostProcessors (for example: not eligible for auto-proxying). Is this bean getting eagerly injected into a currently created BeanPostProcessor [lbRestClientPostProcessor]? Check the corresponding BeanPostProcessor declaration and its dependencies.
2026-05-25 19:28:59 [main] [txId=] WARN  o.s.c.s.PostProcessorRegistrationDelegate$BeanPostProcessorChecker - Bean 'default.org.springframework.cloud.loadbalancer.config.BlockingLoadBalancerClientAutoConfiguration.LoadBalancerClientSpecification' of type [org.springframework.cloud.loadbalancer.annotation.LoadBalancerClientSpecification] is not eligible for getting processed by all BeanPostProcessors (for example: not eligible for auto-proxying). Is this bean getting eagerly injected into a currently created BeanPostProcessor [lbRestClientPostProcessor]? Check the corresponding BeanPostProcessor declaration and its dependencies.
2026-05-25 19:28:59 [main] [txId=] WARN  o.s.c.s.PostProcessorRegistrationDelegate$BeanPostProcessorChecker - Bean 'default.org.springframework.cloud.netflix.eureka.loadbalancer.LoadBalancerEurekaAutoConfiguration.LoadBalancerClientSpecification' of type [org.springframework.cloud.loadbalancer.annotation.LoadBalancerClientSpecification] is not eligible for getting processed by all BeanPostProcessors (for example: not eligible for auto-proxying). Is this bean getting eagerly injected into a currently created BeanPostProcessor [lbRestClientPostProcessor]? Check the corresponding BeanPostProcessor declaration and its dependencies.
2026-05-25 19:28:59 [main] [txId=] WARN  o.s.c.s.PostProcessorRegistrationDelegate$BeanPostProcessorChecker - Bean 'loadBalancerClientFactory' of type [org.springframework.cloud.loadbalancer.support.LoadBalancerClientFactory] is not eligible for getting processed by all BeanPostProcessors (for example: not eligible for auto-proxying). Is this bean getting eagerly injected into a currently created BeanPostProcessor [lbRestClientPostProcessor]? Check the corresponding BeanPostProcessor declaration and its dependencies.
2026-05-25 19:28:59 [main] [txId=] WARN  o.s.c.s.PostProcessorRegistrationDelegate$BeanPostProcessorChecker - Bean 'blockingLoadBalancerClient' of type [org.springframework.cloud.loadbalancer.blocking.client.BlockingLoadBalancerClient] is not eligible for getting processed by all BeanPostProcessors (for example: not eligible for auto-proxying). Is this bean getting eagerly injected into a currently created BeanPostProcessor [lbRestClientPostProcessor]? Check the corresponding BeanPostProcessor declaration and its dependencies.
2026-05-25 19:28:59 [main] [txId=] WARN  o.s.c.s.PostProcessorRegistrationDelegate$BeanPostProcessorChecker - Bean 'loadBalancerServiceInstanceCookieTransformer' of type [org.springframework.cloud.loadbalancer.core.LoadBalancerServiceInstanceCookieTransformer] is not eligible for getting processed by all BeanPostProcessors (for example: not eligible for auto-proxying). Is this bean getting eagerly injected into a currently created BeanPostProcessor [lbRestClientPostProcessor]? Check the corresponding BeanPostProcessor declaration and its dependencies.
2026-05-25 19:28:59 [main] [txId=] WARN  o.s.c.s.PostProcessorRegistrationDelegate$BeanPostProcessorChecker - Bean 'xForwarderHeadersTransformer' of type [org.springframework.cloud.loadbalancer.blocking.XForwardedHeadersTransformer] is not eligible for getting processed by all BeanPostProcessors (for example: not eligible for auto-proxying). Is this bean getting eagerly injected into a currently created BeanPostProcessor [lbRestClientPostProcessor]? Check the corresponding BeanPostProcessor declaration and its dependencies.
2026-05-25 19:28:59 [main] [txId=] WARN  o.s.c.s.PostProcessorRegistrationDelegate$BeanPostProcessorChecker - Bean 'org.springframework.cloud.client.loadbalancer.LoadBalancerAutoConfiguration' of type [org.springframework.cloud.client.loadbalancer.LoadBalancerAutoConfiguration] is not eligible for getting processed by all BeanPostProcessors (for example: not eligible for auto-proxying). Is this bean getting eagerly injected into a currently created BeanPostProcessor [lbRestClientPostProcessor]? Check the corresponding BeanPostProcessor declaration and its dependencies.
2026-05-25 19:28:59 [main] [txId=] WARN  o.s.c.s.PostProcessorRegistrationDelegate$BeanPostProcessorChecker - Bean 'loadBalancerRequestFactory' of type [org.springframework.cloud.client.loadbalancer.LoadBalancerRequestFactory] is not eligible for getting processed by all BeanPostProcessors (for example: not eligible for auto-proxying). Is this bean getting eagerly injected into a currently created BeanPostProcessor [lbRestClientPostProcessor]? Check the corresponding BeanPostProcessor declaration and its dependencies.
2026-05-25 19:28:59 [main] [txId=] WARN  o.s.c.s.PostProcessorRegistrationDelegate$BeanPostProcessorChecker - Bean 'loadBalancerInterceptor' of type [org.springframework.cloud.client.loadbalancer.LoadBalancerInterceptor] is not eligible for getting processed by all BeanPostProcessors (for example: not eligible for auto-proxying). Is this bean getting eagerly injected into a currently created BeanPostProcessor [lbRestClientPostProcessor]? Check the corresponding BeanPostProcessor declaration and its dependencies.
2026-05-25 19:28:59 [main] [txId=] INFO  o.s.b.w.e.tomcat.TomcatWebServer - Tomcat initialized with port 8081 (http)
2026-05-25 19:28:59 [main] [txId=] INFO  o.a.coyote.http11.Http11NioProtocol - Initializing ProtocolHandler ["http-nio-8081"]
2026-05-25 19:28:59 [main] [txId=] INFO  o.a.catalina.core.StandardService - Starting service [Tomcat]
2026-05-25 19:28:59 [main] [txId=] INFO  o.a.catalina.core.StandardEngine - Starting Servlet engine: [Apache Tomcat/10.1.16]
2026-05-25 19:28:59 [main] [txId=] INFO  o.a.c.c.C.[Tomcat].[localhost].[/] - Initializing Spring embedded WebApplicationContext
2026-05-25 19:28:59 [main] [txId=] INFO  o.s.b.w.s.c.ServletWebServerApplicationContext - Root WebApplicationContext: initialization completed in 381 ms
2026-05-25 19:28:59 [main] [txId=] DEBUG c.e.w.l.TransactionLoggingFilter - Filter 'transactionLoggingFilter' configured for use
2026-05-25 19:28:59 [main] [txId=] DEBUG c.e.workload.security.JwtAuthFilter - Filter 'jwtAuthFilter' configured for use
2026-05-25 19:28:59 [main] [txId=] WARN  o.s.b.a.s.s.UserDetailsServiceAutoConfiguration - 

Using generated security password: 8383ac1f-ad37-4515-ba9c-698bf95a188c

This generated password is for development use only. Your security configuration must be updated before running your application in production.

2026-05-25 19:28:59 [main] [txId=] INFO  o.s.b.a.e.web.EndpointLinksResolver - Exposing 2 endpoint(s) beneath base path '/actuator'
2026-05-25 19:28:59 [main] [txId=] INFO  o.s.s.web.DefaultSecurityFilterChain - Will secure any request with [org.springframework.security.web.session.DisableEncodeUrlFilter@cec590c, org.springframework.security.web.context.request.async.WebAsyncManagerIntegrationFilter@1570cad0, org.springframework.security.web.context.SecurityContextHolderFilter@c732e1c, org.springframework.security.web.header.HeaderWriterFilter@60c96eb4, org.springframework.web.filter.CorsFilter@21090c88, org.springframework.security.web.authentication.logout.LogoutFilter@69e2fe3b, com.epam.workload.security.JwtAuthFilter@580902cd, org.springframework.security.web.savedrequest.RequestCacheAwareFilter@56c42964, org.springframework.security.web.servletapi.SecurityContextHolderAwareRequestFilter@211a9647, org.springframework.security.web.authentication.AnonymousAuthenticationFilter@d62472f, org.springframework.security.web.session.SessionManagementFilter@48c5698, org.springframework.security.web.access.ExceptionTranslationFilter@1a17dd6f, org.springframework.security.web.access.intercept.AuthorizationFilter@44bbb7c6]
2026-05-25 19:28:59 [main] [txId=] INFO  o.s.c.n.e.c.DiscoveryClientOptionalArgsConfiguration - Eureka HTTP Client uses RestTemplate.
2026-05-25 19:28:59 [main] [txId=] WARN  o.s.c.l.c.LoadBalancerCacheAutoConfiguration$LoadBalancerCaffeineWarnLogger - Spring Cloud LoadBalancer is currently working with the default cache. While this cache implementation is useful for development and tests, it's recommended to use Caffeine cache in production.You can switch to using Caffeine cache, by adding it and org.springframework.cache.caffeine.CaffeineCacheManager to the classpath.
2026-05-25 19:28:59 [main] [txId=] INFO  o.s.c.n.eureka.InstanceInfoFactory - Setting initial instance status as: STARTING
2026-05-25 19:28:59 [main] [txId=] INFO  c.netflix.discovery.DiscoveryClient - Initializing Eureka in region us-east-1
2026-05-25 19:28:59 [main] [txId=] INFO  c.n.d.s.r.aws.ConfigClusterResolver - Resolving eureka endpoints via configuration
2026-05-25 19:28:59 [main] [txId=] INFO  c.netflix.discovery.DiscoveryClient - Disable delta property : false
2026-05-25 19:28:59 [main] [txId=] INFO  c.netflix.discovery.DiscoveryClient - Single vip registry refresh property : null
2026-05-25 19:28:59 [main] [txId=] INFO  c.netflix.discovery.DiscoveryClient - Force full registry fetch : false
2026-05-25 19:28:59 [main] [txId=] INFO  c.netflix.discovery.DiscoveryClient - Application is null : false
2026-05-25 19:28:59 [main] [txId=] INFO  c.netflix.discovery.DiscoveryClient - Registered Applications size is zero : true
2026-05-25 19:28:59 [main] [txId=] INFO  c.netflix.discovery.DiscoveryClient - Application version is -1: true
2026-05-25 19:28:59 [main] [txId=] INFO  c.netflix.discovery.DiscoveryClient - Getting all instance registry info from the eureka server
2026-05-25 19:28:59 [main] [txId=] INFO  c.netflix.discovery.DiscoveryClient - The response status is 200
2026-05-25 19:28:59 [main] [txId=] INFO  c.netflix.discovery.DiscoveryClient - Starting heartbeat executor: renew interval is: 30
2026-05-25 19:28:59 [main] [txId=] INFO  c.n.discovery.InstanceInfoReplicator - InstanceInfoReplicator onDemand update allowed rate per min is 4
2026-05-25 19:28:59 [main] [txId=] INFO  c.netflix.discovery.DiscoveryClient - Discovery Client initialized at timestamp 1779722939682 with initial instances count: 0
2026-05-25 19:28:59 [main] [txId=] INFO  o.s.c.n.e.s.EurekaServiceRegistry - Registering application TRAINER-WORKLOAD-SERVICE with eureka with status UP
2026-05-25 19:28:59 [main] [txId=] INFO  c.netflix.discovery.DiscoveryClient - Saw local status change event StatusChangeEvent [timestamp=1779722939683, current=UP, previous=STARTING]
2026-05-25 19:28:59 [DiscoveryClient-InstanceInfoReplicator-0] [txId=] INFO  c.netflix.discovery.DiscoveryClient - DiscoveryClient_TRAINER-WORKLOAD-SERVICE/192.168.18.151:trainer-workload-service:8081: registering service...
2026-05-25 19:28:59 [main] [txId=] INFO  o.a.coyote.http11.Http11NioProtocol - Starting ProtocolHandler ["http-nio-8081"]
2026-05-25 19:28:59 [main] [txId=] INFO  o.s.b.w.e.tomcat.TomcatWebServer - Tomcat started on port 8081 (http) with context path ''
2026-05-25 19:28:59 [main] [txId=] INFO  o.s.c.n.e.s.EurekaAutoServiceRegistration - Updating port to 8081
2026-05-25 19:28:59 [DiscoveryClient-InstanceInfoReplicator-0] [txId=] INFO  c.netflix.discovery.DiscoveryClient - DiscoveryClient_TRAINER-WORKLOAD-SERVICE/192.168.18.151:trainer-workload-service:8081 - registration status: 204
2026-05-25 19:28:59 [main] [txId=] INFO  c.e.w.TrainerWorkloadApplication - Started TrainerWorkloadApplication in 1.138 seconds (process running for 1.243)
2026-05-25 19:29:29 [DiscoveryClient-CacheRefreshExecutor-0] [txId=] INFO  c.netflix.discovery.DiscoveryClient - Disable delta property : false
2026-05-25 19:29:29 [DiscoveryClient-CacheRefreshExecutor-0] [txId=] INFO  c.netflix.discovery.DiscoveryClient - Single vip registry refresh property : null
2026-05-25 19:29:29 [DiscoveryClient-CacheRefreshExecutor-0] [txId=] INFO  c.netflix.discovery.DiscoveryClient - Force full registry fetch : false
2026-05-25 19:29:29 [DiscoveryClient-CacheRefreshExecutor-0] [txId=] INFO  c.netflix.discovery.DiscoveryClient - Application is null : false
2026-05-25 19:29:29 [DiscoveryClient-CacheRefreshExecutor-0] [txId=] INFO  c.netflix.discovery.DiscoveryClient - Registered Applications size is zero : true
2026-05-25 19:29:29 [DiscoveryClient-CacheRefreshExecutor-0] [txId=] INFO  c.netflix.discovery.DiscoveryClient - Application version is -1: false
2026-05-25 19:29:29 [DiscoveryClient-CacheRefreshExecutor-0] [txId=] INFO  c.netflix.discovery.DiscoveryClient - Getting all instance registry info from the eureka server
2026-05-25 19:29:29 [DiscoveryClient-CacheRefreshExecutor-0] [txId=] INFO  c.netflix.discovery.DiscoveryClient - The response status is 200
2026-05-25 19:30:13 [org.springframework.jms.JmsListenerEndpointContainer#0-1] [txId=] WARN  o.s.j.l.DefaultMessageListenerContainer - Execution of JMS message listener failed, and no ErrorHandler has been set.
org.springframework.jms.listener.adapter.ListenerExecutionFailedException: Listener method 'public void com.epam.workload.messaging.WorkloadMessageListener.onWorkloadMessage(com.epam.workload.dto.TrainerWorkloadRequest,java.lang.String)' threw exception
	at org.springframework.jms.listener.adapter.MessagingMessageListenerAdapter.invokeHandler(MessagingMessageListenerAdapter.java:118)
	at org.springframework.jms.listener.adapter.MessagingMessageListenerAdapter.onMessage(MessagingMessageListenerAdapter.java:84)
	at org.springframework.jms.listener.AbstractMessageListenerContainer.doInvokeListener(AbstractMessageListenerContainer.java:783)
	at org.springframework.jms.listener.AbstractMessageListenerContainer.invokeListener(AbstractMessageListenerContainer.java:741)
	at org.springframework.jms.listener.AbstractMessageListenerContainer.doExecuteListener(AbstractMessageListenerContainer.java:719)
	at org.springframework.jms.listener.AbstractPollingMessageListenerContainer.doReceiveAndExecute(AbstractPollingMessageListenerContainer.java:333)
	at org.springframework.jms.listener.AbstractPollingMessageListenerContainer.receiveAndExecute(AbstractPollingMessageListenerContainer.java:270)
	at org.springframework.jms.listener.DefaultMessageListenerContainer$AsyncMessageListenerInvoker.invokeListener(DefaultMessageListenerContainer.java:1258)
	at org.springframework.jms.listener.DefaultMessageListenerContainer$AsyncMessageListenerInvoker.executeOngoingLoop(DefaultMessageListenerContainer.java:1248)
	at org.springframework.jms.listener.DefaultMessageListenerContainer$AsyncMessageListenerInvoker.run(DefaultMessageListenerContainer.java:1141)
	at java.base/java.lang.Thread.run(Thread.java:840)
Caused by: org.springframework.jms.support.converter.MessageConversionException: Failed to resolve type id [com.epam.training.dto.TrainerWorkloadRequest]
	at org.springframework.jms.support.converter.MappingJackson2MessageConverter.getJavaTypeForMessage(MappingJackson2MessageConverter.java:471)
	at org.springframework.jms.support.converter.MappingJackson2MessageConverter.fromMessage(MappingJackson2MessageConverter.java:241)
	at org.springframework.jms.listener.adapter.AbstractAdaptableMessageListener.extractMessage(AbstractAdaptableMessageListener.java:250)
	at org.springframework.jms.listener.adapter.AbstractAdaptableMessageListener$MessagingMessageConverterAdapter.extractPayload(AbstractAdaptableMessageListener.java:472)
	at org.springframework.jms.listener.adapter.AbstractAdaptableMessageListener$MessagingMessageConverterAdapter$LazyResolutionMessage.unwrapPayload(AbstractAdaptableMessageListener.java:539)
	at org.springframework.jms.listener.adapter.AbstractAdaptableMessageListener$MessagingMessageConverterAdapter$LazyResolutionMessage.getPayload(AbstractAdaptableMessageListener.java:521)
	at org.springframework.messaging.handler.annotation.support.PayloadMethodArgumentResolver.resolveArgument(PayloadMethodArgumentResolver.java:122)
	at org.springframework.messaging.handler.invocation.HandlerMethodArgumentResolverComposite.resolveArgument(HandlerMethodArgumentResolverComposite.java:118)
	at org.springframework.messaging.handler.invocation.InvocableHandlerMethod.getMethodArgumentValues(InvocableHandlerMethod.java:147)
	at org.springframework.messaging.handler.invocation.InvocableHandlerMethod.invoke(InvocableHandlerMethod.java:115)
	at org.springframework.jms.listener.adapter.MessagingMessageListenerAdapter.invokeHandler(MessagingMessageListenerAdapter.java:110)
	... 10 common frames omitted
Caused by: java.lang.ClassNotFoundException: com.epam.training.dto.TrainerWorkloadRequest
	at java.base/jdk.internal.loader.BuiltinClassLoader.loadClass(BuiltinClassLoader.java:641)
	at java.base/jdk.internal.loader.ClassLoaders$AppClassLoader.loadClass(ClassLoaders.java:188)
	at java.base/java.lang.ClassLoader.loadClass(ClassLoader.java:525)
	at java.base/java.lang.Class.forName0(Native Method)
	at java.base/java.lang.Class.forName(Class.java:469)
	at org.springframework.util.ClassUtils.forName(ClassUtils.java:304)
	at org.springframework.jms.support.converter.MappingJackson2MessageConverter.getJavaTypeForMessage(MappingJackson2MessageConverter.java:467)
	... 20 common frames omitted
2026-05-25 19:30:14 [org.springframework.jms.JmsListenerEndpointContainer#0-1] [txId=] WARN  o.s.j.l.DefaultMessageListenerContainer - Execution of JMS message listener failed, and no ErrorHandler has been set.
org.springframework.jms.listener.adapter.ListenerExecutionFailedException: Listener method 'public void com.epam.workload.messaging.WorkloadMessageListener.onWorkloadMessage(com.epam.workload.dto.TrainerWorkloadRequest,java.lang.String)' threw exception
	at org.springframework.jms.listener.adapter.MessagingMessageListenerAdapter.invokeHandler(MessagingMessageListenerAdapter.java:118)
	at org.springframework.jms.listener.adapter.MessagingMessageListenerAdapter.onMessage(MessagingMessageListenerAdapter.java:84)
	at org.springframework.jms.listener.AbstractMessageListenerContainer.doInvokeListener(AbstractMessageListenerContainer.java:783)
	at org.springframework.jms.listener.AbstractMessageListenerContainer.invokeListener(AbstractMessageListenerContainer.java:741)
	at org.springframework.jms.listener.AbstractMessageListenerContainer.doExecuteListener(AbstractMessageListenerContainer.java:719)
	at org.springframework.jms.listener.AbstractPollingMessageListenerContainer.doReceiveAndExecute(AbstractPollingMessageListenerContainer.java:333)
	at org.springframework.jms.listener.AbstractPollingMessageListenerContainer.receiveAndExecute(AbstractPollingMessageListenerContainer.java:270)
	at org.springframework.jms.listener.DefaultMessageListenerContainer$AsyncMessageListenerInvoker.invokeListener(DefaultMessageListenerContainer.java:1258)
	at org.springframework.jms.listener.DefaultMessageListenerContainer$AsyncMessageListenerInvoker.executeOngoingLoop(DefaultMessageListenerContainer.java:1248)
	at org.springframework.jms.listener.DefaultMessageListenerContainer$AsyncMessageListenerInvoker.run(DefaultMessageListenerContainer.java:1141)
	at java.base/java.lang.Thread.run(Thread.java:840)
Caused by: org.springframework.jms.support.converter.MessageConversionException: Failed to resolve type id [com.epam.training.dto.TrainerWorkloadRequest]
	at org.springframework.jms.support.converter.MappingJackson2MessageConverter.getJavaTypeForMessage(MappingJackson2MessageConverter.java:471)
	at org.springframework.jms.support.converter.MappingJackson2MessageConverter.fromMessage(MappingJackson2MessageConverter.java:241)
	at org.springframework.jms.listener.adapter.AbstractAdaptableMessageListener.extractMessage(AbstractAdaptableMessageListener.java:250)
	at org.springframework.jms.listener.adapter.AbstractAdaptableMessageListener$MessagingMessageConverterAdapter.extractPayload(AbstractAdaptableMessageListener.java:472)
	at org.springframework.jms.listener.adapter.AbstractAdaptableMessageListener$MessagingMessageConverterAdapter$LazyResolutionMessage.unwrapPayload(AbstractAdaptableMessageListener.java:539)
	at org.springframework.jms.listener.adapter.AbstractAdaptableMessageListener$MessagingMessageConverterAdapter$LazyResolutionMessage.getPayload(AbstractAdaptableMessageListener.java:521)
	at org.springframework.messaging.handler.annotation.support.PayloadMethodArgumentResolver.resolveArgument(PayloadMethodArgumentResolver.java:122)
	at org.springframework.messaging.handler.invocation.HandlerMethodArgumentResolverComposite.resolveArgument(HandlerMethodArgumentResolverComposite.java:118)
	at org.springframework.messaging.handler.invocation.InvocableHandlerMethod.getMethodArgumentValues(InvocableHandlerMethod.java:147)
	at org.springframework.messaging.handler.invocation.InvocableHandlerMethod.invoke(InvocableHandlerMethod.java:115)
	at org.springframework.jms.listener.adapter.MessagingMessageListenerAdapter.invokeHandler(MessagingMessageListenerAdapter.java:110)
	... 10 common frames omitted
Caused by: java.lang.ClassNotFoundException: com.epam.training.dto.TrainerWorkloadRequest
	at java.base/jdk.internal.loader.BuiltinClassLoader.loadClass(BuiltinClassLoader.java:641)
	at java.base/jdk.internal.loader.ClassLoaders$AppClassLoader.loadClass(ClassLoaders.java:188)
	at java.base/java.lang.ClassLoader.loadClass(ClassLoader.java:525)
	at java.base/java.lang.Class.forName0(Native Method)
	at java.base/java.lang.Class.forName(Class.java:469)
	at org.springframework.util.ClassUtils.forName(ClassUtils.java:304)
	at org.springframework.jms.support.converter.MappingJackson2MessageConverter.getJavaTypeForMessage(MappingJackson2MessageConverter.java:467)
	... 20 common frames omitted
2026-05-25 19:30:16 [org.springframework.jms.JmsListenerEndpointContainer#0-1] [txId=] WARN  o.s.j.l.DefaultMessageListenerContainer - Execution of JMS message listener failed, and no ErrorHandler has been set.
org.springframework.jms.listener.adapter.ListenerExecutionFailedException: Listener method 'public void com.epam.workload.messaging.WorkloadMessageListener.onWorkloadMessage(com.epam.workload.dto.TrainerWorkloadRequest,java.lang.String)' threw exception
	at org.springframework.jms.listener.adapter.MessagingMessageListenerAdapter.invokeHandler(MessagingMessageListenerAdapter.java:118)
	at org.springframework.jms.listener.adapter.MessagingMessageListenerAdapter.onMessage(MessagingMessageListenerAdapter.java:84)
	at org.springframework.jms.listener.AbstractMessageListenerContainer.doInvokeListener(AbstractMessageListenerContainer.java:783)
	at org.springframework.jms.listener.AbstractMessageListenerContainer.invokeListener(AbstractMessageListenerContainer.java:741)
	at org.springframework.jms.listener.AbstractMessageListenerContainer.doExecuteListener(AbstractMessageListenerContainer.java:719)
	at org.springframework.jms.listener.AbstractPollingMessageListenerContainer.doReceiveAndExecute(AbstractPollingMessageListenerContainer.java:333)
	at org.springframework.jms.listener.AbstractPollingMessageListenerContainer.receiveAndExecute(AbstractPollingMessageListenerContainer.java:270)
	at org.springframework.jms.listener.DefaultMessageListenerContainer$AsyncMessageListenerInvoker.invokeListener(DefaultMessageListenerContainer.java:1258)
	at org.springframework.jms.listener.DefaultMessageListenerContainer$AsyncMessageListenerInvoker.executeOngoingLoop(DefaultMessageListenerContainer.java:1248)
	at org.springframework.jms.listener.DefaultMessageListenerContainer$AsyncMessageListenerInvoker.run(DefaultMessageListenerContainer.java:1141)
	at java.base/java.lang.Thread.run(Thread.java:840)
Caused by: org.springframework.jms.support.converter.MessageConversionException: Failed to resolve type id [com.epam.training.dto.TrainerWorkloadRequest]
	at org.springframework.jms.support.converter.MappingJackson2MessageConverter.getJavaTypeForMessage(MappingJackson2MessageConverter.java:471)
	at org.springframework.jms.support.converter.MappingJackson2MessageConverter.fromMessage(MappingJackson2MessageConverter.java:241)
	at org.springframework.jms.listener.adapter.AbstractAdaptableMessageListener.extractMessage(AbstractAdaptableMessageListener.java:250)
	at org.springframework.jms.listener.adapter.AbstractAdaptableMessageListener$MessagingMessageConverterAdapter.extractPayload(AbstractAdaptableMessageListener.java:472)
	at org.springframework.jms.listener.adapter.AbstractAdaptableMessageListener$MessagingMessageConverterAdapter$LazyResolutionMessage.unwrapPayload(AbstractAdaptableMessageListener.java:539)
	at org.springframework.jms.listener.adapter.AbstractAdaptableMessageListener$MessagingMessageConverterAdapter$LazyResolutionMessage.getPayload(AbstractAdaptableMessageListener.java:521)
	at org.springframework.messaging.handler.annotation.support.PayloadMethodArgumentResolver.resolveArgument(PayloadMethodArgumentResolver.java:122)
	at org.springframework.messaging.handler.invocation.HandlerMethodArgumentResolverComposite.resolveArgument(HandlerMethodArgumentResolverComposite.java:118)
	at org.springframework.messaging.handler.invocation.InvocableHandlerMethod.getMethodArgumentValues(InvocableHandlerMethod.java:147)
	at org.springframework.messaging.handler.invocation.InvocableHandlerMethod.invoke(InvocableHandlerMethod.java:115)
	at org.springframework.jms.listener.adapter.MessagingMessageListenerAdapter.invokeHandler(MessagingMessageListenerAdapter.java:110)
	... 10 common frames omitted
Caused by: java.lang.ClassNotFoundException: com.epam.training.dto.TrainerWorkloadRequest
	at java.base/jdk.internal.loader.BuiltinClassLoader.loadClass(BuiltinClassLoader.java:641)
	at java.base/jdk.internal.loader.ClassLoaders$AppClassLoader.loadClass(ClassLoaders.java:188)
	at java.base/java.lang.ClassLoader.loadClass(ClassLoader.java:525)
	at java.base/java.lang.Class.forName0(Native Method)
	at java.base/java.lang.Class.forName(Class.java:469)
	at org.springframework.util.ClassUtils.forName(ClassUtils.java:304)
	at org.springframework.jms.support.converter.MappingJackson2MessageConverter.getJavaTypeForMessage(MappingJackson2MessageConverter.java:467)
	... 20 common frames omitted
2026-05-25 19:30:20 [org.springframework.jms.JmsListenerEndpointContainer#0-1] [txId=] WARN  o.s.j.l.DefaultMessageListenerContainer - Execution of JMS message listener failed, and no ErrorHandler has been set.
org.springframework.jms.listener.adapter.ListenerExecutionFailedException: Listener method 'public void com.epam.workload.messaging.WorkloadMessageListener.onWorkloadMessage(com.epam.workload.dto.TrainerWorkloadRequest,java.lang.String)' threw exception
	at org.springframework.jms.listener.adapter.MessagingMessageListenerAdapter.invokeHandler(MessagingMessageListenerAdapter.java:118)
	at org.springframework.jms.listener.adapter.MessagingMessageListenerAdapter.onMessage(MessagingMessageListenerAdapter.java:84)
	at org.springframework.jms.listener.AbstractMessageListenerContainer.doInvokeListener(AbstractMessageListenerContainer.java:783)
	at org.springframework.jms.listener.AbstractMessageListenerContainer.invokeListener(AbstractMessageListenerContainer.java:741)
	at org.springframework.jms.listener.AbstractMessageListenerContainer.doExecuteListener(AbstractMessageListenerContainer.java:719)
	at org.springframework.jms.listener.AbstractPollingMessageListenerContainer.doReceiveAndExecute(AbstractPollingMessageListenerContainer.java:333)
	at org.springframework.jms.listener.AbstractPollingMessageListenerContainer.receiveAndExecute(AbstractPollingMessageListenerContainer.java:270)
	at org.springframework.jms.listener.DefaultMessageListenerContainer$AsyncMessageListenerInvoker.invokeListener(DefaultMessageListenerContainer.java:1258)
	at org.springframework.jms.listener.DefaultMessageListenerContainer$AsyncMessageListenerInvoker.executeOngoingLoop(DefaultMessageListenerContainer.java:1248)
	at org.springframework.jms.listener.DefaultMessageListenerContainer$AsyncMessageListenerInvoker.run(DefaultMessageListenerContainer.java:1141)
	at java.base/java.lang.Thread.run(Thread.java:840)
Caused by: org.springframework.jms.support.converter.MessageConversionException: Failed to resolve type id [com.epam.training.dto.TrainerWorkloadRequest]
	at org.springframework.jms.support.converter.MappingJackson2MessageConverter.getJavaTypeForMessage(MappingJackson2MessageConverter.java:471)
	at org.springframework.jms.support.converter.MappingJackson2MessageConverter.fromMessage(MappingJackson2MessageConverter.java:241)
	at org.springframework.jms.listener.adapter.AbstractAdaptableMessageListener.extractMessage(AbstractAdaptableMessageListener.java:250)
	at org.springframework.jms.listener.adapter.AbstractAdaptableMessageListener$MessagingMessageConverterAdapter.extractPayload(AbstractAdaptableMessageListener.java:472)
	at org.springframework.jms.listener.adapter.AbstractAdaptableMessageListener$MessagingMessageConverterAdapter$LazyResolutionMessage.unwrapPayload(AbstractAdaptableMessageListener.java:539)
	at org.springframework.jms.listener.adapter.AbstractAdaptableMessageListener$MessagingMessageConverterAdapter$LazyResolutionMessage.getPayload(AbstractAdaptableMessageListener.java:521)
	at org.springframework.messaging.handler.annotation.support.PayloadMethodArgumentResolver.resolveArgument(PayloadMethodArgumentResolver.java:122)
	at org.springframework.messaging.handler.invocation.HandlerMethodArgumentResolverComposite.resolveArgument(HandlerMethodArgumentResolverComposite.java:118)
	at org.springframework.messaging.handler.invocation.InvocableHandlerMethod.getMethodArgumentValues(InvocableHandlerMethod.java:147)
	at org.springframework.messaging.handler.invocation.InvocableHandlerMethod.invoke(InvocableHandlerMethod.java:115)
	at org.springframework.jms.listener.adapter.MessagingMessageListenerAdapter.invokeHandler(MessagingMessageListenerAdapter.java:110)
	... 10 common frames omitted
Caused by: java.lang.ClassNotFoundException: com.epam.training.dto.TrainerWorkloadRequest
	at java.base/jdk.internal.loader.BuiltinClassLoader.loadClass(BuiltinClassLoader.java:641)
	at java.base/jdk.internal.loader.ClassLoaders$AppClassLoader.loadClass(ClassLoaders.java:188)
	at java.base/java.lang.ClassLoader.loadClass(ClassLoader.java:525)
	at java.base/java.lang.Class.forName0(Native Method)
	at java.base/java.lang.Class.forName(Class.java:469)
	at org.springframework.util.ClassUtils.forName(ClassUtils.java:304)
	at org.springframework.jms.support.converter.MappingJackson2MessageConverter.getJavaTypeForMessage(MappingJackson2MessageConverter.java:467)
	... 20 common frames omitted
2026-05-25 19:31:29 [org.springframework.jms.JmsListenerEndpointContainer#0-1] [txId=] WARN  o.s.j.l.DefaultMessageListenerContainer - Execution of JMS message listener failed, and no ErrorHandler has been set.
org.springframework.jms.listener.adapter.ListenerExecutionFailedException: Listener method 'public void com.epam.workload.messaging.WorkloadMessageListener.onWorkloadMessage(com.epam.workload.dto.TrainerWorkloadRequest,java.lang.String)' threw exception
	at org.springframework.jms.listener.adapter.MessagingMessageListenerAdapter.invokeHandler(MessagingMessageListenerAdapter.java:118)
	at org.springframework.jms.listener.adapter.MessagingMessageListenerAdapter.onMessage(MessagingMessageListenerAdapter.java:84)
	at org.springframework.jms.listener.AbstractMessageListenerContainer.doInvokeListener(AbstractMessageListenerContainer.java:783)
	at org.springframework.jms.listener.AbstractMessageListenerContainer.invokeListener(AbstractMessageListenerContainer.java:741)
	at org.springframework.jms.listener.AbstractMessageListenerContainer.doExecuteListener(AbstractMessageListenerContainer.java:719)
	at org.springframework.jms.listener.AbstractPollingMessageListenerContainer.doReceiveAndExecute(AbstractPollingMessageListenerContainer.java:333)
	at org.springframework.jms.listener.AbstractPollingMessageListenerContainer.receiveAndExecute(AbstractPollingMessageListenerContainer.java:270)
	at org.springframework.jms.listener.DefaultMessageListenerContainer$AsyncMessageListenerInvoker.invokeListener(DefaultMessageListenerContainer.java:1258)
	at org.springframework.jms.listener.DefaultMessageListenerContainer$AsyncMessageListenerInvoker.executeOngoingLoop(DefaultMessageListenerContainer.java:1248)
	at org.springframework.jms.listener.DefaultMessageListenerContainer$AsyncMessageListenerInvoker.run(DefaultMessageListenerContainer.java:1141)
	at java.base/java.lang.Thread.run(Thread.java:840)
Caused by: org.springframework.jms.support.converter.MessageConversionException: Failed to resolve type id [com.epam.training.dto.TrainerWorkloadRequest]
	at org.springframework.jms.support.converter.MappingJackson2MessageConverter.getJavaTypeForMessage(MappingJackson2MessageConverter.java:471)
	at org.springframework.jms.support.converter.MappingJackson2MessageConverter.fromMessage(MappingJackson2MessageConverter.java:241)
	at org.springframework.jms.listener.adapter.AbstractAdaptableMessageListener.extractMessage(AbstractAdaptableMessageListener.java:250)
	at org.springframework.jms.listener.adapter.AbstractAdaptableMessageListener$MessagingMessageConverterAdapter.extractPayload(AbstractAdaptableMessageListener.java:472)
	at org.springframework.jms.listener.adapter.AbstractAdaptableMessageListener$MessagingMessageConverterAdapter$LazyResolutionMessage.unwrapPayload(AbstractAdaptableMessageListener.java:539)
	at org.springframework.jms.listener.adapter.AbstractAdaptableMessageListener$MessagingMessageConverterAdapter$LazyResolutionMessage.getPayload(AbstractAdaptableMessageListener.java:521)
	at org.springframework.messaging.handler.annotation.support.PayloadMethodArgumentResolver.resolveArgument(PayloadMethodArgumentResolver.java:122)
	at org.springframework.messaging.handler.invocation.HandlerMethodArgumentResolverComposite.resolveArgument(HandlerMethodArgumentResolverComposite.java:118)
	at org.springframework.messaging.handler.invocation.InvocableHandlerMethod.getMethodArgumentValues(InvocableHandlerMethod.java:147)
	at org.springframework.messaging.handler.invocation.InvocableHandlerMethod.invoke(InvocableHandlerMethod.java:115)
	at org.springframework.jms.listener.adapter.MessagingMessageListenerAdapter.invokeHandler(MessagingMessageListenerAdapter.java:110)
	... 10 common frames omitted
Caused by: java.lang.ClassNotFoundException: com.epam.training.dto.TrainerWorkloadRequest
	at java.base/jdk.internal.loader.BuiltinClassLoader.loadClass(BuiltinClassLoader.java:641)
	at java.base/jdk.internal.loader.ClassLoaders$AppClassLoader.loadClass(ClassLoaders.java:188)
	at java.base/java.lang.ClassLoader.loadClass(ClassLoader.java:525)
	at java.base/java.lang.Class.forName0(Native Method)
	at java.base/java.lang.Class.forName(Class.java:469)
	at org.springframework.util.ClassUtils.forName(ClassUtils.java:304)
	at org.springframework.jms.support.converter.MappingJackson2MessageConverter.getJavaTypeForMessage(MappingJackson2MessageConverter.java:467)
	... 20 common frames omitted
2026-05-25 19:31:30 [org.springframework.jms.JmsListenerEndpointContainer#0-1] [txId=] WARN  o.s.j.l.DefaultMessageListenerContainer - Execution of JMS message listener failed, and no ErrorHandler has been set.
org.springframework.jms.listener.adapter.ListenerExecutionFailedException: Listener method 'public void com.epam.workload.messaging.WorkloadMessageListener.onWorkloadMessage(com.epam.workload.dto.TrainerWorkloadRequest,java.lang.String)' threw exception
	at org.springframework.jms.listener.adapter.MessagingMessageListenerAdapter.invokeHandler(MessagingMessageListenerAdapter.java:118)
	at org.springframework.jms.listener.adapter.MessagingMessageListenerAdapter.onMessage(MessagingMessageListenerAdapter.java:84)
	at org.springframework.jms.listener.AbstractMessageListenerContainer.doInvokeListener(AbstractMessageListenerContainer.java:783)
	at org.springframework.jms.listener.AbstractMessageListenerContainer.invokeListener(AbstractMessageListenerContainer.java:741)
	at org.springframework.jms.listener.AbstractMessageListenerContainer.doExecuteListener(AbstractMessageListenerContainer.java:719)
	at org.springframework.jms.listener.AbstractPollingMessageListenerContainer.doReceiveAndExecute(AbstractPollingMessageListenerContainer.java:333)
	at org.springframework.jms.listener.AbstractPollingMessageListenerContainer.receiveAndExecute(AbstractPollingMessageListenerContainer.java:270)
	at org.springframework.jms.listener.DefaultMessageListenerContainer$AsyncMessageListenerInvoker.invokeListener(DefaultMessageListenerContainer.java:1258)
	at org.springframework.jms.listener.DefaultMessageListenerContainer$AsyncMessageListenerInvoker.executeOngoingLoop(DefaultMessageListenerContainer.java:1248)
	at org.springframework.jms.listener.DefaultMessageListenerContainer$AsyncMessageListenerInvoker.run(DefaultMessageListenerContainer.java:1141)
	at java.base/java.lang.Thread.run(Thread.java:840)
Caused by: org.springframework.jms.support.converter.MessageConversionException: Failed to resolve type id [com.epam.training.dto.TrainerWorkloadRequest]
	at org.springframework.jms.support.converter.MappingJackson2MessageConverter.getJavaTypeForMessage(MappingJackson2MessageConverter.java:471)
	at org.springframework.jms.support.converter.MappingJackson2MessageConverter.fromMessage(MappingJackson2MessageConverter.java:241)
	at org.springframework.jms.listener.adapter.AbstractAdaptableMessageListener.extractMessage(AbstractAdaptableMessageListener.java:250)
	at org.springframework.jms.listener.adapter.AbstractAdaptableMessageListener$MessagingMessageConverterAdapter.extractPayload(AbstractAdaptableMessageListener.java:472)
	at org.springframework.jms.listener.adapter.AbstractAdaptableMessageListener$MessagingMessageConverterAdapter$LazyResolutionMessage.unwrapPayload(AbstractAdaptableMessageListener.java:539)
	at org.springframework.jms.listener.adapter.AbstractAdaptableMessageListener$MessagingMessageConverterAdapter$LazyResolutionMessage.getPayload(AbstractAdaptableMessageListener.java:521)
	at org.springframework.messaging.handler.annotation.support.PayloadMethodArgumentResolver.resolveArgument(PayloadMethodArgumentResolver.java:122)
	at org.springframework.messaging.handler.invocation.HandlerMethodArgumentResolverComposite.resolveArgument(HandlerMethodArgumentResolverComposite.java:118)
	at org.springframework.messaging.handler.invocation.InvocableHandlerMethod.getMethodArgumentValues(InvocableHandlerMethod.java:147)
	at org.springframework.messaging.handler.invocation.InvocableHandlerMethod.invoke(InvocableHandlerMethod.java:115)
	at org.springframework.jms.listener.adapter.MessagingMessageListenerAdapter.invokeHandler(MessagingMessageListenerAdapter.java:110)
	... 10 common frames omitted
Caused by: java.lang.ClassNotFoundException: com.epam.training.dto.TrainerWorkloadRequest
	at java.base/jdk.internal.loader.BuiltinClassLoader.loadClass(BuiltinClassLoader.java:641)
	at java.base/jdk.internal.loader.ClassLoaders$AppClassLoader.loadClass(ClassLoaders.java:188)
	at java.base/java.lang.ClassLoader.loadClass(ClassLoader.java:525)
	at java.base/java.lang.Class.forName0(Native Method)
	at java.base/java.lang.Class.forName(Class.java:469)
	at org.springframework.util.ClassUtils.forName(ClassUtils.java:304)
	at org.springframework.jms.support.converter.MappingJackson2MessageConverter.getJavaTypeForMessage(MappingJackson2MessageConverter.java:467)
	... 20 common frames omitted
2026-05-25 19:31:32 [org.springframework.jms.JmsListenerEndpointContainer#0-1] [txId=] WARN  o.s.j.l.DefaultMessageListenerContainer - Execution of JMS message listener failed, and no ErrorHandler has been set.
org.springframework.jms.listener.adapter.ListenerExecutionFailedException: Listener method 'public void com.epam.workload.messaging.WorkloadMessageListener.onWorkloadMessage(com.epam.workload.dto.TrainerWorkloadRequest,java.lang.String)' threw exception
	at org.springframework.jms.listener.adapter.MessagingMessageListenerAdapter.invokeHandler(MessagingMessageListenerAdapter.java:118)
	at org.springframework.jms.listener.adapter.MessagingMessageListenerAdapter.onMessage(MessagingMessageListenerAdapter.java:84)
	at org.springframework.jms.listener.AbstractMessageListenerContainer.doInvokeListener(AbstractMessageListenerContainer.java:783)
	at org.springframework.jms.listener.AbstractMessageListenerContainer.invokeListener(AbstractMessageListenerContainer.java:741)
	at org.springframework.jms.listener.AbstractMessageListenerContainer.doExecuteListener(AbstractMessageListenerContainer.java:719)
	at org.springframework.jms.listener.AbstractPollingMessageListenerContainer.doReceiveAndExecute(AbstractPollingMessageListenerContainer.java:333)
	at org.springframework.jms.listener.AbstractPollingMessageListenerContainer.receiveAndExecute(AbstractPollingMessageListenerContainer.java:270)
	at org.springframework.jms.listener.DefaultMessageListenerContainer$AsyncMessageListenerInvoker.invokeListener(DefaultMessageListenerContainer.java:1258)
	at org.springframework.jms.listener.DefaultMessageListenerContainer$AsyncMessageListenerInvoker.executeOngoingLoop(DefaultMessageListenerContainer.java:1248)
	at org.springframework.jms.listener.DefaultMessageListenerContainer$AsyncMessageListenerInvoker.run(DefaultMessageListenerContainer.java:1141)
	at java.base/java.lang.Thread.run(Thread.java:840)
Caused by: org.springframework.jms.support.converter.MessageConversionException: Failed to resolve type id [com.epam.training.dto.TrainerWorkloadRequest]
	at org.springframework.jms.support.converter.MappingJackson2MessageConverter.getJavaTypeForMessage(MappingJackson2MessageConverter.java:471)
	at org.springframework.jms.support.converter.MappingJackson2MessageConverter.fromMessage(MappingJackson2MessageConverter.java:241)
	at org.springframework.jms.listener.adapter.AbstractAdaptableMessageListener.extractMessage(AbstractAdaptableMessageListener.java:250)
	at org.springframework.jms.listener.adapter.AbstractAdaptableMessageListener$MessagingMessageConverterAdapter.extractPayload(AbstractAdaptableMessageListener.java:472)
	at org.springframework.jms.listener.adapter.AbstractAdaptableMessageListener$MessagingMessageConverterAdapter$LazyResolutionMessage.unwrapPayload(AbstractAdaptableMessageListener.java:539)
	at org.springframework.jms.listener.adapter.AbstractAdaptableMessageListener$MessagingMessageConverterAdapter$LazyResolutionMessage.getPayload(AbstractAdaptableMessageListener.java:521)
	at org.springframework.messaging.handler.annotation.support.PayloadMethodArgumentResolver.resolveArgument(PayloadMethodArgumentResolver.java:122)
	at org.springframework.messaging.handler.invocation.HandlerMethodArgumentResolverComposite.resolveArgument(HandlerMethodArgumentResolverComposite.java:118)
	at org.springframework.messaging.handler.invocation.InvocableHandlerMethod.getMethodArgumentValues(InvocableHandlerMethod.java:147)
	at org.springframework.messaging.handler.invocation.InvocableHandlerMethod.invoke(InvocableHandlerMethod.java:115)
	at org.springframework.jms.listener.adapter.MessagingMessageListenerAdapter.invokeHandler(MessagingMessageListenerAdapter.java:110)
	... 10 common frames omitted
Caused by: java.lang.ClassNotFoundException: com.epam.training.dto.TrainerWorkloadRequest
	at java.base/jdk.internal.loader.BuiltinClassLoader.loadClass(BuiltinClassLoader.java:641)
	at java.base/jdk.internal.loader.ClassLoaders$AppClassLoader.loadClass(ClassLoaders.java:188)
	at java.base/java.lang.ClassLoader.loadClass(ClassLoader.java:525)
	at java.base/java.lang.Class.forName0(Native Method)
	at java.base/java.lang.Class.forName(Class.java:469)
	at org.springframework.util.ClassUtils.forName(ClassUtils.java:304)
	at org.springframework.jms.support.converter.MappingJackson2MessageConverter.getJavaTypeForMessage(MappingJackson2MessageConverter.java:467)
	... 20 common frames omitted
2026-05-25 19:31:36 [org.springframework.jms.JmsListenerEndpointContainer#0-1] [txId=] WARN  o.s.j.l.DefaultMessageListenerContainer - Execution of JMS message listener failed, and no ErrorHandler has been set.
org.springframework.jms.listener.adapter.ListenerExecutionFailedException: Listener method 'public void com.epam.workload.messaging.WorkloadMessageListener.onWorkloadMessage(com.epam.workload.dto.TrainerWorkloadRequest,java.lang.String)' threw exception
	at org.springframework.jms.listener.adapter.MessagingMessageListenerAdapter.invokeHandler(MessagingMessageListenerAdapter.java:118)
	at org.springframework.jms.listener.adapter.MessagingMessageListenerAdapter.onMessage(MessagingMessageListenerAdapter.java:84)
	at org.springframework.jms.listener.AbstractMessageListenerContainer.doInvokeListener(AbstractMessageListenerContainer.java:783)
	at org.springframework.jms.listener.AbstractMessageListenerContainer.invokeListener(AbstractMessageListenerContainer.java:741)
	at org.springframework.jms.listener.AbstractMessageListenerContainer.doExecuteListener(AbstractMessageListenerContainer.java:719)
	at org.springframework.jms.listener.AbstractPollingMessageListenerContainer.doReceiveAndExecute(AbstractPollingMessageListenerContainer.java:333)
	at org.springframework.jms.listener.AbstractPollingMessageListenerContainer.receiveAndExecute(AbstractPollingMessageListenerContainer.java:270)
	at org.springframework.jms.listener.DefaultMessageListenerContainer$AsyncMessageListenerInvoker.invokeListener(DefaultMessageListenerContainer.java:1258)
	at org.springframework.jms.listener.DefaultMessageListenerContainer$AsyncMessageListenerInvoker.executeOngoingLoop(DefaultMessageListenerContainer.java:1248)
	at org.springframework.jms.listener.DefaultMessageListenerContainer$AsyncMessageListenerInvoker.run(DefaultMessageListenerContainer.java:1141)
	at java.base/java.lang.Thread.run(Thread.java:840)
Caused by: org.springframework.jms.support.converter.MessageConversionException: Failed to resolve type id [com.epam.training.dto.TrainerWorkloadRequest]
	at org.springframework.jms.support.converter.MappingJackson2MessageConverter.getJavaTypeForMessage(MappingJackson2MessageConverter.java:471)
	at org.springframework.jms.support.converter.MappingJackson2MessageConverter.fromMessage(MappingJackson2MessageConverter.java:241)
	at org.springframework.jms.listener.adapter.AbstractAdaptableMessageListener.extractMessage(AbstractAdaptableMessageListener.java:250)
	at org.springframework.jms.listener.adapter.AbstractAdaptableMessageListener$MessagingMessageConverterAdapter.extractPayload(AbstractAdaptableMessageListener.java:472)
	at org.springframework.jms.listener.adapter.AbstractAdaptableMessageListener$MessagingMessageConverterAdapter$LazyResolutionMessage.unwrapPayload(AbstractAdaptableMessageListener.java:539)
	at org.springframework.jms.listener.adapter.AbstractAdaptableMessageListener$MessagingMessageConverterAdapter$LazyResolutionMessage.getPayload(AbstractAdaptableMessageListener.java:521)
	at org.springframework.messaging.handler.annotation.support.PayloadMethodArgumentResolver.resolveArgument(PayloadMethodArgumentResolver.java:122)
	at org.springframework.messaging.handler.invocation.HandlerMethodArgumentResolverComposite.resolveArgument(HandlerMethodArgumentResolverComposite.java:118)
	at org.springframework.messaging.handler.invocation.InvocableHandlerMethod.getMethodArgumentValues(InvocableHandlerMethod.java:147)
	at org.springframework.messaging.handler.invocation.InvocableHandlerMethod.invoke(InvocableHandlerMethod.java:115)
	at org.springframework.jms.listener.adapter.MessagingMessageListenerAdapter.invokeHandler(MessagingMessageListenerAdapter.java:110)
	... 10 common frames omitted
Caused by: java.lang.ClassNotFoundException: com.epam.training.dto.TrainerWorkloadRequest
	at java.base/jdk.internal.loader.BuiltinClassLoader.loadClass(BuiltinClassLoader.java:641)
	at java.base/jdk.internal.loader.ClassLoaders$AppClassLoader.loadClass(ClassLoaders.java:188)
	at java.base/java.lang.ClassLoader.loadClass(ClassLoader.java:525)
	at java.base/java.lang.Class.forName0(Native Method)
	at java.base/java.lang.Class.forName(Class.java:469)
	at org.springframework.util.ClassUtils.forName(ClassUtils.java:304)
	at org.springframework.jms.support.converter.MappingJackson2MessageConverter.getJavaTypeForMessage(MappingJackson2MessageConverter.java:467)
	... 20 common frames omitted
2026-05-25 19:32:25 [org.springframework.jms.JmsListenerEndpointContainer#0-2] [txId=] WARN  o.s.j.l.DefaultMessageListenerContainer - Execution of JMS message listener failed, and no ErrorHandler has been set.
org.springframework.jms.listener.adapter.ListenerExecutionFailedException: Listener method 'public void com.epam.workload.messaging.WorkloadMessageListener.onWorkloadMessage(com.epam.workload.dto.TrainerWorkloadRequest,java.lang.String)' threw exception
	at org.springframework.jms.listener.adapter.MessagingMessageListenerAdapter.invokeHandler(MessagingMessageListenerAdapter.java:118)
	at org.springframework.jms.listener.adapter.MessagingMessageListenerAdapter.onMessage(MessagingMessageListenerAdapter.java:84)
	at org.springframework.jms.listener.AbstractMessageListenerContainer.doInvokeListener(AbstractMessageListenerContainer.java:783)
	at org.springframework.jms.listener.AbstractMessageListenerContainer.invokeListener(AbstractMessageListenerContainer.java:741)
	at org.springframework.jms.listener.AbstractMessageListenerContainer.doExecuteListener(AbstractMessageListenerContainer.java:719)
	at org.springframework.jms.listener.AbstractPollingMessageListenerContainer.doReceiveAndExecute(AbstractPollingMessageListenerContainer.java:333)
	at org.springframework.jms.listener.AbstractPollingMessageListenerContainer.receiveAndExecute(AbstractPollingMessageListenerContainer.java:270)
	at org.springframework.jms.listener.DefaultMessageListenerContainer$AsyncMessageListenerInvoker.invokeListener(DefaultMessageListenerContainer.java:1258)
	at org.springframework.jms.listener.DefaultMessageListenerContainer$AsyncMessageListenerInvoker.executeOngoingLoop(DefaultMessageListenerContainer.java:1248)
	at org.springframework.jms.listener.DefaultMessageListenerContainer$AsyncMessageListenerInvoker.run(DefaultMessageListenerContainer.java:1141)
	at java.base/java.lang.Thread.run(Thread.java:840)
Caused by: org.springframework.jms.support.converter.MessageConversionException: Failed to resolve type id [com.epam.training.dto.TrainerWorkloadRequest]
	at org.springframework.jms.support.converter.MappingJackson2MessageConverter.getJavaTypeForMessage(MappingJackson2MessageConverter.java:471)
	at org.springframework.jms.support.converter.MappingJackson2MessageConverter.fromMessage(MappingJackson2MessageConverter.java:241)
	at org.springframework.jms.listener.adapter.AbstractAdaptableMessageListener.extractMessage(AbstractAdaptableMessageListener.java:250)
	at org.springframework.jms.listener.adapter.AbstractAdaptableMessageListener$MessagingMessageConverterAdapter.extractPayload(AbstractAdaptableMessageListener.java:472)
	at org.springframework.jms.listener.adapter.AbstractAdaptableMessageListener$MessagingMessageConverterAdapter$LazyResolutionMessage.unwrapPayload(AbstractAdaptableMessageListener.java:539)
	at org.springframework.jms.listener.adapter.AbstractAdaptableMessageListener$MessagingMessageConverterAdapter$LazyResolutionMessage.getPayload(AbstractAdaptableMessageListener.java:521)
	at org.springframework.messaging.handler.annotation.support.PayloadMethodArgumentResolver.resolveArgument(PayloadMethodArgumentResolver.java:122)
	at org.springframework.messaging.handler.invocation.HandlerMethodArgumentResolverComposite.resolveArgument(HandlerMethodArgumentResolverComposite.java:118)
	at org.springframework.messaging.handler.invocation.InvocableHandlerMethod.getMethodArgumentValues(InvocableHandlerMethod.java:147)
	at org.springframework.messaging.handler.invocation.InvocableHandlerMethod.invoke(InvocableHandlerMethod.java:115)
	at org.springframework.jms.listener.adapter.MessagingMessageListenerAdapter.invokeHandler(MessagingMessageListenerAdapter.java:110)
	... 10 common frames omitted
Caused by: java.lang.ClassNotFoundException: com.epam.training.dto.TrainerWorkloadRequest
	at java.base/jdk.internal.loader.BuiltinClassLoader.loadClass(BuiltinClassLoader.java:641)
	at java.base/jdk.internal.loader.ClassLoaders$AppClassLoader.loadClass(ClassLoaders.java:188)
	at java.base/java.lang.ClassLoader.loadClass(ClassLoader.java:525)
	at java.base/java.lang.Class.forName0(Native Method)
	at java.base/java.lang.Class.forName(Class.java:469)
	at org.springframework.util.ClassUtils.forName(ClassUtils.java:304)
	at org.springframework.jms.support.converter.MappingJackson2MessageConverter.getJavaTypeForMessage(MappingJackson2MessageConverter.java:467)
	... 20 common frames omitted
2026-05-25 19:32:26 [org.springframework.jms.JmsListenerEndpointContainer#0-2] [txId=] WARN  o.s.j.l.DefaultMessageListenerContainer - Execution of JMS message listener failed, and no ErrorHandler has been set.
org.springframework.jms.listener.adapter.ListenerExecutionFailedException: Listener method 'public void com.epam.workload.messaging.WorkloadMessageListener.onWorkloadMessage(com.epam.workload.dto.TrainerWorkloadRequest,java.lang.String)' threw exception
	at org.springframework.jms.listener.adapter.MessagingMessageListenerAdapter.invokeHandler(MessagingMessageListenerAdapter.java:118)
	at org.springframework.jms.listener.adapter.MessagingMessageListenerAdapter.onMessage(MessagingMessageListenerAdapter.java:84)
	at org.springframework.jms.listener.AbstractMessageListenerContainer.doInvokeListener(AbstractMessageListenerContainer.java:783)
	at org.springframework.jms.listener.AbstractMessageListenerContainer.invokeListener(AbstractMessageListenerContainer.java:741)
	at org.springframework.jms.listener.AbstractMessageListenerContainer.doExecuteListener(AbstractMessageListenerContainer.java:719)
	at org.springframework.jms.listener.AbstractPollingMessageListenerContainer.doReceiveAndExecute(AbstractPollingMessageListenerContainer.java:333)
	at org.springframework.jms.listener.AbstractPollingMessageListenerContainer.receiveAndExecute(AbstractPollingMessageListenerContainer.java:270)
	at org.springframework.jms.listener.DefaultMessageListenerContainer$AsyncMessageListenerInvoker.invokeListener(DefaultMessageListenerContainer.java:1258)
	at org.springframework.jms.listener.DefaultMessageListenerContainer$AsyncMessageListenerInvoker.executeOngoingLoop(DefaultMessageListenerContainer.java:1248)
	at org.springframework.jms.listener.DefaultMessageListenerContainer$AsyncMessageListenerInvoker.run(DefaultMessageListenerContainer.java:1141)
	at java.base/java.lang.Thread.run(Thread.java:840)
Caused by: org.springframework.jms.support.converter.MessageConversionException: Failed to resolve type id [com.epam.training.dto.TrainerWorkloadRequest]
	at org.springframework.jms.support.converter.MappingJackson2MessageConverter.getJavaTypeForMessage(MappingJackson2MessageConverter.java:471)
	at org.springframework.jms.support.converter.MappingJackson2MessageConverter.fromMessage(MappingJackson2MessageConverter.java:241)
	at org.springframework.jms.listener.adapter.AbstractAdaptableMessageListener.extractMessage(AbstractAdaptableMessageListener.java:250)
	at org.springframework.jms.listener.adapter.AbstractAdaptableMessageListener$MessagingMessageConverterAdapter.extractPayload(AbstractAdaptableMessageListener.java:472)
	at org.springframework.jms.listener.adapter.AbstractAdaptableMessageListener$MessagingMessageConverterAdapter$LazyResolutionMessage.unwrapPayload(AbstractAdaptableMessageListener.java:539)
	at org.springframework.jms.listener.adapter.AbstractAdaptableMessageListener$MessagingMessageConverterAdapter$LazyResolutionMessage.getPayload(AbstractAdaptableMessageListener.java:521)
	at org.springframework.messaging.handler.annotation.support.PayloadMethodArgumentResolver.resolveArgument(PayloadMethodArgumentResolver.java:122)
	at org.springframework.messaging.handler.invocation.HandlerMethodArgumentResolverComposite.resolveArgument(HandlerMethodArgumentResolverComposite.java:118)
	at org.springframework.messaging.handler.invocation.InvocableHandlerMethod.getMethodArgumentValues(InvocableHandlerMethod.java:147)
	at org.springframework.messaging.handler.invocation.InvocableHandlerMethod.invoke(InvocableHandlerMethod.java:115)
	at org.springframework.jms.listener.adapter.MessagingMessageListenerAdapter.invokeHandler(MessagingMessageListenerAdapter.java:110)
	... 10 common frames omitted
Caused by: java.lang.ClassNotFoundException: com.epam.training.dto.TrainerWorkloadRequest
	at java.base/jdk.internal.loader.BuiltinClassLoader.loadClass(BuiltinClassLoader.java:641)
	at java.base/jdk.internal.loader.ClassLoaders$AppClassLoader.loadClass(ClassLoaders.java:188)
	at java.base/java.lang.ClassLoader.loadClass(ClassLoader.java:525)
	at java.base/java.lang.Class.forName0(Native Method)
	at java.base/java.lang.Class.forName(Class.java:469)
	at org.springframework.util.ClassUtils.forName(ClassUtils.java:304)
	at org.springframework.jms.support.converter.MappingJackson2MessageConverter.getJavaTypeForMessage(MappingJackson2MessageConverter.java:467)
	... 20 common frames omitted
2026-05-25 19:32:28 [org.springframework.jms.JmsListenerEndpointContainer#0-2] [txId=] WARN  o.s.j.l.DefaultMessageListenerContainer - Execution of JMS message listener failed, and no ErrorHandler has been set.
org.springframework.jms.listener.adapter.ListenerExecutionFailedException: Listener method 'public void com.epam.workload.messaging.WorkloadMessageListener.onWorkloadMessage(com.epam.workload.dto.TrainerWorkloadRequest,java.lang.String)' threw exception
	at org.springframework.jms.listener.adapter.MessagingMessageListenerAdapter.invokeHandler(MessagingMessageListenerAdapter.java:118)
	at org.springframework.jms.listener.adapter.MessagingMessageListenerAdapter.onMessage(MessagingMessageListenerAdapter.java:84)
	at org.springframework.jms.listener.AbstractMessageListenerContainer.doInvokeListener(AbstractMessageListenerContainer.java:783)
	at org.springframework.jms.listener.AbstractMessageListenerContainer.invokeListener(AbstractMessageListenerContainer.java:741)
	at org.springframework.jms.listener.AbstractMessageListenerContainer.doExecuteListener(AbstractMessageListenerContainer.java:719)
	at org.springframework.jms.listener.AbstractPollingMessageListenerContainer.doReceiveAndExecute(AbstractPollingMessageListenerContainer.java:333)
	at org.springframework.jms.listener.AbstractPollingMessageListenerContainer.receiveAndExecute(AbstractPollingMessageListenerContainer.java:270)
	at org.springframework.jms.listener.DefaultMessageListenerContainer$AsyncMessageListenerInvoker.invokeListener(DefaultMessageListenerContainer.java:1258)
	at org.springframework.jms.listener.DefaultMessageListenerContainer$AsyncMessageListenerInvoker.executeOngoingLoop(DefaultMessageListenerContainer.java:1248)
	at org.springframework.jms.listener.DefaultMessageListenerContainer$AsyncMessageListenerInvoker.run(DefaultMessageListenerContainer.java:1141)
	at java.base/java.lang.Thread.run(Thread.java:840)
Caused by: org.springframework.jms.support.converter.MessageConversionException: Failed to resolve type id [com.epam.training.dto.TrainerWorkloadRequest]
	at org.springframework.jms.support.converter.MappingJackson2MessageConverter.getJavaTypeForMessage(MappingJackson2MessageConverter.java:471)
	at org.springframework.jms.support.converter.MappingJackson2MessageConverter.fromMessage(MappingJackson2MessageConverter.java:241)
	at org.springframework.jms.listener.adapter.AbstractAdaptableMessageListener.extractMessage(AbstractAdaptableMessageListener.java:250)
	at org.springframework.jms.listener.adapter.AbstractAdaptableMessageListener$MessagingMessageConverterAdapter.extractPayload(AbstractAdaptableMessageListener.java:472)
	at org.springframework.jms.listener.adapter.AbstractAdaptableMessageListener$MessagingMessageConverterAdapter$LazyResolutionMessage.unwrapPayload(AbstractAdaptableMessageListener.java:539)
	at org.springframework.jms.listener.adapter.AbstractAdaptableMessageListener$MessagingMessageConverterAdapter$LazyResolutionMessage.getPayload(AbstractAdaptableMessageListener.java:521)
	at org.springframework.messaging.handler.annotation.support.PayloadMethodArgumentResolver.resolveArgument(PayloadMethodArgumentResolver.java:122)
	at org.springframework.messaging.handler.invocation.HandlerMethodArgumentResolverComposite.resolveArgument(HandlerMethodArgumentResolverComposite.java:118)
	at org.springframework.messaging.handler.invocation.InvocableHandlerMethod.getMethodArgumentValues(InvocableHandlerMethod.java:147)
	at org.springframework.messaging.handler.invocation.InvocableHandlerMethod.invoke(InvocableHandlerMethod.java:115)
	at org.springframework.jms.listener.adapter.MessagingMessageListenerAdapter.invokeHandler(MessagingMessageListenerAdapter.java:110)
	... 10 common frames omitted
Caused by: java.lang.ClassNotFoundException: com.epam.training.dto.TrainerWorkloadRequest
	at java.base/jdk.internal.loader.BuiltinClassLoader.loadClass(BuiltinClassLoader.java:641)
	at java.base/jdk.internal.loader.ClassLoaders$AppClassLoader.loadClass(ClassLoaders.java:188)
	at java.base/java.lang.ClassLoader.loadClass(ClassLoader.java:525)
	at java.base/java.lang.Class.forName0(Native Method)
	at java.base/java.lang.Class.forName(Class.java:469)
	at org.springframework.util.ClassUtils.forName(ClassUtils.java:304)
	at org.springframework.jms.support.converter.MappingJackson2MessageConverter.getJavaTypeForMessage(MappingJackson2MessageConverter.java:467)
	... 20 common frames omitted
2026-05-25 19:32:32 [org.springframework.jms.JmsListenerEndpointContainer#0-2] [txId=] WARN  o.s.j.l.DefaultMessageListenerContainer - Execution of JMS message listener failed, and no ErrorHandler has been set.
org.springframework.jms.listener.adapter.ListenerExecutionFailedException: Listener method 'public void com.epam.workload.messaging.WorkloadMessageListener.onWorkloadMessage(com.epam.workload.dto.TrainerWorkloadRequest,java.lang.String)' threw exception
	at org.springframework.jms.listener.adapter.MessagingMessageListenerAdapter.invokeHandler(MessagingMessageListenerAdapter.java:118)
	at org.springframework.jms.listener.adapter.MessagingMessageListenerAdapter.onMessage(MessagingMessageListenerAdapter.java:84)
	at org.springframework.jms.listener.AbstractMessageListenerContainer.doInvokeListener(AbstractMessageListenerContainer.java:783)
	at org.springframework.jms.listener.AbstractMessageListenerContainer.invokeListener(AbstractMessageListenerContainer.java:741)
	at org.springframework.jms.listener.AbstractMessageListenerContainer.doExecuteListener(AbstractMessageListenerContainer.java:719)
	at org.springframework.jms.listener.AbstractPollingMessageListenerContainer.doReceiveAndExecute(AbstractPollingMessageListenerContainer.java:333)
	at org.springframework.jms.listener.AbstractPollingMessageListenerContainer.receiveAndExecute(AbstractPollingMessageListenerContainer.java:270)
	at org.springframework.jms.listener.DefaultMessageListenerContainer$AsyncMessageListenerInvoker.invokeListener(DefaultMessageListenerContainer.java:1258)
	at org.springframework.jms.listener.DefaultMessageListenerContainer$AsyncMessageListenerInvoker.executeOngoingLoop(DefaultMessageListenerContainer.java:1248)
	at org.springframework.jms.listener.DefaultMessageListenerContainer$AsyncMessageListenerInvoker.run(DefaultMessageListenerContainer.java:1141)
	at java.base/java.lang.Thread.run(Thread.java:840)
Caused by: org.springframework.jms.support.converter.MessageConversionException: Failed to resolve type id [com.epam.training.dto.TrainerWorkloadRequest]
	at org.springframework.jms.support.converter.MappingJackson2MessageConverter.getJavaTypeForMessage(MappingJackson2MessageConverter.java:471)
	at org.springframework.jms.support.converter.MappingJackson2MessageConverter.fromMessage(MappingJackson2MessageConverter.java:241)
	at org.springframework.jms.listener.adapter.AbstractAdaptableMessageListener.extractMessage(AbstractAdaptableMessageListener.java:250)
	at org.springframework.jms.listener.adapter.AbstractAdaptableMessageListener$MessagingMessageConverterAdapter.extractPayload(AbstractAdaptableMessageListener.java:472)
	at org.springframework.jms.listener.adapter.AbstractAdaptableMessageListener$MessagingMessageConverterAdapter$LazyResolutionMessage.unwrapPayload(AbstractAdaptableMessageListener.java:539)
	at org.springframework.jms.listener.adapter.AbstractAdaptableMessageListener$MessagingMessageConverterAdapter$LazyResolutionMessage.getPayload(AbstractAdaptableMessageListener.java:521)
	at org.springframework.messaging.handler.annotation.support.PayloadMethodArgumentResolver.resolveArgument(PayloadMethodArgumentResolver.java:122)
	at org.springframework.messaging.handler.invocation.HandlerMethodArgumentResolverComposite.resolveArgument(HandlerMethodArgumentResolverComposite.java:118)
	at org.springframework.messaging.handler.invocation.InvocableHandlerMethod.getMethodArgumentValues(InvocableHandlerMethod.java:147)
	at org.springframework.messaging.handler.invocation.InvocableHandlerMethod.invoke(InvocableHandlerMethod.java:115)
	at org.springframework.jms.listener.adapter.MessagingMessageListenerAdapter.invokeHandler(MessagingMessageListenerAdapter.java:110)
	... 10 common frames omitted
Caused by: java.lang.ClassNotFoundException: com.epam.training.dto.TrainerWorkloadRequest
	at java.base/jdk.internal.loader.BuiltinClassLoader.loadClass(BuiltinClassLoader.java:641)
	at java.base/jdk.internal.loader.ClassLoaders$AppClassLoader.loadClass(ClassLoaders.java:188)
	at java.base/java.lang.ClassLoader.loadClass(ClassLoader.java:525)
	at java.base/java.lang.Class.forName0(Native Method)
	at java.base/java.lang.Class.forName(Class.java:469)
	at org.springframework.util.ClassUtils.forName(ClassUtils.java:304)
	at org.springframework.jms.support.converter.MappingJackson2MessageConverter.getJavaTypeForMessage(MappingJackson2MessageConverter.java:467)
	... 20 common frames omitted
2026-05-25 19:33:59 [AsyncResolver-bootstrap-executor-0] [txId=] INFO  c.n.d.s.r.aws.ConfigClusterResolver - Resolving eureka endpoints via configuration
2026-05-25 19:38:59 [AsyncResolver-bootstrap-executor-0] [txId=] INFO  c.n.d.s.r.aws.ConfigClusterResolver - Resolving eureka endpoints via configuration
2026-05-25 19:43:59 [AsyncResolver-bootstrap-executor-0] [txId=] INFO  c.n.d.s.r.aws.ConfigClusterResolver - Resolving eureka endpoints via configuration
2026-05-25 19:48:59 [AsyncResolver-bootstrap-executor-0] [txId=] INFO  c.n.d.s.r.aws.ConfigClusterResolver - Resolving eureka endpoints via configuration
2026-05-25 19:53:21 [SpringApplicationShutdownHook] [txId=] INFO  o.s.c.n.e.s.EurekaServiceRegistry - Unregistering application TRAINER-WORKLOAD-SERVICE with eureka with status DOWN
2026-05-25 19:53:21 [SpringApplicationShutdownHook] [txId=] INFO  c.netflix.discovery.DiscoveryClient - Saw local status change event StatusChangeEvent [timestamp=1779724401643, current=DOWN, previous=UP]
2026-05-25 19:53:21 [DiscoveryClient-InstanceInfoReplicator-0] [txId=] INFO  c.netflix.discovery.DiscoveryClient - DiscoveryClient_TRAINER-WORKLOAD-SERVICE/192.168.18.151:trainer-workload-service:8081: registering service...
2026-05-25 19:53:21 [DiscoveryClient-InstanceInfoReplicator-0] [txId=] INFO  c.netflix.discovery.DiscoveryClient - DiscoveryClient_TRAINER-WORKLOAD-SERVICE/192.168.18.151:trainer-workload-service:8081 - registration status: 204
2026-05-25 19:53:22 [SpringApplicationShutdownHook] [txId=] INFO  c.netflix.discovery.DiscoveryClient - Shutting down DiscoveryClient ...
2026-05-25 19:53:25 [SpringApplicationShutdownHook] [txId=] INFO  c.netflix.discovery.DiscoveryClient - Unregistering ...
2026-05-25 19:53:25 [SpringApplicationShutdownHook] [txId=] INFO  c.n.d.s.t.d.RedirectingEurekaHttpClient - Request execution error. endpoint=DefaultEndpoint{ serviceUrl='http://localhost:8761/eureka/} exception=I/O error on DELETE request for "http://localhost:8761/eureka/apps/TRAINER-WORKLOAD-SERVICE/192.168.18.151:trainer-workload-service:8081": Connect to http://localhost:8761 [localhost/127.0.0.1, localhost/0:0:0:0:0:0:0:1] failed: Connection refused stacktrace=org.springframework.web.client.ResourceAccessException: I/O error on DELETE request for "http://localhost:8761/eureka/apps/TRAINER-WORKLOAD-SERVICE/192.168.18.151:trainer-workload-service:8081": Connect to http://localhost:8761 [localhost/127.0.0.1, localhost/0:0:0:0:0:0:0:1] failed: Connection refused
	at org.springframework.web.client.RestTemplate.createResourceAccessException(RestTemplate.java:905)
	at org.springframework.web.client.RestTemplate.doExecute(RestTemplate.java:885)
	at org.springframework.web.client.RestTemplate.execute(RestTemplate.java:781)
	at org.springframework.web.client.RestTemplate.exchange(RestTemplate.java:663)
	at org.springframework.cloud.netflix.eureka.http.RestTemplateEurekaHttpClient.cancel(RestTemplateEurekaHttpClient.java:87)
	at com.netflix.discovery.shared.transport.decorator.EurekaHttpClientDecorator$2.execute(EurekaHttpClientDecorator.java:74)
	at com.netflix.discovery.shared.transport.decorator.RedirectingEurekaHttpClient.execute(RedirectingEurekaHttpClient.java:91)
	at com.netflix.discovery.shared.transport.decorator.EurekaHttpClientDecorator.cancel(EurekaHttpClientDecorator.java:71)
	at com.netflix.discovery.shared.transport.decorator.EurekaHttpClientDecorator$2.execute(EurekaHttpClientDecorator.java:74)
	at com.netflix.discovery.shared.transport.decorator.RetryableEurekaHttpClient.execute(RetryableEurekaHttpClient.java:120)
	at com.netflix.discovery.shared.transport.decorator.EurekaHttpClientDecorator.cancel(EurekaHttpClientDecorator.java:71)
	at com.netflix.discovery.shared.transport.decorator.EurekaHttpClientDecorator$2.execute(EurekaHttpClientDecorator.java:74)
	at com.netflix.discovery.shared.transport.decorator.SessionedEurekaHttpClient.execute(SessionedEurekaHttpClient.java:77)
	at com.netflix.discovery.shared.transport.decorator.EurekaHttpClientDecorator.cancel(EurekaHttpClientDecorator.java:71)
	at com.netflix.discovery.DiscoveryClient.unregister(DiscoveryClient.java:916)
	at com.netflix.discovery.DiscoveryClient.shutdown(DiscoveryClient.java:892)
	at java.base/jdk.internal.reflect.NativeMethodAccessorImpl.invoke0(Native Method)
	at java.base/jdk.internal.reflect.NativeMethodAccessorImpl.invoke(NativeMethodAccessorImpl.java:77)
	at java.base/jdk.internal.reflect.DelegatingMethodAccessorImpl.invoke(DelegatingMethodAccessorImpl.java:43)
	at java.base/java.lang.reflect.Method.invoke(Method.java:569)
	at org.springframework.beans.factory.annotation.InitDestroyAnnotationBeanPostProcessor$LifecycleMethod.invoke(InitDestroyAnnotationBeanPostProcessor.java:457)
	at org.springframework.beans.factory.annotation.InitDestroyAnnotationBeanPostProcessor$LifecycleMetadata.invokeDestroyMethods(InitDestroyAnnotationBeanPostProcessor.java:415)
	at org.springframework.beans.factory.annotation.InitDestroyAnnotationBeanPostProcessor.postProcessBeforeDestruction(InitDestroyAnnotationBeanPostProcessor.java:239)
	at org.springframework.beans.factory.support.DisposableBeanAdapter.destroy(DisposableBeanAdapter.java:202)
	at org.springframework.beans.factory.support.DisposableBeanAdapter.run(DisposableBeanAdapter.java:195)
	at org.springframework.cloud.context.scope.GenericScope$BeanLifecycleWrapper.destroy(GenericScope.java:389)
	at org.springframework.cloud.context.scope.GenericScope.destroy(GenericScope.java:136)
	at org.springframework.beans.factory.support.DisposableBeanAdapter.destroy(DisposableBeanAdapter.java:211)
	at org.springframework.beans.factory.support.DefaultSingletonBeanRegistry.destroyBean(DefaultSingletonBeanRegistry.java:587)
	at org.springframework.beans.factory.support.DefaultSingletonBeanRegistry.destroySingleton(DefaultSingletonBeanRegistry.java:559)
	at org.springframework.beans.factory.support.DefaultListableBeanFactory.destroySingleton(DefaultListableBeanFactory.java:1200)
	at org.springframework.beans.factory.support.DefaultSingletonBeanRegistry.destroySingletons(DefaultSingletonBeanRegistry.java:520)
	at org.springframework.beans.factory.support.DefaultListableBeanFactory.destroySingletons(DefaultListableBeanFactory.java:1193)
	at org.springframework.context.support.AbstractApplicationContext.destroyBeans(AbstractApplicationContext.java:1125)
	at org.springframework.context.support.AbstractApplicationContext.doClose(AbstractApplicationContext.java:1086)
	at org.springframework.boot.web.servlet.context.ServletWebServerApplicationContext.doClose(ServletWebServerApplicationContext.java:174)
	at org.springframework.context.support.AbstractApplicationContext.close(AbstractApplicationContext.java:1037)
	at org.springframework.boot.SpringApplicationShutdownHook.closeAndWait(SpringApplicationShutdownHook.java:145)
	at java.base/java.lang.Iterable.forEach(Iterable.java:75)
	at org.springframework.boot.SpringApplicationShutdownHook.run(SpringApplicationShutdownHook.java:114)
	at java.base/java.lang.Thread.run(Thread.java:840)
Caused by: org.apache.hc.client5.http.HttpHostConnectException: Connect to http://localhost:8761 [localhost/127.0.0.1, localhost/0:0:0:0:0:0:0:1] failed: Connection refused
	at java.base/sun.nio.ch.Net.pollConnect(Native Method)
	at java.base/sun.nio.ch.Net.pollConnectNow(Net.java:684)
	at java.base/sun.nio.ch.NioSocketImpl.timedFinishConnect(NioSocketImpl.java:554)
	at java.base/sun.nio.ch.NioSocketImpl.connect(NioSocketImpl.java:602)
	at java.base/java.net.SocksSocketImpl.connect(SocksSocketImpl.java:327)
	at java.base/java.net.Socket.connect(Socket.java:633)
	at org.apache.hc.client5.http.socket.PlainConnectionSocketFactory.lambda$connectSocket$0(PlainConnectionSocketFactory.java:85)
	at java.base/java.security.AccessController.doPrivileged(AccessController.java:569)
	at org.apache.hc.client5.http.socket.PlainConnectionSocketFactory.connectSocket(PlainConnectionSocketFactory.java:84)
	at org.apache.hc.client5.http.socket.ConnectionSocketFactory.connectSocket(ConnectionSocketFactory.java:113)
	at org.apache.hc.client5.http.impl.io.DefaultHttpClientConnectionOperator.connect(DefaultHttpClientConnectionOperator.java:181)
	at org.apache.hc.client5.http.impl.io.PoolingHttpClientConnectionManager.connect(PoolingHttpClientConnectionManager.java:447)
	at org.apache.hc.client5.http.impl.classic.InternalExecRuntime.connectEndpoint(InternalExecRuntime.java:162)
	at org.apache.hc.client5.http.impl.classic.InternalExecRuntime.connectEndpoint(InternalExecRuntime.java:172)
	at org.apache.hc.client5.http.impl.classic.ConnectExec.execute(ConnectExec.java:142)
	at org.apache.hc.client5.http.impl.classic.ExecChainElement.execute(ExecChainElement.java:51)
	at org.apache.hc.client5.http.impl.classic.ProtocolExec.execute(ProtocolExec.java:192)
	at org.apache.hc.client5.http.impl.classic.ExecChainElement.execute(ExecChainElement.java:51)
	at org.apache.hc.client5.http.impl.classic.HttpRequestRetryExec.execute(HttpRequestRetryExec.java:96)
	at org.apache.hc.client5.http.impl.classic.ExecChainElement.execute(ExecChainElement.java:51)
	at org.apache.hc.client5.http.impl.classic.ContentCompressionExec.execute(ContentCompressionExec.java:152)
	at org.apache.hc.client5.http.impl.classic.ExecChainElement.execute(ExecChainElement.java:51)
	at org.apache.hc.client5.http.impl.classic.RedirectExec.execute(RedirectExec.java:115)
	at org.apache.hc.client5.http.impl.classic.ExecChainElement.execute(ExecChainElement.java:51)
	at org.apache.hc.client5.http.impl.classic.InternalHttpClient.doExecute(InternalHttpClient.java:170)
	at org.apache.hc.client5.http.impl.classic.CloseableHttpClient.execute(CloseableHttpClient.java:87)
	at org.apache.hc.client5.http.impl.classic.CloseableHttpClient.execute(CloseableHttpClient.java:55)
	at org.apache.hc.client5.http.classic.HttpClient.executeOpen(HttpClient.java:183)
	at org.springframework.http.client.HttpComponentsClientHttpRequest.executeInternal(HttpComponentsClientHttpRequest.java:95)
	at org.springframework.http.client.AbstractStreamingClientHttpRequest.executeInternal(AbstractStreamingClientHttpRequest.java:70)
	at org.springframework.http.client.AbstractClientHttpRequest.execute(AbstractClientHttpRequest.java:66)
	at org.springframework.http.client.InterceptingClientHttpRequest$InterceptingRequestExecution.execute(InterceptingClientHttpRequest.java:101)
	at org.springframework.cloud.netflix.eureka.http.RestTemplateTransportClientFactory.lambda$restTemplate$0(RestTemplateTransportClientFactory.java:143)
	at org.springframework.http.client.InterceptingClientHttpRequest$InterceptingRequestExecution.execute(InterceptingClientHttpRequest.java:87)
	at org.springframework.http.client.InterceptingClientHttpRequest.executeInternal(InterceptingClientHttpRequest.java:71)
	at org.springframework.http.client.AbstractBufferingClientHttpRequest.executeInternal(AbstractBufferingClientHttpRequest.java:48)
	at org.springframework.http.client.AbstractClientHttpRequest.execute(AbstractClientHttpRequest.java:66)
	at org.springframework.web.client.RestTemplate.doExecute(RestTemplate.java:879)
	... 39 more

2026-05-25 19:53:25 [SpringApplicationShutdownHook] [txId=] WARN  c.n.d.s.t.d.RetryableEurekaHttpClient - Request execution failed with message: I/O error on DELETE request for "http://localhost:8761/eureka/apps/TRAINER-WORKLOAD-SERVICE/192.168.18.151:trainer-workload-service:8081": Connect to http://localhost:8761 [localhost/127.0.0.1, localhost/0:0:0:0:0:0:0:1] failed: Connection refused
2026-05-25 19:53:25 [SpringApplicationShutdownHook] [txId=] INFO  c.n.d.s.t.d.RedirectingEurekaHttpClient - Request execution error. endpoint=DefaultEndpoint{ serviceUrl='http://localhost:8761/eureka/}, exception=I/O error on DELETE request for "http://localhost:8761/eureka/apps/TRAINER-WORKLOAD-SERVICE/192.168.18.151:trainer-workload-service:8081": Connect to http://localhost:8761 [localhost/127.0.0.1, localhost/0:0:0:0:0:0:0:1] failed: Connection refused stacktrace=org.springframework.web.client.ResourceAccessException: I/O error on DELETE request for "http://localhost:8761/eureka/apps/TRAINER-WORKLOAD-SERVICE/192.168.18.151:trainer-workload-service:8081": Connect to http://localhost:8761 [localhost/127.0.0.1, localhost/0:0:0:0:0:0:0:1] failed: Connection refused
	at org.springframework.web.client.RestTemplate.createResourceAccessException(RestTemplate.java:905)
	at org.springframework.web.client.RestTemplate.doExecute(RestTemplate.java:885)
	at org.springframework.web.client.RestTemplate.execute(RestTemplate.java:781)
	at org.springframework.web.client.RestTemplate.exchange(RestTemplate.java:663)
	at org.springframework.cloud.netflix.eureka.http.RestTemplateEurekaHttpClient.cancel(RestTemplateEurekaHttpClient.java:87)
	at com.netflix.discovery.shared.transport.decorator.EurekaHttpClientDecorator$2.execute(EurekaHttpClientDecorator.java:74)
	at com.netflix.discovery.shared.transport.decorator.RedirectingEurekaHttpClient.executeOnNewServer(RedirectingEurekaHttpClient.java:121)
	at com.netflix.discovery.shared.transport.decorator.RedirectingEurekaHttpClient.execute(RedirectingEurekaHttpClient.java:80)
	at com.netflix.discovery.shared.transport.decorator.EurekaHttpClientDecorator.cancel(EurekaHttpClientDecorator.java:71)
	at com.netflix.discovery.shared.transport.decorator.EurekaHttpClientDecorator$2.execute(EurekaHttpClientDecorator.java:74)
	at com.netflix.discovery.shared.transport.decorator.RetryableEurekaHttpClient.execute(RetryableEurekaHttpClient.java:120)
	at com.netflix.discovery.shared.transport.decorator.EurekaHttpClientDecorator.cancel(EurekaHttpClientDecorator.java:71)
	at com.netflix.discovery.shared.transport.decorator.EurekaHttpClientDecorator$2.execute(EurekaHttpClientDecorator.java:74)
	at com.netflix.discovery.shared.transport.decorator.SessionedEurekaHttpClient.execute(SessionedEurekaHttpClient.java:77)
	at com.netflix.discovery.shared.transport.decorator.EurekaHttpClientDecorator.cancel(EurekaHttpClientDecorator.java:71)
	at com.netflix.discovery.DiscoveryClient.unregister(DiscoveryClient.java:916)
	at com.netflix.discovery.DiscoveryClient.shutdown(DiscoveryClient.java:892)
	at java.base/jdk.internal.reflect.NativeMethodAccessorImpl.invoke0(Native Method)
	at java.base/jdk.internal.reflect.NativeMethodAccessorImpl.invoke(NativeMethodAccessorImpl.java:77)
	at java.base/jdk.internal.reflect.DelegatingMethodAccessorImpl.invoke(DelegatingMethodAccessorImpl.java:43)
	at java.base/java.lang.reflect.Method.invoke(Method.java:569)
	at org.springframework.beans.factory.annotation.InitDestroyAnnotationBeanPostProcessor$LifecycleMethod.invoke(InitDestroyAnnotationBeanPostProcessor.java:457)
	at org.springframework.beans.factory.annotation.InitDestroyAnnotationBeanPostProcessor$LifecycleMetadata.invokeDestroyMethods(InitDestroyAnnotationBeanPostProcessor.java:415)
	at org.springframework.beans.factory.annotation.InitDestroyAnnotationBeanPostProcessor.postProcessBeforeDestruction(InitDestroyAnnotationBeanPostProcessor.java:239)
	at org.springframework.beans.factory.support.DisposableBeanAdapter.destroy(DisposableBeanAdapter.java:202)
	at org.springframework.beans.factory.support.DisposableBeanAdapter.run(DisposableBeanAdapter.java:195)
	at org.springframework.cloud.context.scope.GenericScope$BeanLifecycleWrapper.destroy(GenericScope.java:389)
	at org.springframework.cloud.context.scope.GenericScope.destroy(GenericScope.java:136)
	at org.springframework.beans.factory.support.DisposableBeanAdapter.destroy(DisposableBeanAdapter.java:211)
	at org.springframework.beans.factory.support.DefaultSingletonBeanRegistry.destroyBean(DefaultSingletonBeanRegistry.java:587)
	at org.springframework.beans.factory.support.DefaultSingletonBeanRegistry.destroySingleton(DefaultSingletonBeanRegistry.java:559)
	at org.springframework.beans.factory.support.DefaultListableBeanFactory.destroySingleton(DefaultListableBeanFactory.java:1200)
	at org.springframework.beans.factory.support.DefaultSingletonBeanRegistry.destroySingletons(DefaultSingletonBeanRegistry.java:520)
	at org.springframework.beans.factory.support.DefaultListableBeanFactory.destroySingletons(DefaultListableBeanFactory.java:1193)
	at org.springframework.context.support.AbstractApplicationContext.destroyBeans(AbstractApplicationContext.java:1125)
	at org.springframework.context.support.AbstractApplicationContext.doClose(AbstractApplicationContext.java:1086)
	at org.springframework.boot.web.servlet.context.ServletWebServerApplicationContext.doClose(ServletWebServerApplicationContext.java:174)
	at org.springframework.context.support.AbstractApplicationContext.close(AbstractApplicationContext.java:1037)
	at org.springframework.boot.SpringApplicationShutdownHook.closeAndWait(SpringApplicationShutdownHook.java:145)
	at java.base/java.lang.Iterable.forEach(Iterable.java:75)
	at org.springframework.boot.SpringApplicationShutdownHook.run(SpringApplicationShutdownHook.java:114)
	at java.base/java.lang.Thread.run(Thread.java:840)
Caused by: org.apache.hc.client5.http.HttpHostConnectException: Connect to http://localhost:8761 [localhost/127.0.0.1, localhost/0:0:0:0:0:0:0:1] failed: Connection refused
	at java.base/sun.nio.ch.Net.pollConnect(Native Method)
	at java.base/sun.nio.ch.Net.pollConnectNow(Net.java:684)
	at java.base/sun.nio.ch.NioSocketImpl.timedFinishConnect(NioSocketImpl.java:554)
	at java.base/sun.nio.ch.NioSocketImpl.connect(NioSocketImpl.java:602)
	at java.base/java.net.SocksSocketImpl.connect(SocksSocketImpl.java:327)
	at java.base/java.net.Socket.connect(Socket.java:633)
	at org.apache.hc.client5.http.socket.PlainConnectionSocketFactory.lambda$connectSocket$0(PlainConnectionSocketFactory.java:85)
	at java.base/java.security.AccessController.doPrivileged(AccessController.java:569)
	at org.apache.hc.client5.http.socket.PlainConnectionSocketFactory.connectSocket(PlainConnectionSocketFactory.java:84)
	at org.apache.hc.client5.http.socket.ConnectionSocketFactory.connectSocket(ConnectionSocketFactory.java:113)
	at org.apache.hc.client5.http.impl.io.DefaultHttpClientConnectionOperator.connect(DefaultHttpClientConnectionOperator.java:181)
	at org.apache.hc.client5.http.impl.io.PoolingHttpClientConnectionManager.connect(PoolingHttpClientConnectionManager.java:447)
	at org.apache.hc.client5.http.impl.classic.InternalExecRuntime.connectEndpoint(InternalExecRuntime.java:162)
	at org.apache.hc.client5.http.impl.classic.InternalExecRuntime.connectEndpoint(InternalExecRuntime.java:172)
	at org.apache.hc.client5.http.impl.classic.ConnectExec.execute(ConnectExec.java:142)
	at org.apache.hc.client5.http.impl.classic.ExecChainElement.execute(ExecChainElement.java:51)
	at org.apache.hc.client5.http.impl.classic.ProtocolExec.execute(ProtocolExec.java:192)
	at org.apache.hc.client5.http.impl.classic.ExecChainElement.execute(ExecChainElement.java:51)
	at org.apache.hc.client5.http.impl.classic.HttpRequestRetryExec.execute(HttpRequestRetryExec.java:96)
	at org.apache.hc.client5.http.impl.classic.ExecChainElement.execute(ExecChainElement.java:51)
	at org.apache.hc.client5.http.impl.classic.ContentCompressionExec.execute(ContentCompressionExec.java:152)
	at org.apache.hc.client5.http.impl.classic.ExecChainElement.execute(ExecChainElement.java:51)
	at org.apache.hc.client5.http.impl.classic.RedirectExec.execute(RedirectExec.java:115)
	at org.apache.hc.client5.http.impl.classic.ExecChainElement.execute(ExecChainElement.java:51)
	at org.apache.hc.client5.http.impl.classic.InternalHttpClient.doExecute(InternalHttpClient.java:170)
	at org.apache.hc.client5.http.impl.classic.CloseableHttpClient.execute(CloseableHttpClient.java:87)
	at org.apache.hc.client5.http.impl.classic.CloseableHttpClient.execute(CloseableHttpClient.java:55)
	at org.apache.hc.client5.http.classic.HttpClient.executeOpen(HttpClient.java:183)
	at org.springframework.http.client.HttpComponentsClientHttpRequest.executeInternal(HttpComponentsClientHttpRequest.java:95)
	at org.springframework.http.client.AbstractStreamingClientHttpRequest.executeInternal(AbstractStreamingClientHttpRequest.java:70)
	at org.springframework.http.client.AbstractClientHttpRequest.execute(AbstractClientHttpRequest.java:66)
	at org.springframework.http.client.InterceptingClientHttpRequest$InterceptingRequestExecution.execute(InterceptingClientHttpRequest.java:101)
	at org.springframework.cloud.netflix.eureka.http.RestTemplateTransportClientFactory.lambda$restTemplate$0(RestTemplateTransportClientFactory.java:143)
	at org.springframework.http.client.InterceptingClientHttpRequest$InterceptingRequestExecution.execute(InterceptingClientHttpRequest.java:87)
	at org.springframework.http.client.InterceptingClientHttpRequest.executeInternal(InterceptingClientHttpRequest.java:71)
	at org.springframework.http.client.AbstractBufferingClientHttpRequest.executeInternal(AbstractBufferingClientHttpRequest.java:48)
	at org.springframework.http.client.AbstractClientHttpRequest.execute(AbstractClientHttpRequest.java:66)
	at org.springframework.web.client.RestTemplate.doExecute(RestTemplate.java:879)
	... 40 more

2026-05-25 19:53:25 [SpringApplicationShutdownHook] [txId=] WARN  c.n.d.s.t.d.RetryableEurekaHttpClient - Request execution failed with message: I/O error on DELETE request for "http://localhost:8761/eureka/apps/TRAINER-WORKLOAD-SERVICE/192.168.18.151:trainer-workload-service:8081": Connect to http://localhost:8761 [localhost/127.0.0.1, localhost/0:0:0:0:0:0:0:1] failed: Connection refused
2026-05-25 19:53:25 [SpringApplicationShutdownHook] [txId=] ERROR c.netflix.discovery.DiscoveryClient - DiscoveryClient_TRAINER-WORKLOAD-SERVICE/192.168.18.151:trainer-workload-service:8081 - de-registration failedCannot execute request on any known server
com.netflix.discovery.shared.transport.TransportException: Cannot execute request on any known server
	at com.netflix.discovery.shared.transport.decorator.RetryableEurekaHttpClient.execute(RetryableEurekaHttpClient.java:112)
	at com.netflix.discovery.shared.transport.decorator.EurekaHttpClientDecorator.cancel(EurekaHttpClientDecorator.java:71)
	at com.netflix.discovery.shared.transport.decorator.EurekaHttpClientDecorator$2.execute(EurekaHttpClientDecorator.java:74)
	at com.netflix.discovery.shared.transport.decorator.SessionedEurekaHttpClient.execute(SessionedEurekaHttpClient.java:77)
	at com.netflix.discovery.shared.transport.decorator.EurekaHttpClientDecorator.cancel(EurekaHttpClientDecorator.java:71)
	at com.netflix.discovery.DiscoveryClient.unregister(DiscoveryClient.java:916)
	at com.netflix.discovery.DiscoveryClient.shutdown(DiscoveryClient.java:892)
	at java.base/jdk.internal.reflect.NativeMethodAccessorImpl.invoke0(Native Method)
	at java.base/jdk.internal.reflect.NativeMethodAccessorImpl.invoke(NativeMethodAccessorImpl.java:77)
	at java.base/jdk.internal.reflect.DelegatingMethodAccessorImpl.invoke(DelegatingMethodAccessorImpl.java:43)
	at java.base/java.lang.reflect.Method.invoke(Method.java:569)
	at org.springframework.beans.factory.annotation.InitDestroyAnnotationBeanPostProcessor$LifecycleMethod.invoke(InitDestroyAnnotationBeanPostProcessor.java:457)
	at org.springframework.beans.factory.annotation.InitDestroyAnnotationBeanPostProcessor$LifecycleMetadata.invokeDestroyMethods(InitDestroyAnnotationBeanPostProcessor.java:415)
	at org.springframework.beans.factory.annotation.InitDestroyAnnotationBeanPostProcessor.postProcessBeforeDestruction(InitDestroyAnnotationBeanPostProcessor.java:239)
	at org.springframework.beans.factory.support.DisposableBeanAdapter.destroy(DisposableBeanAdapter.java:202)
	at org.springframework.beans.factory.support.DisposableBeanAdapter.run(DisposableBeanAdapter.java:195)
	at org.springframework.cloud.context.scope.GenericScope$BeanLifecycleWrapper.destroy(GenericScope.java:389)
	at org.springframework.cloud.context.scope.GenericScope.destroy(GenericScope.java:136)
	at org.springframework.beans.factory.support.DisposableBeanAdapter.destroy(DisposableBeanAdapter.java:211)
	at org.springframework.beans.factory.support.DefaultSingletonBeanRegistry.destroyBean(DefaultSingletonBeanRegistry.java:587)
	at org.springframework.beans.factory.support.DefaultSingletonBeanRegistry.destroySingleton(DefaultSingletonBeanRegistry.java:559)
	at org.springframework.beans.factory.support.DefaultListableBeanFactory.destroySingleton(DefaultListableBeanFactory.java:1200)
	at org.springframework.beans.factory.support.DefaultSingletonBeanRegistry.destroySingletons(DefaultSingletonBeanRegistry.java:520)
	at org.springframework.beans.factory.support.DefaultListableBeanFactory.destroySingletons(DefaultListableBeanFactory.java:1193)
	at org.springframework.context.support.AbstractApplicationContext.destroyBeans(AbstractApplicationContext.java:1125)
	at org.springframework.context.support.AbstractApplicationContext.doClose(AbstractApplicationContext.java:1086)
	at org.springframework.boot.web.servlet.context.ServletWebServerApplicationContext.doClose(ServletWebServerApplicationContext.java:174)
	at org.springframework.context.support.AbstractApplicationContext.close(AbstractApplicationContext.java:1037)
	at org.springframework.boot.SpringApplicationShutdownHook.closeAndWait(SpringApplicationShutdownHook.java:145)
	at java.base/java.lang.Iterable.forEach(Iterable.java:75)
	at org.springframework.boot.SpringApplicationShutdownHook.run(SpringApplicationShutdownHook.java:114)
	at java.base/java.lang.Thread.run(Thread.java:840)
2026-05-25 19:53:25 [SpringApplicationShutdownHook] [txId=] INFO  c.netflix.discovery.DiscoveryClient - Completed shut down of DiscoveryClient
2026-05-25 20:03:32 [background-preinit] [txId=] INFO  o.h.validator.internal.util.Version - HV000001: Hibernate Validator 8.0.1.Final
2026-05-25 20:03:32 [main] [txId=] INFO  c.e.w.TrainerWorkloadApplication - Starting TrainerWorkloadApplication using Java 17.0.18 with PID 31558 (/Users/mariagevorgyan/Documents/Epam_Task1_Spring/trainer-workload-service/target/classes started by mariagevorgyan in /Users/mariagevorgyan/Documents/Epam_Task1_Spring/trainer-workload-service)
2026-05-25 20:03:32 [main] [txId=] DEBUG c.e.w.TrainerWorkloadApplication - Running with Spring Boot v3.2.0, Spring v6.1.1
2026-05-25 20:03:32 [main] [txId=] INFO  c.e.w.TrainerWorkloadApplication - No active profile set, falling back to 1 default profile: "default"
2026-05-25 20:03:33 [main] [txId=] INFO  o.s.d.r.c.RepositoryConfigurationDelegate - Bootstrapping Spring Data MongoDB repositories in DEFAULT mode.
2026-05-25 20:03:33 [main] [txId=] INFO  o.s.d.r.c.RepositoryConfigurationDelegate - Finished Spring Data repository scanning in 39 ms. Found 1 MongoDB repository interface.
2026-05-25 20:03:33 [main] [txId=] INFO  o.s.cloud.context.scope.GenericScope - BeanFactory id=be149368-3eec-309c-ac22-e7035301f0b5
2026-05-25 20:03:33 [main] [txId=] WARN  o.s.c.s.PostProcessorRegistrationDelegate$BeanPostProcessorChecker - Bean 'org.springframework.cloud.client.loadbalancer.LoadBalancerAutoConfiguration$LoadBalancerInterceptorConfig' of type [org.springframework.cloud.client.loadbalancer.LoadBalancerAutoConfiguration$LoadBalancerInterceptorConfig] is not eligible for getting processed by all BeanPostProcessors (for example: not eligible for auto-proxying). The currently created BeanPostProcessor [lbRestClientPostProcessor] is declared through a non-static factory method on that class; consider declaring it as static instead.
2026-05-25 20:03:33 [main] [txId=] WARN  o.s.c.s.PostProcessorRegistrationDelegate$BeanPostProcessorChecker - Bean 'org.springframework.cloud.loadbalancer.config.BlockingLoadBalancerClientAutoConfiguration' of type [org.springframework.cloud.loadbalancer.config.BlockingLoadBalancerClientAutoConfiguration] is not eligible for getting processed by all BeanPostProcessors (for example: not eligible for auto-proxying). Is this bean getting eagerly injected into a currently created BeanPostProcessor [lbRestClientPostProcessor]? Check the corresponding BeanPostProcessor declaration and its dependencies.
2026-05-25 20:03:33 [main] [txId=] WARN  o.s.c.s.PostProcessorRegistrationDelegate$BeanPostProcessorChecker - Bean 'org.springframework.cloud.loadbalancer.config.LoadBalancerAutoConfiguration' of type [org.springframework.cloud.loadbalancer.config.LoadBalancerAutoConfiguration] is not eligible for getting processed by all BeanPostProcessors (for example: not eligible for auto-proxying). Is this bean getting eagerly injected into a currently created BeanPostProcessor [lbRestClientPostProcessor]? Check the corresponding BeanPostProcessor declaration and its dependencies.
2026-05-25 20:03:33 [main] [txId=] WARN  o.s.c.s.PostProcessorRegistrationDelegate$BeanPostProcessorChecker - Bean 'org.springframework.cloud.commons.config.CommonsConfigAutoConfiguration' of type [org.springframework.cloud.commons.config.CommonsConfigAutoConfiguration] is not eligible for getting processed by all BeanPostProcessors (for example: not eligible for auto-proxying). Is this bean getting eagerly injected into a currently created BeanPostProcessor [lbRestClientPostProcessor]? Check the corresponding BeanPostProcessor declaration and its dependencies.
2026-05-25 20:03:33 [main] [txId=] WARN  o.s.c.s.PostProcessorRegistrationDelegate$BeanPostProcessorChecker - Bean 'org.springframework.cloud.client.loadbalancer.LoadBalancerDefaultMappingsProviderAutoConfiguration' of type [org.springframework.cloud.client.loadbalancer.LoadBalancerDefaultMappingsProviderAutoConfiguration] is not eligible for getting processed by all BeanPostProcessors (for example: not eligible for auto-proxying). Is this bean getting eagerly injected into a currently created BeanPostProcessor [lbRestClientPostProcessor]? Check the corresponding BeanPostProcessor declaration and its dependencies.
2026-05-25 20:03:33 [main] [txId=] WARN  o.s.c.s.PostProcessorRegistrationDelegate$BeanPostProcessorChecker - Bean 'loadBalancerClientsDefaultsMappingsProvider' of type [org.springframework.cloud.client.loadbalancer.LoadBalancerDefaultMappingsProviderAutoConfiguration$$Lambda$653/0x000000b801495a68] is not eligible for getting processed by all BeanPostProcessors (for example: not eligible for auto-proxying). Is this bean getting eagerly injected into a currently created BeanPostProcessor [lbRestClientPostProcessor]? Check the corresponding BeanPostProcessor declaration and its dependencies.
2026-05-25 20:03:33 [main] [txId=] WARN  o.s.c.s.PostProcessorRegistrationDelegate$BeanPostProcessorChecker - Bean 'defaultsBindHandlerAdvisor' of type [org.springframework.cloud.commons.config.DefaultsBindHandlerAdvisor] is not eligible for getting processed by all BeanPostProcessors (for example: not eligible for auto-proxying). Is this bean getting eagerly injected into a currently created BeanPostProcessor [lbRestClientPostProcessor]? Check the corresponding BeanPostProcessor declaration and its dependencies.
2026-05-25 20:03:33 [main] [txId=] WARN  o.s.c.s.PostProcessorRegistrationDelegate$BeanPostProcessorChecker - Bean 'spring.cloud.loadbalancer-org.springframework.cloud.client.loadbalancer.LoadBalancerClientsProperties' of type [org.springframework.cloud.client.loadbalancer.LoadBalancerClientsProperties] is not eligible for getting processed by all BeanPostProcessors (for example: not eligible for auto-proxying). Is this bean getting eagerly injected into a currently created BeanPostProcessor [lbRestClientPostProcessor]? Check the corresponding BeanPostProcessor declaration and its dependencies.
2026-05-25 20:03:33 [main] [txId=] WARN  o.s.c.s.PostProcessorRegistrationDelegate$BeanPostProcessorChecker - Bean 'default.org.springframework.cloud.loadbalancer.config.LoadBalancerAutoConfiguration.LoadBalancerClientSpecification' of type [org.springframework.cloud.loadbalancer.annotation.LoadBalancerClientSpecification] is not eligible for getting processed by all BeanPostProcessors (for example: not eligible for auto-proxying). Is this bean getting eagerly injected into a currently created BeanPostProcessor [lbRestClientPostProcessor]? Check the corresponding BeanPostProcessor declaration and its dependencies.
2026-05-25 20:03:33 [main] [txId=] WARN  o.s.c.s.PostProcessorRegistrationDelegate$BeanPostProcessorChecker - Bean 'default.org.springframework.cloud.loadbalancer.config.BlockingLoadBalancerClientAutoConfiguration.LoadBalancerClientSpecification' of type [org.springframework.cloud.loadbalancer.annotation.LoadBalancerClientSpecification] is not eligible for getting processed by all BeanPostProcessors (for example: not eligible for auto-proxying). Is this bean getting eagerly injected into a currently created BeanPostProcessor [lbRestClientPostProcessor]? Check the corresponding BeanPostProcessor declaration and its dependencies.
2026-05-25 20:03:33 [main] [txId=] WARN  o.s.c.s.PostProcessorRegistrationDelegate$BeanPostProcessorChecker - Bean 'default.org.springframework.cloud.netflix.eureka.loadbalancer.LoadBalancerEurekaAutoConfiguration.LoadBalancerClientSpecification' of type [org.springframework.cloud.loadbalancer.annotation.LoadBalancerClientSpecification] is not eligible for getting processed by all BeanPostProcessors (for example: not eligible for auto-proxying). Is this bean getting eagerly injected into a currently created BeanPostProcessor [lbRestClientPostProcessor]? Check the corresponding BeanPostProcessor declaration and its dependencies.
2026-05-25 20:03:33 [main] [txId=] WARN  o.s.c.s.PostProcessorRegistrationDelegate$BeanPostProcessorChecker - Bean 'loadBalancerClientFactory' of type [org.springframework.cloud.loadbalancer.support.LoadBalancerClientFactory] is not eligible for getting processed by all BeanPostProcessors (for example: not eligible for auto-proxying). Is this bean getting eagerly injected into a currently created BeanPostProcessor [lbRestClientPostProcessor]? Check the corresponding BeanPostProcessor declaration and its dependencies.
2026-05-25 20:03:33 [main] [txId=] WARN  o.s.c.s.PostProcessorRegistrationDelegate$BeanPostProcessorChecker - Bean 'blockingLoadBalancerClient' of type [org.springframework.cloud.loadbalancer.blocking.client.BlockingLoadBalancerClient] is not eligible for getting processed by all BeanPostProcessors (for example: not eligible for auto-proxying). Is this bean getting eagerly injected into a currently created BeanPostProcessor [lbRestClientPostProcessor]? Check the corresponding BeanPostProcessor declaration and its dependencies.
2026-05-25 20:03:33 [main] [txId=] WARN  o.s.c.s.PostProcessorRegistrationDelegate$BeanPostProcessorChecker - Bean 'loadBalancerServiceInstanceCookieTransformer' of type [org.springframework.cloud.loadbalancer.core.LoadBalancerServiceInstanceCookieTransformer] is not eligible for getting processed by all BeanPostProcessors (for example: not eligible for auto-proxying). Is this bean getting eagerly injected into a currently created BeanPostProcessor [lbRestClientPostProcessor]? Check the corresponding BeanPostProcessor declaration and its dependencies.
2026-05-25 20:03:33 [main] [txId=] WARN  o.s.c.s.PostProcessorRegistrationDelegate$BeanPostProcessorChecker - Bean 'xForwarderHeadersTransformer' of type [org.springframework.cloud.loadbalancer.blocking.XForwardedHeadersTransformer] is not eligible for getting processed by all BeanPostProcessors (for example: not eligible for auto-proxying). Is this bean getting eagerly injected into a currently created BeanPostProcessor [lbRestClientPostProcessor]? Check the corresponding BeanPostProcessor declaration and its dependencies.
2026-05-25 20:03:33 [main] [txId=] WARN  o.s.c.s.PostProcessorRegistrationDelegate$BeanPostProcessorChecker - Bean 'org.springframework.cloud.client.loadbalancer.LoadBalancerAutoConfiguration' of type [org.springframework.cloud.client.loadbalancer.LoadBalancerAutoConfiguration] is not eligible for getting processed by all BeanPostProcessors (for example: not eligible for auto-proxying). Is this bean getting eagerly injected into a currently created BeanPostProcessor [lbRestClientPostProcessor]? Check the corresponding BeanPostProcessor declaration and its dependencies.
2026-05-25 20:03:33 [main] [txId=] WARN  o.s.c.s.PostProcessorRegistrationDelegate$BeanPostProcessorChecker - Bean 'loadBalancerRequestFactory' of type [org.springframework.cloud.client.loadbalancer.LoadBalancerRequestFactory] is not eligible for getting processed by all BeanPostProcessors (for example: not eligible for auto-proxying). Is this bean getting eagerly injected into a currently created BeanPostProcessor [lbRestClientPostProcessor]? Check the corresponding BeanPostProcessor declaration and its dependencies.
2026-05-25 20:03:33 [main] [txId=] WARN  o.s.c.s.PostProcessorRegistrationDelegate$BeanPostProcessorChecker - Bean 'loadBalancerInterceptor' of type [org.springframework.cloud.client.loadbalancer.LoadBalancerInterceptor] is not eligible for getting processed by all BeanPostProcessors (for example: not eligible for auto-proxying). Is this bean getting eagerly injected into a currently created BeanPostProcessor [lbRestClientPostProcessor]? Check the corresponding BeanPostProcessor declaration and its dependencies.
2026-05-25 20:03:33 [main] [txId=] INFO  o.s.b.w.e.tomcat.TomcatWebServer - Tomcat initialized with port 8081 (http)
2026-05-25 20:03:33 [main] [txId=] INFO  o.a.coyote.http11.Http11NioProtocol - Initializing ProtocolHandler ["http-nio-8081"]
2026-05-25 20:03:33 [main] [txId=] INFO  o.a.catalina.core.StandardService - Starting service [Tomcat]
2026-05-25 20:03:33 [main] [txId=] INFO  o.a.catalina.core.StandardEngine - Starting Servlet engine: [Apache Tomcat/10.1.16]
2026-05-25 20:03:33 [main] [txId=] INFO  o.a.c.c.C.[Tomcat].[localhost].[/] - Initializing Spring embedded WebApplicationContext
2026-05-25 20:03:33 [main] [txId=] INFO  o.s.b.w.s.c.ServletWebServerApplicationContext - Root WebApplicationContext: initialization completed in 477 ms
2026-05-25 20:03:33 [main] [txId=] DEBUG c.e.w.l.TransactionLoggingFilter - Filter 'transactionLoggingFilter' configured for use
2026-05-25 20:03:33 [main] [txId=] DEBUG c.e.workload.security.JwtAuthFilter - Filter 'jwtAuthFilter' configured for use
2026-05-25 20:03:33 [main] [txId=] INFO  org.mongodb.driver.client - MongoClient with metadata {"driver": {"name": "mongo-java-driver|sync|spring-boot", "version": "4.11.1"}, "os": {"type": "Darwin", "name": "Mac OS X", "architecture": "aarch64", "version": "26.5"}, "platform": "Java/Microsoft/17.0.18+8-LTS"} created with settings MongoClientSettings{readPreference=primary, writeConcern=WriteConcern{w=null, wTimeout=null ms, journal=null}, retryWrites=true, retryReads=true, readConcern=ReadConcern{level=null}, credential=null, transportSettings=null, streamFactoryFactory=null, commandListeners=[io.micrometer.core.instrument.binder.mongodb.MongoMetricsCommandListener@5f5c187d], codecRegistry=ProvidersCodecRegistry{codecProviders=[ValueCodecProvider{}, BsonValueCodecProvider{}, DBRefCodecProvider{}, DBObjectCodecProvider{}, DocumentCodecProvider{}, CollectionCodecProvider{}, IterableCodecProvider{}, MapCodecProvider{}, GeoJsonCodecProvider{}, GridFSFileCodecProvider{}, Jsr310CodecProvider{}, JsonObjectCodecProvider{}, BsonCodecProvider{}, EnumCodecProvider{}, com.mongodb.client.model.mql.ExpressionCodecProvider@464400b3, com.mongodb.Jep395RecordCodecProvider@58182b96, com.mongodb.KotlinCodecProvider@37d6dddc]}, loggerSettings=LoggerSettings{maxDocumentLength=1000}, clusterSettings={hosts=[localhost:27017], srvServiceName=mongodb, mode=SINGLE, requiredClusterType=UNKNOWN, requiredReplicaSetName='null', serverSelector='null', clusterListeners='[]', serverSelectionTimeout='30000 ms', localThreshold='15 ms'}, socketSettings=SocketSettings{connectTimeoutMS=10000, readTimeoutMS=0, receiveBufferSize=0, proxySettings=ProxySettings{host=null, port=null, username=null, password=null}}, heartbeatSocketSettings=SocketSettings{connectTimeoutMS=10000, readTimeoutMS=10000, receiveBufferSize=0, proxySettings=ProxySettings{host=null, port=null, username=null, password=null}}, connectionPoolSettings=ConnectionPoolSettings{maxSize=100, minSize=0, maxWaitTimeMS=120000, maxConnectionLifeTimeMS=0, maxConnectionIdleTimeMS=0, maintenanceInitialDelayMS=0, maintenanceFrequencyMS=60000, connectionPoolListeners=[io.micrometer.core.instrument.binder.mongodb.MongoMetricsConnectionPoolListener@8f6b4ab], maxConnecting=2}, serverSettings=ServerSettings{heartbeatFrequencyMS=10000, minHeartbeatFrequencyMS=500, serverListeners='[]', serverMonitorListeners='[]'}, sslSettings=SslSettings{enabled=false, invalidHostNameAllowed=false, context=null}, applicationName='null', compressorList=[], uuidRepresentation=JAVA_LEGACY, serverApi=null, autoEncryptionSettings=null, dnsClient=null, inetAddressResolver=null, contextProvider=null}
2026-05-25 20:03:33 [cluster-ClusterId{value='6a1472d529978c0d1a231eb4', description='null'}-localhost:27017] [txId=] INFO  org.mongodb.driver.cluster - Monitor thread successfully connected to server with description ServerDescription{address=localhost:27017, type=STANDALONE, state=CONNECTED, ok=true, minWireVersion=0, maxWireVersion=27, maxDocumentSize=16777216, logicalSessionTimeoutMinutes=30, roundTripTimeNanos=6182125}
2026-05-25 20:03:33 [main] [txId=] WARN  o.s.b.a.s.s.UserDetailsServiceAutoConfiguration - 

Using generated security password: 08e409b2-9cc5-49b0-8cfb-1ebd268079a9

This generated password is for development use only. Your security configuration must be updated before running your application in production.

2026-05-25 20:03:33 [main] [txId=] INFO  o.s.b.a.e.web.EndpointLinksResolver - Exposing 2 endpoint(s) beneath base path '/actuator'
2026-05-25 20:03:33 [main] [txId=] INFO  o.s.s.web.DefaultSecurityFilterChain - Will secure any request with [org.springframework.security.web.session.DisableEncodeUrlFilter@49f1184e, org.springframework.security.web.context.request.async.WebAsyncManagerIntegrationFilter@7ebaf0d, org.springframework.security.web.context.SecurityContextHolderFilter@155c7eae, org.springframework.security.web.header.HeaderWriterFilter@62ee1c89, org.springframework.web.filter.CorsFilter@694b1ddb, org.springframework.security.web.authentication.logout.LogoutFilter@a859c5, com.epam.workload.security.JwtAuthFilter@203b953c, org.springframework.security.web.savedrequest.RequestCacheAwareFilter@5d00b469, org.springframework.security.web.servletapi.SecurityContextHolderAwareRequestFilter@dd07be8, org.springframework.security.web.authentication.AnonymousAuthenticationFilter@5690c2a8, org.springframework.security.web.session.SessionManagementFilter@17dbca0a, org.springframework.security.web.access.ExceptionTranslationFilter@56fa0ef, org.springframework.security.web.access.intercept.AuthorizationFilter@6cc44207]
2026-05-25 20:03:33 [main] [txId=] INFO  o.s.c.n.e.c.DiscoveryClientOptionalArgsConfiguration - Eureka HTTP Client uses RestTemplate.
2026-05-25 20:03:33 [main] [txId=] WARN  o.s.c.l.c.LoadBalancerCacheAutoConfiguration$LoadBalancerCaffeineWarnLogger - Spring Cloud LoadBalancer is currently working with the default cache. While this cache implementation is useful for development and tests, it's recommended to use Caffeine cache in production.You can switch to using Caffeine cache, by adding it and org.springframework.cache.caffeine.CaffeineCacheManager to the classpath.
2026-05-25 20:03:33 [main] [txId=] INFO  o.s.c.n.eureka.InstanceInfoFactory - Setting initial instance status as: STARTING
2026-05-25 20:03:33 [main] [txId=] INFO  c.netflix.discovery.DiscoveryClient - Initializing Eureka in region us-east-1
2026-05-25 20:03:33 [main] [txId=] INFO  c.n.d.s.r.aws.ConfigClusterResolver - Resolving eureka endpoints via configuration
2026-05-25 20:03:33 [main] [txId=] INFO  c.netflix.discovery.DiscoveryClient - Disable delta property : false
2026-05-25 20:03:33 [main] [txId=] INFO  c.netflix.discovery.DiscoveryClient - Single vip registry refresh property : null
2026-05-25 20:03:33 [main] [txId=] INFO  c.netflix.discovery.DiscoveryClient - Force full registry fetch : false
2026-05-25 20:03:33 [main] [txId=] INFO  c.netflix.discovery.DiscoveryClient - Application is null : false
2026-05-25 20:03:33 [main] [txId=] INFO  c.netflix.discovery.DiscoveryClient - Registered Applications size is zero : true
2026-05-25 20:03:33 [main] [txId=] INFO  c.netflix.discovery.DiscoveryClient - Application version is -1: true
2026-05-25 20:03:33 [main] [txId=] INFO  c.netflix.discovery.DiscoveryClient - Getting all instance registry info from the eureka server
2026-05-25 20:03:34 [main] [txId=] INFO  c.netflix.discovery.DiscoveryClient - The response status is 200
2026-05-25 20:03:34 [main] [txId=] INFO  c.netflix.discovery.DiscoveryClient - Starting heartbeat executor: renew interval is: 30
2026-05-25 20:03:34 [main] [txId=] INFO  c.n.discovery.InstanceInfoReplicator - InstanceInfoReplicator onDemand update allowed rate per min is 4
2026-05-25 20:03:34 [main] [txId=] INFO  c.netflix.discovery.DiscoveryClient - Discovery Client initialized at timestamp 1779725014054 with initial instances count: 0
2026-05-25 20:03:34 [main] [txId=] INFO  o.s.c.n.e.s.EurekaServiceRegistry - Registering application TRAINER-WORKLOAD-SERVICE with eureka with status UP
2026-05-25 20:03:34 [main] [txId=] INFO  c.netflix.discovery.DiscoveryClient - Saw local status change event StatusChangeEvent [timestamp=1779725014055, current=UP, previous=STARTING]
2026-05-25 20:03:34 [DiscoveryClient-InstanceInfoReplicator-0] [txId=] INFO  c.netflix.discovery.DiscoveryClient - DiscoveryClient_TRAINER-WORKLOAD-SERVICE/192.168.18.151:trainer-workload-service:8081: registering service...
2026-05-25 20:03:34 [main] [txId=] INFO  o.a.coyote.http11.Http11NioProtocol - Starting ProtocolHandler ["http-nio-8081"]
2026-05-25 20:03:34 [main] [txId=] INFO  o.s.b.w.e.tomcat.TomcatWebServer - Tomcat started on port 8081 (http) with context path ''
2026-05-25 20:03:34 [main] [txId=] INFO  o.s.c.n.e.s.EurekaAutoServiceRegistration - Updating port to 8081
2026-05-25 20:03:34 [DiscoveryClient-InstanceInfoReplicator-0] [txId=] INFO  c.netflix.discovery.DiscoveryClient - DiscoveryClient_TRAINER-WORKLOAD-SERVICE/192.168.18.151:trainer-workload-service:8081 - registration status: 204
2026-05-25 20:03:34 [main] [txId=] INFO  c.e.w.TrainerWorkloadApplication - Started TrainerWorkloadApplication in 1.471 seconds (process running for 1.594)
2026-05-25 20:03:43 [http-nio-8081-exec-1] [txId=] INFO  o.a.c.c.C.[Tomcat].[localhost].[/] - Initializing Spring DispatcherServlet 'dispatcherServlet'
2026-05-25 20:03:43 [http-nio-8081-exec-1] [txId=] INFO  o.s.web.servlet.DispatcherServlet - Initializing Servlet 'dispatcherServlet'
2026-05-25 20:03:43 [http-nio-8081-exec-1] [txId=] INFO  o.s.web.servlet.DispatcherServlet - Completed initialization in 1 ms
2026-05-25 20:03:43 [http-nio-8081-exec-1] [txId=] WARN  o.s.w.s.h.HandlerMappingIntrospector - Cache miss for REQUEST dispatch to '/api/trainer-workload' (previous null). Performing CorsConfiguration lookup. This is logged once only at WARN level, and every time at TRACE.
2026-05-25 20:03:43 [http-nio-8081-exec-1] [txId=] WARN  o.s.w.s.h.HandlerMappingIntrospector - Cache miss for REQUEST dispatch to '/api/trainer-workload' (previous null). Performing MatchableHandlerMapping lookup. This is logged once only at WARN level, and every time at TRACE.
2026-05-25 20:03:43 [http-nio-8081-exec-1] [txId=demo-tx-001] INFO  c.e.w.l.TransactionLoggingFilter - [TRANSACTION] endpoint=/api/trainer-workload method=GET transactionId=demo-tx-001
2026-05-25 20:03:43 [http-nio-8081-exec-1] [txId=demo-tx-001] WARN  o.s.w.s.m.s.DefaultHandlerExceptionResolver - Resolved [org.springframework.web.HttpRequestMethodNotSupportedException: Request method 'GET' is not supported]
2026-05-25 20:03:43 [http-nio-8081-exec-1] [txId=demo-tx-001] INFO  c.e.w.l.TransactionLoggingFilter - [TRANSACTION] endpoint=/api/trainer-workload status=405 transactionId=demo-tx-001
2026-05-25 20:03:55 [http-nio-8081-exec-2] [txId=demo-tx-001] INFO  c.e.w.l.TransactionLoggingFilter - [TRANSACTION] endpoint=/api/trainer-workload method=GET transactionId=demo-tx-001
2026-05-25 20:03:55 [http-nio-8081-exec-2] [txId=demo-tx-001] WARN  o.s.w.s.m.s.DefaultHandlerExceptionResolver - Resolved [org.springframework.web.HttpRequestMethodNotSupportedException: Request method 'GET' is not supported]
2026-05-25 20:03:55 [http-nio-8081-exec-2] [txId=demo-tx-001] INFO  c.e.w.l.TransactionLoggingFilter - [TRANSACTION] endpoint=/api/trainer-workload status=405 transactionId=demo-tx-001
2026-05-25 20:04:04 [DiscoveryClient-CacheRefreshExecutor-0] [txId=] INFO  c.netflix.discovery.DiscoveryClient - Disable delta property : false
2026-05-25 20:04:04 [DiscoveryClient-CacheRefreshExecutor-0] [txId=] INFO  c.netflix.discovery.DiscoveryClient - Single vip registry refresh property : null
2026-05-25 20:04:04 [DiscoveryClient-CacheRefreshExecutor-0] [txId=] INFO  c.netflix.discovery.DiscoveryClient - Force full registry fetch : false
2026-05-25 20:04:04 [DiscoveryClient-CacheRefreshExecutor-0] [txId=] INFO  c.netflix.discovery.DiscoveryClient - Application is null : false
2026-05-25 20:04:04 [DiscoveryClient-CacheRefreshExecutor-0] [txId=] INFO  c.netflix.discovery.DiscoveryClient - Registered Applications size is zero : true
2026-05-25 20:04:04 [DiscoveryClient-CacheRefreshExecutor-0] [txId=] INFO  c.netflix.discovery.DiscoveryClient - Application version is -1: false
2026-05-25 20:04:04 [DiscoveryClient-CacheRefreshExecutor-0] [txId=] INFO  c.netflix.discovery.DiscoveryClient - Getting all instance registry info from the eureka server
2026-05-25 20:04:04 [DiscoveryClient-CacheRefreshExecutor-0] [txId=] INFO  c.netflix.discovery.DiscoveryClient - The response status is 200
2026-05-25 20:08:34 [AsyncResolver-bootstrap-executor-0] [txId=] INFO  c.n.d.s.r.aws.ConfigClusterResolver - Resolving eureka endpoints via configuration
2026-05-25 20:13:34 [AsyncResolver-bootstrap-executor-0] [txId=] INFO  c.n.d.s.r.aws.ConfigClusterResolver - Resolving eureka endpoints via configuration
2026-05-25 21:09:21 [AsyncResolver-bootstrap-executor-0] [txId=] INFO  c.n.d.s.r.aws.ConfigClusterResolver - Resolving eureka endpoints via configuration
2026-05-25 21:14:21 [AsyncResolver-bootstrap-executor-0] [txId=] INFO  c.n.d.s.r.aws.ConfigClusterResolver - Resolving eureka endpoints via configuration
2026-05-25 21:19:21 [AsyncResolver-bootstrap-executor-0] [txId=] INFO  c.n.d.s.r.aws.ConfigClusterResolver - Resolving eureka endpoints via configuration
2026-05-25 21:24:21 [AsyncResolver-bootstrap-executor-0] [txId=] INFO  c.n.d.s.r.aws.ConfigClusterResolver - Resolving eureka endpoints via configuration
2026-05-25 21:29:21 [AsyncResolver-bootstrap-executor-0] [txId=] INFO  c.n.d.s.r.aws.ConfigClusterResolver - Resolving eureka endpoints via configuration
2026-05-25 21:34:21 [AsyncResolver-bootstrap-executor-0] [txId=] INFO  c.n.d.s.r.aws.ConfigClusterResolver - Resolving eureka endpoints via configuration
2026-05-25 21:39:21 [AsyncResolver-bootstrap-executor-0] [txId=] INFO  c.n.d.s.r.aws.ConfigClusterResolver - Resolving eureka endpoints via configuration
2026-05-25 21:44:21 [AsyncResolver-bootstrap-executor-0] [txId=] INFO  c.n.d.s.r.aws.ConfigClusterResolver - Resolving eureka endpoints via configuration
2026-05-25 21:49:21 [AsyncResolver-bootstrap-executor-0] [txId=] INFO  c.n.d.s.r.aws.ConfigClusterResolver - Resolving eureka endpoints via configuration
2026-05-25 21:54:21 [AsyncResolver-bootstrap-executor-0] [txId=] INFO  c.n.d.s.r.aws.ConfigClusterResolver - Resolving eureka endpoints via configuration
2026-05-25 21:59:21 [AsyncResolver-bootstrap-executor-0] [txId=] INFO  c.n.d.s.r.aws.ConfigClusterResolver - Resolving eureka endpoints via configuration
2026-05-25 22:04:21 [AsyncResolver-bootstrap-executor-0] [txId=] INFO  c.n.d.s.r.aws.ConfigClusterResolver - Resolving eureka endpoints via configuration
2026-05-25 22:09:21 [AsyncResolver-bootstrap-executor-0] [txId=] INFO  c.n.d.s.r.aws.ConfigClusterResolver - Resolving eureka endpoints via configuration
2026-05-25 22:14:21 [AsyncResolver-bootstrap-executor-0] [txId=] INFO  c.n.d.s.r.aws.ConfigClusterResolver - Resolving eureka endpoints via configuration
2026-05-25 22:19:21 [AsyncResolver-bootstrap-executor-0] [txId=] INFO  c.n.d.s.r.aws.ConfigClusterResolver - Resolving eureka endpoints via configuration
2026-05-25 22:24:21 [AsyncResolver-bootstrap-executor-0] [txId=] INFO  c.n.d.s.r.aws.ConfigClusterResolver - Resolving eureka endpoints via configuration
2026-05-25 22:29:21 [AsyncResolver-bootstrap-executor-0] [txId=] INFO  c.n.d.s.r.aws.ConfigClusterResolver - Resolving eureka endpoints via configuration
2026-05-25 22:34:21 [AsyncResolver-bootstrap-executor-0] [txId=] INFO  c.n.d.s.r.aws.ConfigClusterResolver - Resolving eureka endpoints via configuration
2026-05-25 22:39:21 [AsyncResolver-bootstrap-executor-0] [txId=] INFO  c.n.d.s.r.aws.ConfigClusterResolver - Resolving eureka endpoints via configuration
2026-05-25 22:39:57 [http-nio-8081-exec-4] [txId=demo-tx-001] INFO  c.e.w.l.TransactionLoggingFilter - [TRANSACTION] endpoint=/api/trainer-workload method=GET transactionId=demo-tx-001
2026-05-25 22:39:57 [http-nio-8081-exec-4] [txId=demo-tx-001] WARN  o.s.w.s.m.s.DefaultHandlerExceptionResolver - Resolved [org.springframework.web.HttpRequestMethodNotSupportedException: Request method 'GET' is not supported]
2026-05-25 22:39:57 [http-nio-8081-exec-4] [txId=demo-tx-001] INFO  c.e.w.l.TransactionLoggingFilter - [TRANSACTION] endpoint=/api/trainer-workload status=405 transactionId=demo-tx-001
2026-05-25 22:40:23 [http-nio-8081-exec-5] [txId=demo-tx-001] INFO  c.e.w.l.TransactionLoggingFilter - [TRANSACTION] endpoint=/api/trainer-workload/john.doe method=GET transactionId=demo-tx-001
2026-05-25 22:40:23 [http-nio-8081-exec-5] [txId=demo-tx-001] INFO  c.e.w.c.TrainerWorkloadController - Fetching workload summary for trainer 'john.doe'
2026-05-25 22:40:23 [http-nio-8081-exec-5] [txId=demo-tx-001] DEBUG c.e.w.service.TrainerWorkloadService - [TX:demo-tx-001] Fetching summary for trainer='john.doe'
2026-05-25 22:40:23 [http-nio-8081-exec-5] [txId=demo-tx-001] WARN  c.e.w.service.TrainerWorkloadService - [TX:demo-tx-001] No summary found for trainer='john.doe'
2026-05-25 22:40:23 [http-nio-8081-exec-5] [txId=demo-tx-001] WARN  c.e.w.c.TrainerWorkloadController - No summary found for trainer 'john.doe'
2026-05-25 22:40:23 [http-nio-8081-exec-5] [txId=demo-tx-001] INFO  c.e.w.l.TransactionLoggingFilter - [TRANSACTION] endpoint=/api/trainer-workload/john.doe status=404 transactionId=demo-tx-001
2026-05-25 22:44:21 [AsyncResolver-bootstrap-executor-0] [txId=] INFO  c.n.d.s.r.aws.ConfigClusterResolver - Resolving eureka endpoints via configuration
2026-05-25 22:49:21 [AsyncResolver-bootstrap-executor-0] [txId=] INFO  c.n.d.s.r.aws.ConfigClusterResolver - Resolving eureka endpoints via configuration
2026-05-25 22:54:21 [AsyncResolver-bootstrap-executor-0] [txId=] INFO  c.n.d.s.r.aws.ConfigClusterResolver - Resolving eureka endpoints via configuration
2026-05-25 22:59:21 [AsyncResolver-bootstrap-executor-0] [txId=] INFO  c.n.d.s.r.aws.ConfigClusterResolver - Resolving eureka endpoints via configuration
2026-05-25 23:04:21 [AsyncResolver-bootstrap-executor-0] [txId=] INFO  c.n.d.s.r.aws.ConfigClusterResolver - Resolving eureka endpoints via configuration
2026-05-25 23:04:57 [org.springframework.jms.JmsListenerEndpointContainer#0-1] [txId=] WARN  o.s.j.l.DefaultMessageListenerContainer - Execution of JMS message listener failed, and no ErrorHandler has been set.
org.springframework.jms.listener.adapter.ListenerExecutionFailedException: Listener method 'public void com.epam.workload.messaging.WorkloadMessageListener.onWorkloadMessage(com.epam.workload.dto.TrainerWorkloadRequest,java.lang.String)' threw exception
	at org.springframework.jms.listener.adapter.MessagingMessageListenerAdapter.invokeHandler(MessagingMessageListenerAdapter.java:118)
	at org.springframework.jms.listener.adapter.MessagingMessageListenerAdapter.onMessage(MessagingMessageListenerAdapter.java:84)
	at org.springframework.jms.listener.AbstractMessageListenerContainer.doInvokeListener(AbstractMessageListenerContainer.java:783)
	at org.springframework.jms.listener.AbstractMessageListenerContainer.invokeListener(AbstractMessageListenerContainer.java:741)
	at org.springframework.jms.listener.AbstractMessageListenerContainer.doExecuteListener(AbstractMessageListenerContainer.java:719)
	at org.springframework.jms.listener.AbstractPollingMessageListenerContainer.doReceiveAndExecute(AbstractPollingMessageListenerContainer.java:333)
	at org.springframework.jms.listener.AbstractPollingMessageListenerContainer.receiveAndExecute(AbstractPollingMessageListenerContainer.java:270)
	at org.springframework.jms.listener.DefaultMessageListenerContainer$AsyncMessageListenerInvoker.invokeListener(DefaultMessageListenerContainer.java:1258)
	at org.springframework.jms.listener.DefaultMessageListenerContainer$AsyncMessageListenerInvoker.executeOngoingLoop(DefaultMessageListenerContainer.java:1248)
	at org.springframework.jms.listener.DefaultMessageListenerContainer$AsyncMessageListenerInvoker.run(DefaultMessageListenerContainer.java:1141)
	at java.base/java.lang.Thread.run(Thread.java:840)
Caused by: org.springframework.jms.support.converter.MessageConversionException: Failed to resolve type id [com.epam.training.dto.TrainerWorkloadRequest]
	at org.springframework.jms.support.converter.MappingJackson2MessageConverter.getJavaTypeForMessage(MappingJackson2MessageConverter.java:471)
	at org.springframework.jms.support.converter.MappingJackson2MessageConverter.fromMessage(MappingJackson2MessageConverter.java:241)
	at org.springframework.jms.listener.adapter.AbstractAdaptableMessageListener.extractMessage(AbstractAdaptableMessageListener.java:250)
	at org.springframework.jms.listener.adapter.AbstractAdaptableMessageListener$MessagingMessageConverterAdapter.extractPayload(AbstractAdaptableMessageListener.java:472)
	at org.springframework.jms.listener.adapter.AbstractAdaptableMessageListener$MessagingMessageConverterAdapter$LazyResolutionMessage.unwrapPayload(AbstractAdaptableMessageListener.java:539)
	at org.springframework.jms.listener.adapter.AbstractAdaptableMessageListener$MessagingMessageConverterAdapter$LazyResolutionMessage.getPayload(AbstractAdaptableMessageListener.java:521)
	at org.springframework.messaging.handler.annotation.support.PayloadMethodArgumentResolver.resolveArgument(PayloadMethodArgumentResolver.java:122)
	at org.springframework.messaging.handler.invocation.HandlerMethodArgumentResolverComposite.resolveArgument(HandlerMethodArgumentResolverComposite.java:118)
	at org.springframework.messaging.handler.invocation.InvocableHandlerMethod.getMethodArgumentValues(InvocableHandlerMethod.java:147)
	at org.springframework.messaging.handler.invocation.InvocableHandlerMethod.invoke(InvocableHandlerMethod.java:115)
	at org.springframework.jms.listener.adapter.MessagingMessageListenerAdapter.invokeHandler(MessagingMessageListenerAdapter.java:110)
	... 10 common frames omitted
Caused by: java.lang.ClassNotFoundException: com.epam.training.dto.TrainerWorkloadRequest
	at java.base/jdk.internal.loader.BuiltinClassLoader.loadClass(BuiltinClassLoader.java:641)
	at java.base/jdk.internal.loader.ClassLoaders$AppClassLoader.loadClass(ClassLoaders.java:188)
	at java.base/java.lang.ClassLoader.loadClass(ClassLoader.java:525)
	at java.base/java.lang.Class.forName0(Native Method)
	at java.base/java.lang.Class.forName(Class.java:469)
	at org.springframework.util.ClassUtils.forName(ClassUtils.java:304)
	at org.springframework.jms.support.converter.MappingJackson2MessageConverter.getJavaTypeForMessage(MappingJackson2MessageConverter.java:467)
	... 20 common frames omitted
2026-05-25 23:04:58 [org.springframework.jms.JmsListenerEndpointContainer#0-1] [txId=] WARN  o.s.j.l.DefaultMessageListenerContainer - Execution of JMS message listener failed, and no ErrorHandler has been set.
org.springframework.jms.listener.adapter.ListenerExecutionFailedException: Listener method 'public void com.epam.workload.messaging.WorkloadMessageListener.onWorkloadMessage(com.epam.workload.dto.TrainerWorkloadRequest,java.lang.String)' threw exception
	at org.springframework.jms.listener.adapter.MessagingMessageListenerAdapter.invokeHandler(MessagingMessageListenerAdapter.java:118)
	at org.springframework.jms.listener.adapter.MessagingMessageListenerAdapter.onMessage(MessagingMessageListenerAdapter.java:84)
	at org.springframework.jms.listener.AbstractMessageListenerContainer.doInvokeListener(AbstractMessageListenerContainer.java:783)
	at org.springframework.jms.listener.AbstractMessageListenerContainer.invokeListener(AbstractMessageListenerContainer.java:741)
	at org.springframework.jms.listener.AbstractMessageListenerContainer.doExecuteListener(AbstractMessageListenerContainer.java:719)
	at org.springframework.jms.listener.AbstractPollingMessageListenerContainer.doReceiveAndExecute(AbstractPollingMessageListenerContainer.java:333)
	at org.springframework.jms.listener.AbstractPollingMessageListenerContainer.receiveAndExecute(AbstractPollingMessageListenerContainer.java:270)
	at org.springframework.jms.listener.DefaultMessageListenerContainer$AsyncMessageListenerInvoker.invokeListener(DefaultMessageListenerContainer.java:1258)
	at org.springframework.jms.listener.DefaultMessageListenerContainer$AsyncMessageListenerInvoker.executeOngoingLoop(DefaultMessageListenerContainer.java:1248)
	at org.springframework.jms.listener.DefaultMessageListenerContainer$AsyncMessageListenerInvoker.run(DefaultMessageListenerContainer.java:1141)
	at java.base/java.lang.Thread.run(Thread.java:840)
Caused by: org.springframework.jms.support.converter.MessageConversionException: Failed to resolve type id [com.epam.training.dto.TrainerWorkloadRequest]
	at org.springframework.jms.support.converter.MappingJackson2MessageConverter.getJavaTypeForMessage(MappingJackson2MessageConverter.java:471)
	at org.springframework.jms.support.converter.MappingJackson2MessageConverter.fromMessage(MappingJackson2MessageConverter.java:241)
	at org.springframework.jms.listener.adapter.AbstractAdaptableMessageListener.extractMessage(AbstractAdaptableMessageListener.java:250)
	at org.springframework.jms.listener.adapter.AbstractAdaptableMessageListener$MessagingMessageConverterAdapter.extractPayload(AbstractAdaptableMessageListener.java:472)
	at org.springframework.jms.listener.adapter.AbstractAdaptableMessageListener$MessagingMessageConverterAdapter$LazyResolutionMessage.unwrapPayload(AbstractAdaptableMessageListener.java:539)
	at org.springframework.jms.listener.adapter.AbstractAdaptableMessageListener$MessagingMessageConverterAdapter$LazyResolutionMessage.getPayload(AbstractAdaptableMessageListener.java:521)
	at org.springframework.messaging.handler.annotation.support.PayloadMethodArgumentResolver.resolveArgument(PayloadMethodArgumentResolver.java:122)
	at org.springframework.messaging.handler.invocation.HandlerMethodArgumentResolverComposite.resolveArgument(HandlerMethodArgumentResolverComposite.java:118)
	at org.springframework.messaging.handler.invocation.InvocableHandlerMethod.getMethodArgumentValues(InvocableHandlerMethod.java:147)
	at org.springframework.messaging.handler.invocation.InvocableHandlerMethod.invoke(InvocableHandlerMethod.java:115)
	at org.springframework.jms.listener.adapter.MessagingMessageListenerAdapter.invokeHandler(MessagingMessageListenerAdapter.java:110)
	... 10 common frames omitted
Caused by: java.lang.ClassNotFoundException: com.epam.training.dto.TrainerWorkloadRequest
	at java.base/jdk.internal.loader.BuiltinClassLoader.loadClass(BuiltinClassLoader.java:641)
	at java.base/jdk.internal.loader.ClassLoaders$AppClassLoader.loadClass(ClassLoaders.java:188)
	at java.base/java.lang.ClassLoader.loadClass(ClassLoader.java:525)
	at java.base/java.lang.Class.forName0(Native Method)
	at java.base/java.lang.Class.forName(Class.java:469)
	at org.springframework.util.ClassUtils.forName(ClassUtils.java:304)
	at org.springframework.jms.support.converter.MappingJackson2MessageConverter.getJavaTypeForMessage(MappingJackson2MessageConverter.java:467)
	... 20 common frames omitted
2026-05-25 23:05:00 [org.springframework.jms.JmsListenerEndpointContainer#0-1] [txId=] WARN  o.s.j.l.DefaultMessageListenerContainer - Execution of JMS message listener failed, and no ErrorHandler has been set.
org.springframework.jms.listener.adapter.ListenerExecutionFailedException: Listener method 'public void com.epam.workload.messaging.WorkloadMessageListener.onWorkloadMessage(com.epam.workload.dto.TrainerWorkloadRequest,java.lang.String)' threw exception
	at org.springframework.jms.listener.adapter.MessagingMessageListenerAdapter.invokeHandler(MessagingMessageListenerAdapter.java:118)
	at org.springframework.jms.listener.adapter.MessagingMessageListenerAdapter.onMessage(MessagingMessageListenerAdapter.java:84)
	at org.springframework.jms.listener.AbstractMessageListenerContainer.doInvokeListener(AbstractMessageListenerContainer.java:783)
	at org.springframework.jms.listener.AbstractMessageListenerContainer.invokeListener(AbstractMessageListenerContainer.java:741)
	at org.springframework.jms.listener.AbstractMessageListenerContainer.doExecuteListener(AbstractMessageListenerContainer.java:719)
	at org.springframework.jms.listener.AbstractPollingMessageListenerContainer.doReceiveAndExecute(AbstractPollingMessageListenerContainer.java:333)
	at org.springframework.jms.listener.AbstractPollingMessageListenerContainer.receiveAndExecute(AbstractPollingMessageListenerContainer.java:270)
	at org.springframework.jms.listener.DefaultMessageListenerContainer$AsyncMessageListenerInvoker.invokeListener(DefaultMessageListenerContainer.java:1258)
	at org.springframework.jms.listener.DefaultMessageListenerContainer$AsyncMessageListenerInvoker.executeOngoingLoop(DefaultMessageListenerContainer.java:1248)
	at org.springframework.jms.listener.DefaultMessageListenerContainer$AsyncMessageListenerInvoker.run(DefaultMessageListenerContainer.java:1141)
	at java.base/java.lang.Thread.run(Thread.java:840)
Caused by: org.springframework.jms.support.converter.MessageConversionException: Failed to resolve type id [com.epam.training.dto.TrainerWorkloadRequest]
	at org.springframework.jms.support.converter.MappingJackson2MessageConverter.getJavaTypeForMessage(MappingJackson2MessageConverter.java:471)
	at org.springframework.jms.support.converter.MappingJackson2MessageConverter.fromMessage(MappingJackson2MessageConverter.java:241)
	at org.springframework.jms.listener.adapter.AbstractAdaptableMessageListener.extractMessage(AbstractAdaptableMessageListener.java:250)
	at org.springframework.jms.listener.adapter.AbstractAdaptableMessageListener$MessagingMessageConverterAdapter.extractPayload(AbstractAdaptableMessageListener.java:472)
	at org.springframework.jms.listener.adapter.AbstractAdaptableMessageListener$MessagingMessageConverterAdapter$LazyResolutionMessage.unwrapPayload(AbstractAdaptableMessageListener.java:539)
	at org.springframework.jms.listener.adapter.AbstractAdaptableMessageListener$MessagingMessageConverterAdapter$LazyResolutionMessage.getPayload(AbstractAdaptableMessageListener.java:521)
	at org.springframework.messaging.handler.annotation.support.PayloadMethodArgumentResolver.resolveArgument(PayloadMethodArgumentResolver.java:122)
	at org.springframework.messaging.handler.invocation.HandlerMethodArgumentResolverComposite.resolveArgument(HandlerMethodArgumentResolverComposite.java:118)
	at org.springframework.messaging.handler.invocation.InvocableHandlerMethod.getMethodArgumentValues(InvocableHandlerMethod.java:147)
	at org.springframework.messaging.handler.invocation.InvocableHandlerMethod.invoke(InvocableHandlerMethod.java:115)
	at org.springframework.jms.listener.adapter.MessagingMessageListenerAdapter.invokeHandler(MessagingMessageListenerAdapter.java:110)
	... 10 common frames omitted
Caused by: java.lang.ClassNotFoundException: com.epam.training.dto.TrainerWorkloadRequest
	at java.base/jdk.internal.loader.BuiltinClassLoader.loadClass(BuiltinClassLoader.java:641)
	at java.base/jdk.internal.loader.ClassLoaders$AppClassLoader.loadClass(ClassLoaders.java:188)
	at java.base/java.lang.ClassLoader.loadClass(ClassLoader.java:525)
	at java.base/java.lang.Class.forName0(Native Method)
	at java.base/java.lang.Class.forName(Class.java:469)
	at org.springframework.util.ClassUtils.forName(ClassUtils.java:304)
	at org.springframework.jms.support.converter.MappingJackson2MessageConverter.getJavaTypeForMessage(MappingJackson2MessageConverter.java:467)
	... 20 common frames omitted
2026-05-25 23:05:04 [org.springframework.jms.JmsListenerEndpointContainer#0-1] [txId=] WARN  o.s.j.l.DefaultMessageListenerContainer - Execution of JMS message listener failed, and no ErrorHandler has been set.
org.springframework.jms.listener.adapter.ListenerExecutionFailedException: Listener method 'public void com.epam.workload.messaging.WorkloadMessageListener.onWorkloadMessage(com.epam.workload.dto.TrainerWorkloadRequest,java.lang.String)' threw exception
	at org.springframework.jms.listener.adapter.MessagingMessageListenerAdapter.invokeHandler(MessagingMessageListenerAdapter.java:118)
	at org.springframework.jms.listener.adapter.MessagingMessageListenerAdapter.onMessage(MessagingMessageListenerAdapter.java:84)
	at org.springframework.jms.listener.AbstractMessageListenerContainer.doInvokeListener(AbstractMessageListenerContainer.java:783)
	at org.springframework.jms.listener.AbstractMessageListenerContainer.invokeListener(AbstractMessageListenerContainer.java:741)
	at org.springframework.jms.listener.AbstractMessageListenerContainer.doExecuteListener(AbstractMessageListenerContainer.java:719)
	at org.springframework.jms.listener.AbstractPollingMessageListenerContainer.doReceiveAndExecute(AbstractPollingMessageListenerContainer.java:333)
	at org.springframework.jms.listener.AbstractPollingMessageListenerContainer.receiveAndExecute(AbstractPollingMessageListenerContainer.java:270)
	at org.springframework.jms.listener.DefaultMessageListenerContainer$AsyncMessageListenerInvoker.invokeListener(DefaultMessageListenerContainer.java:1258)
	at org.springframework.jms.listener.DefaultMessageListenerContainer$AsyncMessageListenerInvoker.executeOngoingLoop(DefaultMessageListenerContainer.java:1248)
	at org.springframework.jms.listener.DefaultMessageListenerContainer$AsyncMessageListenerInvoker.run(DefaultMessageListenerContainer.java:1141)
	at java.base/java.lang.Thread.run(Thread.java:840)
Caused by: org.springframework.jms.support.converter.MessageConversionException: Failed to resolve type id [com.epam.training.dto.TrainerWorkloadRequest]
	at org.springframework.jms.support.converter.MappingJackson2MessageConverter.getJavaTypeForMessage(MappingJackson2MessageConverter.java:471)
	at org.springframework.jms.support.converter.MappingJackson2MessageConverter.fromMessage(MappingJackson2MessageConverter.java:241)
	at org.springframework.jms.listener.adapter.AbstractAdaptableMessageListener.extractMessage(AbstractAdaptableMessageListener.java:250)
	at org.springframework.jms.listener.adapter.AbstractAdaptableMessageListener$MessagingMessageConverterAdapter.extractPayload(AbstractAdaptableMessageListener.java:472)
	at org.springframework.jms.listener.adapter.AbstractAdaptableMessageListener$MessagingMessageConverterAdapter$LazyResolutionMessage.unwrapPayload(AbstractAdaptableMessageListener.java:539)
	at org.springframework.jms.listener.adapter.AbstractAdaptableMessageListener$MessagingMessageConverterAdapter$LazyResolutionMessage.getPayload(AbstractAdaptableMessageListener.java:521)
	at org.springframework.messaging.handler.annotation.support.PayloadMethodArgumentResolver.resolveArgument(PayloadMethodArgumentResolver.java:122)
	at org.springframework.messaging.handler.invocation.HandlerMethodArgumentResolverComposite.resolveArgument(HandlerMethodArgumentResolverComposite.java:118)
	at org.springframework.messaging.handler.invocation.InvocableHandlerMethod.getMethodArgumentValues(InvocableHandlerMethod.java:147)
	at org.springframework.messaging.handler.invocation.InvocableHandlerMethod.invoke(InvocableHandlerMethod.java:115)
	at org.springframework.jms.listener.adapter.MessagingMessageListenerAdapter.invokeHandler(MessagingMessageListenerAdapter.java:110)
	... 10 common frames omitted
Caused by: java.lang.ClassNotFoundException: com.epam.training.dto.TrainerWorkloadRequest
	at java.base/jdk.internal.loader.BuiltinClassLoader.loadClass(BuiltinClassLoader.java:641)
	at java.base/jdk.internal.loader.ClassLoaders$AppClassLoader.loadClass(ClassLoaders.java:188)
	at java.base/java.lang.ClassLoader.loadClass(ClassLoader.java:525)
	at java.base/java.lang.Class.forName0(Native Method)
	at java.base/java.lang.Class.forName(Class.java:469)
	at org.springframework.util.ClassUtils.forName(ClassUtils.java:304)
	at org.springframework.jms.support.converter.MappingJackson2MessageConverter.getJavaTypeForMessage(MappingJackson2MessageConverter.java:467)
	... 20 common frames omitted
2026-05-25 23:09:21 [AsyncResolver-bootstrap-executor-0] [txId=] INFO  c.n.d.s.r.aws.ConfigClusterResolver - Resolving eureka endpoints via configuration
2026-05-25 23:12:23 [background-preinit] [txId=] INFO  o.h.validator.internal.util.Version - HV000001: Hibernate Validator 8.0.1.Final
2026-05-25 23:12:23 [main] [txId=] INFO  c.e.w.TrainerWorkloadApplication - Starting TrainerWorkloadApplication using Java 17.0.18 with PID 51670 (/Users/mariagevorgyan/Documents/Epam_Task1_Spring/trainer-workload-service/target/classes started by mariagevorgyan in /Users/mariagevorgyan/Documents/Epam_Task1_Spring/trainer-workload-service)
2026-05-25 23:12:23 [main] [txId=] DEBUG c.e.w.TrainerWorkloadApplication - Running with Spring Boot v3.2.0, Spring v6.1.1
2026-05-25 23:12:23 [main] [txId=] INFO  c.e.w.TrainerWorkloadApplication - No active profile set, falling back to 1 default profile: "default"
2026-05-25 23:12:23 [main] [txId=] INFO  o.s.d.r.c.RepositoryConfigurationDelegate - Bootstrapping Spring Data MongoDB repositories in DEFAULT mode.
2026-05-25 23:12:23 [main] [txId=] INFO  o.s.d.r.c.RepositoryConfigurationDelegate - Finished Spring Data repository scanning in 53 ms. Found 1 MongoDB repository interface.
2026-05-25 23:12:24 [main] [txId=] INFO  o.s.cloud.context.scope.GenericScope - BeanFactory id=be149368-3eec-309c-ac22-e7035301f0b5
2026-05-25 23:12:24 [main] [txId=] WARN  o.s.c.s.PostProcessorRegistrationDelegate$BeanPostProcessorChecker - Bean 'org.springframework.cloud.client.loadbalancer.LoadBalancerAutoConfiguration$LoadBalancerInterceptorConfig' of type [org.springframework.cloud.client.loadbalancer.LoadBalancerAutoConfiguration$LoadBalancerInterceptorConfig] is not eligible for getting processed by all BeanPostProcessors (for example: not eligible for auto-proxying). The currently created BeanPostProcessor [lbRestClientPostProcessor] is declared through a non-static factory method on that class; consider declaring it as static instead.
2026-05-25 23:12:24 [main] [txId=] WARN  o.s.c.s.PostProcessorRegistrationDelegate$BeanPostProcessorChecker - Bean 'org.springframework.cloud.loadbalancer.config.BlockingLoadBalancerClientAutoConfiguration' of type [org.springframework.cloud.loadbalancer.config.BlockingLoadBalancerClientAutoConfiguration] is not eligible for getting processed by all BeanPostProcessors (for example: not eligible for auto-proxying). Is this bean getting eagerly injected into a currently created BeanPostProcessor [lbRestClientPostProcessor]? Check the corresponding BeanPostProcessor declaration and its dependencies.
2026-05-25 23:12:24 [main] [txId=] WARN  o.s.c.s.PostProcessorRegistrationDelegate$BeanPostProcessorChecker - Bean 'org.springframework.cloud.loadbalancer.config.LoadBalancerAutoConfiguration' of type [org.springframework.cloud.loadbalancer.config.LoadBalancerAutoConfiguration] is not eligible for getting processed by all BeanPostProcessors (for example: not eligible for auto-proxying). Is this bean getting eagerly injected into a currently created BeanPostProcessor [lbRestClientPostProcessor]? Check the corresponding BeanPostProcessor declaration and its dependencies.
2026-05-25 23:12:24 [main] [txId=] WARN  o.s.c.s.PostProcessorRegistrationDelegate$BeanPostProcessorChecker - Bean 'org.springframework.cloud.commons.config.CommonsConfigAutoConfiguration' of type [org.springframework.cloud.commons.config.CommonsConfigAutoConfiguration] is not eligible for getting processed by all BeanPostProcessors (for example: not eligible for auto-proxying). Is this bean getting eagerly injected into a currently created BeanPostProcessor [lbRestClientPostProcessor]? Check the corresponding BeanPostProcessor declaration and its dependencies.
2026-05-25 23:12:24 [main] [txId=] WARN  o.s.c.s.PostProcessorRegistrationDelegate$BeanPostProcessorChecker - Bean 'org.springframework.cloud.client.loadbalancer.LoadBalancerDefaultMappingsProviderAutoConfiguration' of type [org.springframework.cloud.client.loadbalancer.LoadBalancerDefaultMappingsProviderAutoConfiguration] is not eligible for getting processed by all BeanPostProcessors (for example: not eligible for auto-proxying). Is this bean getting eagerly injected into a currently created BeanPostProcessor [lbRestClientPostProcessor]? Check the corresponding BeanPostProcessor declaration and its dependencies.
2026-05-25 23:12:24 [main] [txId=] WARN  o.s.c.s.PostProcessorRegistrationDelegate$BeanPostProcessorChecker - Bean 'loadBalancerClientsDefaultsMappingsProvider' of type [org.springframework.cloud.client.loadbalancer.LoadBalancerDefaultMappingsProviderAutoConfiguration$$Lambda$653/0x000000e80148da10] is not eligible for getting processed by all BeanPostProcessors (for example: not eligible for auto-proxying). Is this bean getting eagerly injected into a currently created BeanPostProcessor [lbRestClientPostProcessor]? Check the corresponding BeanPostProcessor declaration and its dependencies.
2026-05-25 23:12:24 [main] [txId=] WARN  o.s.c.s.PostProcessorRegistrationDelegate$BeanPostProcessorChecker - Bean 'defaultsBindHandlerAdvisor' of type [org.springframework.cloud.commons.config.DefaultsBindHandlerAdvisor] is not eligible for getting processed by all BeanPostProcessors (for example: not eligible for auto-proxying). Is this bean getting eagerly injected into a currently created BeanPostProcessor [lbRestClientPostProcessor]? Check the corresponding BeanPostProcessor declaration and its dependencies.
2026-05-25 23:12:24 [main] [txId=] WARN  o.s.c.s.PostProcessorRegistrationDelegate$BeanPostProcessorChecker - Bean 'spring.cloud.loadbalancer-org.springframework.cloud.client.loadbalancer.LoadBalancerClientsProperties' of type [org.springframework.cloud.client.loadbalancer.LoadBalancerClientsProperties] is not eligible for getting processed by all BeanPostProcessors (for example: not eligible for auto-proxying). Is this bean getting eagerly injected into a currently created BeanPostProcessor [lbRestClientPostProcessor]? Check the corresponding BeanPostProcessor declaration and its dependencies.
2026-05-25 23:12:24 [main] [txId=] WARN  o.s.c.s.PostProcessorRegistrationDelegate$BeanPostProcessorChecker - Bean 'default.org.springframework.cloud.loadbalancer.config.LoadBalancerAutoConfiguration.LoadBalancerClientSpecification' of type [org.springframework.cloud.loadbalancer.annotation.LoadBalancerClientSpecification] is not eligible for getting processed by all BeanPostProcessors (for example: not eligible for auto-proxying). Is this bean getting eagerly injected into a currently created BeanPostProcessor [lbRestClientPostProcessor]? Check the corresponding BeanPostProcessor declaration and its dependencies.
2026-05-25 23:12:24 [main] [txId=] WARN  o.s.c.s.PostProcessorRegistrationDelegate$BeanPostProcessorChecker - Bean 'default.org.springframework.cloud.loadbalancer.config.BlockingLoadBalancerClientAutoConfiguration.LoadBalancerClientSpecification' of type [org.springframework.cloud.loadbalancer.annotation.LoadBalancerClientSpecification] is not eligible for getting processed by all BeanPostProcessors (for example: not eligible for auto-proxying). Is this bean getting eagerly injected into a currently created BeanPostProcessor [lbRestClientPostProcessor]? Check the corresponding BeanPostProcessor declaration and its dependencies.
2026-05-25 23:12:24 [main] [txId=] WARN  o.s.c.s.PostProcessorRegistrationDelegate$BeanPostProcessorChecker - Bean 'default.org.springframework.cloud.netflix.eureka.loadbalancer.LoadBalancerEurekaAutoConfiguration.LoadBalancerClientSpecification' of type [org.springframework.cloud.loadbalancer.annotation.LoadBalancerClientSpecification] is not eligible for getting processed by all BeanPostProcessors (for example: not eligible for auto-proxying). Is this bean getting eagerly injected into a currently created BeanPostProcessor [lbRestClientPostProcessor]? Check the corresponding BeanPostProcessor declaration and its dependencies.
2026-05-25 23:12:24 [main] [txId=] WARN  o.s.c.s.PostProcessorRegistrationDelegate$BeanPostProcessorChecker - Bean 'loadBalancerClientFactory' of type [org.springframework.cloud.loadbalancer.support.LoadBalancerClientFactory] is not eligible for getting processed by all BeanPostProcessors (for example: not eligible for auto-proxying). Is this bean getting eagerly injected into a currently created BeanPostProcessor [lbRestClientPostProcessor]? Check the corresponding BeanPostProcessor declaration and its dependencies.
2026-05-25 23:12:24 [main] [txId=] WARN  o.s.c.s.PostProcessorRegistrationDelegate$BeanPostProcessorChecker - Bean 'blockingLoadBalancerClient' of type [org.springframework.cloud.loadbalancer.blocking.client.BlockingLoadBalancerClient] is not eligible for getting processed by all BeanPostProcessors (for example: not eligible for auto-proxying). Is this bean getting eagerly injected into a currently created BeanPostProcessor [lbRestClientPostProcessor]? Check the corresponding BeanPostProcessor declaration and its dependencies.
2026-05-25 23:12:24 [main] [txId=] WARN  o.s.c.s.PostProcessorRegistrationDelegate$BeanPostProcessorChecker - Bean 'loadBalancerServiceInstanceCookieTransformer' of type [org.springframework.cloud.loadbalancer.core.LoadBalancerServiceInstanceCookieTransformer] is not eligible for getting processed by all BeanPostProcessors (for example: not eligible for auto-proxying). Is this bean getting eagerly injected into a currently created BeanPostProcessor [lbRestClientPostProcessor]? Check the corresponding BeanPostProcessor declaration and its dependencies.
2026-05-25 23:12:24 [main] [txId=] WARN  o.s.c.s.PostProcessorRegistrationDelegate$BeanPostProcessorChecker - Bean 'xForwarderHeadersTransformer' of type [org.springframework.cloud.loadbalancer.blocking.XForwardedHeadersTransformer] is not eligible for getting processed by all BeanPostProcessors (for example: not eligible for auto-proxying). Is this bean getting eagerly injected into a currently created BeanPostProcessor [lbRestClientPostProcessor]? Check the corresponding BeanPostProcessor declaration and its dependencies.
2026-05-25 23:12:24 [main] [txId=] WARN  o.s.c.s.PostProcessorRegistrationDelegate$BeanPostProcessorChecker - Bean 'org.springframework.cloud.client.loadbalancer.LoadBalancerAutoConfiguration' of type [org.springframework.cloud.client.loadbalancer.LoadBalancerAutoConfiguration] is not eligible for getting processed by all BeanPostProcessors (for example: not eligible for auto-proxying). Is this bean getting eagerly injected into a currently created BeanPostProcessor [lbRestClientPostProcessor]? Check the corresponding BeanPostProcessor declaration and its dependencies.
2026-05-25 23:12:24 [main] [txId=] WARN  o.s.c.s.PostProcessorRegistrationDelegate$BeanPostProcessorChecker - Bean 'loadBalancerRequestFactory' of type [org.springframework.cloud.client.loadbalancer.LoadBalancerRequestFactory] is not eligible for getting processed by all BeanPostProcessors (for example: not eligible for auto-proxying). Is this bean getting eagerly injected into a currently created BeanPostProcessor [lbRestClientPostProcessor]? Check the corresponding BeanPostProcessor declaration and its dependencies.
2026-05-25 23:12:24 [main] [txId=] WARN  o.s.c.s.PostProcessorRegistrationDelegate$BeanPostProcessorChecker - Bean 'loadBalancerInterceptor' of type [org.springframework.cloud.client.loadbalancer.LoadBalancerInterceptor] is not eligible for getting processed by all BeanPostProcessors (for example: not eligible for auto-proxying). Is this bean getting eagerly injected into a currently created BeanPostProcessor [lbRestClientPostProcessor]? Check the corresponding BeanPostProcessor declaration and its dependencies.
2026-05-25 23:12:24 [main] [txId=] INFO  o.s.b.w.e.tomcat.TomcatWebServer - Tomcat initialized with port 8081 (http)
2026-05-25 23:12:24 [main] [txId=] INFO  o.a.coyote.http11.Http11NioProtocol - Initializing ProtocolHandler ["http-nio-8081"]
2026-05-25 23:12:24 [main] [txId=] INFO  o.a.catalina.core.StandardService - Starting service [Tomcat]
2026-05-25 23:12:24 [main] [txId=] INFO  o.a.catalina.core.StandardEngine - Starting Servlet engine: [Apache Tomcat/10.1.16]
2026-05-25 23:12:24 [main] [txId=] INFO  o.a.c.c.C.[Tomcat].[localhost].[/] - Initializing Spring embedded WebApplicationContext
2026-05-25 23:12:24 [main] [txId=] INFO  o.s.b.w.s.c.ServletWebServerApplicationContext - Root WebApplicationContext: initialization completed in 550 ms
2026-05-25 23:12:24 [main] [txId=] DEBUG c.e.w.l.TransactionLoggingFilter - Filter 'transactionLoggingFilter' configured for use
2026-05-25 23:12:24 [main] [txId=] DEBUG c.e.workload.security.JwtAuthFilter - Filter 'jwtAuthFilter' configured for use
2026-05-25 23:12:24 [main] [txId=] INFO  org.mongodb.driver.client - MongoClient with metadata {"driver": {"name": "mongo-java-driver|sync|spring-boot", "version": "4.11.1"}, "os": {"type": "Darwin", "name": "Mac OS X", "architecture": "aarch64", "version": "26.5"}, "platform": "Java/Microsoft/17.0.18+8-LTS"} created with settings MongoClientSettings{readPreference=primary, writeConcern=WriteConcern{w=null, wTimeout=null ms, journal=null}, retryWrites=true, retryReads=true, readConcern=ReadConcern{level=null}, credential=null, transportSettings=null, streamFactoryFactory=null, commandListeners=[io.micrometer.core.instrument.binder.mongodb.MongoMetricsCommandListener@35e07e19], codecRegistry=ProvidersCodecRegistry{codecProviders=[ValueCodecProvider{}, BsonValueCodecProvider{}, DBRefCodecProvider{}, DBObjectCodecProvider{}, DocumentCodecProvider{}, CollectionCodecProvider{}, IterableCodecProvider{}, MapCodecProvider{}, GeoJsonCodecProvider{}, GridFSFileCodecProvider{}, Jsr310CodecProvider{}, JsonObjectCodecProvider{}, BsonCodecProvider{}, EnumCodecProvider{}, com.mongodb.client.model.mql.ExpressionCodecProvider@a1e912f, com.mongodb.Jep395RecordCodecProvider@2036f83, com.mongodb.KotlinCodecProvider@68b3248a]}, loggerSettings=LoggerSettings{maxDocumentLength=1000}, clusterSettings={hosts=[localhost:27017], srvServiceName=mongodb, mode=SINGLE, requiredClusterType=UNKNOWN, requiredReplicaSetName='null', serverSelector='null', clusterListeners='[]', serverSelectionTimeout='30000 ms', localThreshold='15 ms'}, socketSettings=SocketSettings{connectTimeoutMS=10000, readTimeoutMS=0, receiveBufferSize=0, proxySettings=ProxySettings{host=null, port=null, username=null, password=null}}, heartbeatSocketSettings=SocketSettings{connectTimeoutMS=10000, readTimeoutMS=10000, receiveBufferSize=0, proxySettings=ProxySettings{host=null, port=null, username=null, password=null}}, connectionPoolSettings=ConnectionPoolSettings{maxSize=100, minSize=0, maxWaitTimeMS=120000, maxConnectionLifeTimeMS=0, maxConnectionIdleTimeMS=0, maintenanceInitialDelayMS=0, maintenanceFrequencyMS=60000, connectionPoolListeners=[io.micrometer.core.instrument.binder.mongodb.MongoMetricsConnectionPoolListener@5e158f33], maxConnecting=2}, serverSettings=ServerSettings{heartbeatFrequencyMS=10000, minHeartbeatFrequencyMS=500, serverListeners='[]', serverMonitorListeners='[]'}, sslSettings=SslSettings{enabled=false, invalidHostNameAllowed=false, context=null}, applicationName='null', compressorList=[], uuidRepresentation=JAVA_LEGACY, serverApi=null, autoEncryptionSettings=null, dnsClient=null, inetAddressResolver=null, contextProvider=null}
2026-05-25 23:12:24 [cluster-ClusterId{value='6a149f1805b0284311a5ea25', description='null'}-localhost:27017] [txId=] INFO  org.mongodb.driver.cluster - Monitor thread successfully connected to server with description ServerDescription{address=localhost:27017, type=STANDALONE, state=CONNECTED, ok=true, minWireVersion=0, maxWireVersion=27, maxDocumentSize=16777216, logicalSessionTimeoutMinutes=30, roundTripTimeNanos=10302083}
2026-05-25 23:12:24 [main] [txId=] WARN  o.s.b.a.s.s.UserDetailsServiceAutoConfiguration - 

Using generated security password: ea0f9600-2213-4cab-87f8-d813c0f102d6

This generated password is for development use only. Your security configuration must be updated before running your application in production.

2026-05-25 23:12:24 [main] [txId=] INFO  o.s.b.a.e.web.EndpointLinksResolver - Exposing 2 endpoint(s) beneath base path '/actuator'
2026-05-25 23:12:24 [main] [txId=] INFO  o.s.s.web.DefaultSecurityFilterChain - Will secure any request with [org.springframework.security.web.session.DisableEncodeUrlFilter@7c02b3cb, org.springframework.security.web.context.request.async.WebAsyncManagerIntegrationFilter@3d8fd373, org.springframework.security.web.context.SecurityContextHolderFilter@5cd6719d, org.springframework.security.web.header.HeaderWriterFilter@26feccf7, org.springframework.web.filter.CorsFilter@2dcd451f, org.springframework.security.web.authentication.logout.LogoutFilter@337cb81d, com.epam.workload.security.JwtAuthFilter@28554ac8, org.springframework.security.web.savedrequest.RequestCacheAwareFilter@61b0af9f, org.springframework.security.web.servletapi.SecurityContextHolderAwareRequestFilter@71fb1da3, org.springframework.security.web.authentication.AnonymousAuthenticationFilter@342394b3, org.springframework.security.web.session.SessionManagementFilter@10724a72, org.springframework.security.web.access.ExceptionTranslationFilter@3a8ead9, org.springframework.security.web.access.intercept.AuthorizationFilter@6694fb1b]
2026-05-25 23:12:24 [main] [txId=] INFO  o.s.c.n.e.c.DiscoveryClientOptionalArgsConfiguration - Eureka HTTP Client uses RestTemplate.
2026-05-25 23:12:24 [main] [txId=] WARN  o.s.c.l.c.LoadBalancerCacheAutoConfiguration$LoadBalancerCaffeineWarnLogger - Spring Cloud LoadBalancer is currently working with the default cache. While this cache implementation is useful for development and tests, it's recommended to use Caffeine cache in production.You can switch to using Caffeine cache, by adding it and org.springframework.cache.caffeine.CaffeineCacheManager to the classpath.
2026-05-25 23:12:24 [main] [txId=] INFO  o.s.c.n.eureka.InstanceInfoFactory - Setting initial instance status as: STARTING
2026-05-25 23:12:24 [main] [txId=] INFO  c.netflix.discovery.DiscoveryClient - Initializing Eureka in region us-east-1
2026-05-25 23:12:24 [main] [txId=] INFO  c.n.d.s.r.aws.ConfigClusterResolver - Resolving eureka endpoints via configuration
2026-05-25 23:12:24 [main] [txId=] INFO  c.netflix.discovery.DiscoveryClient - Disable delta property : false
2026-05-25 23:12:24 [main] [txId=] INFO  c.netflix.discovery.DiscoveryClient - Single vip registry refresh property : null
2026-05-25 23:12:24 [main] [txId=] INFO  c.netflix.discovery.DiscoveryClient - Force full registry fetch : false
2026-05-25 23:12:24 [main] [txId=] INFO  c.netflix.discovery.DiscoveryClient - Application is null : false
2026-05-25 23:12:24 [main] [txId=] INFO  c.netflix.discovery.DiscoveryClient - Registered Applications size is zero : true
2026-05-25 23:12:24 [main] [txId=] INFO  c.netflix.discovery.DiscoveryClient - Application version is -1: true
2026-05-25 23:12:24 [main] [txId=] INFO  c.netflix.discovery.DiscoveryClient - Getting all instance registry info from the eureka server
2026-05-25 23:12:24 [main] [txId=] INFO  c.netflix.discovery.DiscoveryClient - The response status is 200
2026-05-25 23:12:24 [main] [txId=] INFO  c.netflix.discovery.DiscoveryClient - Starting heartbeat executor: renew interval is: 30
2026-05-25 23:12:24 [main] [txId=] INFO  c.n.discovery.InstanceInfoReplicator - InstanceInfoReplicator onDemand update allowed rate per min is 4
2026-05-25 23:12:24 [main] [txId=] INFO  c.netflix.discovery.DiscoveryClient - Discovery Client initialized at timestamp 1779736344835 with initial instances count: 1
2026-05-25 23:12:24 [main] [txId=] INFO  o.s.c.n.e.s.EurekaServiceRegistry - Registering application TRAINER-WORKLOAD-SERVICE with eureka with status UP
2026-05-25 23:12:24 [main] [txId=] INFO  c.netflix.discovery.DiscoveryClient - Saw local status change event StatusChangeEvent [timestamp=1779736344836, current=UP, previous=STARTING]
2026-05-25 23:12:24 [DiscoveryClient-InstanceInfoReplicator-0] [txId=] INFO  c.netflix.discovery.DiscoveryClient - DiscoveryClient_TRAINER-WORKLOAD-SERVICE/192.168.15.146:trainer-workload-service:8081: registering service...
2026-05-25 23:12:24 [main] [txId=] INFO  o.a.coyote.http11.Http11NioProtocol - Starting ProtocolHandler ["http-nio-8081"]
2026-05-25 23:12:24 [main] [txId=] INFO  o.s.c.n.e.s.EurekaServiceRegistry - Unregistering application TRAINER-WORKLOAD-SERVICE with eureka with status DOWN
2026-05-25 23:12:24 [main] [txId=] INFO  c.netflix.discovery.DiscoveryClient - Saw local status change event StatusChangeEvent [timestamp=1779736344842, current=DOWN, previous=UP]
2026-05-25 23:12:24 [main] [txId=] WARN  o.s.b.w.s.c.AnnotationConfigServletWebServerApplicationContext - Exception encountered during context initialization - cancelling refresh attempt: org.springframework.context.ApplicationContextException: Failed to start bean 'webServerStartStop'
2026-05-25 23:12:24 [main] [txId=] INFO  c.netflix.discovery.DiscoveryClient - Shutting down DiscoveryClient ...
2026-05-25 23:12:24 [DiscoveryClient-InstanceInfoReplicator-0] [txId=] INFO  c.netflix.discovery.DiscoveryClient - DiscoveryClient_TRAINER-WORKLOAD-SERVICE/192.168.15.146:trainer-workload-service:8081 - registration status: 204
2026-05-25 23:12:24 [DiscoveryClient-InstanceInfoReplicator-0] [txId=] INFO  c.netflix.discovery.DiscoveryClient - DiscoveryClient_TRAINER-WORKLOAD-SERVICE/192.168.15.146:trainer-workload-service:8081: registering service...
2026-05-25 23:12:24 [DiscoveryClient-InstanceInfoReplicator-0] [txId=] INFO  c.netflix.discovery.DiscoveryClient - DiscoveryClient_TRAINER-WORKLOAD-SERVICE/192.168.15.146:trainer-workload-service:8081 - registration status: 204
2026-05-25 23:12:24 [main] [txId=] INFO  c.netflix.discovery.DiscoveryClient - Unregistering ...
2026-05-25 23:12:24 [main] [txId=] INFO  c.netflix.discovery.DiscoveryClient - DiscoveryClient_TRAINER-WORKLOAD-SERVICE/192.168.15.146:trainer-workload-service:8081 - deregister  status: 200
2026-05-25 23:12:24 [main] [txId=] INFO  c.netflix.discovery.DiscoveryClient - Completed shut down of DiscoveryClient
2026-05-25 23:12:24 [main] [txId=] INFO  o.s.b.a.l.ConditionEvaluationReportLogger - 

Error starting ApplicationContext. To display the condition evaluation report re-run your application with 'debug' enabled.
2026-05-25 23:12:24 [main] [txId=] ERROR o.s.b.d.LoggingFailureAnalysisReporter - 

***************************
APPLICATION FAILED TO START
***************************

Description:

Web server failed to start. Port 8081 was already in use.

Action:

Identify and stop the process that's listening on port 8081 or configure this application to listen on another port.

2026-05-25 23:12:30 [background-preinit] [txId=] INFO  o.h.validator.internal.util.Version - HV000001: Hibernate Validator 8.0.1.Final
2026-05-25 23:12:30 [main] [txId=] INFO  c.e.w.TrainerWorkloadApplication - Starting TrainerWorkloadApplication using Java 17.0.18 with PID 51716 (/Users/mariagevorgyan/Documents/Epam_Task1_Spring/trainer-workload-service/target/classes started by mariagevorgyan in /Users/mariagevorgyan/Documents/Epam_Task1_Spring/trainer-workload-service)
2026-05-25 23:12:30 [main] [txId=] DEBUG c.e.w.TrainerWorkloadApplication - Running with Spring Boot v3.2.0, Spring v6.1.1
2026-05-25 23:12:30 [main] [txId=] INFO  c.e.w.TrainerWorkloadApplication - No active profile set, falling back to 1 default profile: "default"
2026-05-25 23:12:30 [main] [txId=] INFO  o.s.d.r.c.RepositoryConfigurationDelegate - Bootstrapping Spring Data MongoDB repositories in DEFAULT mode.
2026-05-25 23:12:30 [main] [txId=] INFO  o.s.d.r.c.RepositoryConfigurationDelegate - Finished Spring Data repository scanning in 37 ms. Found 1 MongoDB repository interface.
2026-05-25 23:12:30 [main] [txId=] INFO  o.s.cloud.context.scope.GenericScope - BeanFactory id=be149368-3eec-309c-ac22-e7035301f0b5
2026-05-25 23:12:30 [main] [txId=] WARN  o.s.c.s.PostProcessorRegistrationDelegate$BeanPostProcessorChecker - Bean 'org.springframework.cloud.client.loadbalancer.LoadBalancerAutoConfiguration$LoadBalancerInterceptorConfig' of type [org.springframework.cloud.client.loadbalancer.LoadBalancerAutoConfiguration$LoadBalancerInterceptorConfig] is not eligible for getting processed by all BeanPostProcessors (for example: not eligible for auto-proxying). The currently created BeanPostProcessor [lbRestClientPostProcessor] is declared through a non-static factory method on that class; consider declaring it as static instead.
2026-05-25 23:12:30 [main] [txId=] WARN  o.s.c.s.PostProcessorRegistrationDelegate$BeanPostProcessorChecker - Bean 'org.springframework.cloud.loadbalancer.config.BlockingLoadBalancerClientAutoConfiguration' of type [org.springframework.cloud.loadbalancer.config.BlockingLoadBalancerClientAutoConfiguration] is not eligible for getting processed by all BeanPostProcessors (for example: not eligible for auto-proxying). Is this bean getting eagerly injected into a currently created BeanPostProcessor [lbRestClientPostProcessor]? Check the corresponding BeanPostProcessor declaration and its dependencies.
2026-05-25 23:12:30 [main] [txId=] WARN  o.s.c.s.PostProcessorRegistrationDelegate$BeanPostProcessorChecker - Bean 'org.springframework.cloud.loadbalancer.config.LoadBalancerAutoConfiguration' of type [org.springframework.cloud.loadbalancer.config.LoadBalancerAutoConfiguration] is not eligible for getting processed by all BeanPostProcessors (for example: not eligible for auto-proxying). Is this bean getting eagerly injected into a currently created BeanPostProcessor [lbRestClientPostProcessor]? Check the corresponding BeanPostProcessor declaration and its dependencies.
2026-05-25 23:12:30 [main] [txId=] WARN  o.s.c.s.PostProcessorRegistrationDelegate$BeanPostProcessorChecker - Bean 'org.springframework.cloud.commons.config.CommonsConfigAutoConfiguration' of type [org.springframework.cloud.commons.config.CommonsConfigAutoConfiguration] is not eligible for getting processed by all BeanPostProcessors (for example: not eligible for auto-proxying). Is this bean getting eagerly injected into a currently created BeanPostProcessor [lbRestClientPostProcessor]? Check the corresponding BeanPostProcessor declaration and its dependencies.
2026-05-25 23:12:30 [main] [txId=] WARN  o.s.c.s.PostProcessorRegistrationDelegate$BeanPostProcessorChecker - Bean 'org.springframework.cloud.client.loadbalancer.LoadBalancerDefaultMappingsProviderAutoConfiguration' of type [org.springframework.cloud.client.loadbalancer.LoadBalancerDefaultMappingsProviderAutoConfiguration] is not eligible for getting processed by all BeanPostProcessors (for example: not eligible for auto-proxying). Is this bean getting eagerly injected into a currently created BeanPostProcessor [lbRestClientPostProcessor]? Check the corresponding BeanPostProcessor declaration and its dependencies.
2026-05-25 23:12:30 [main] [txId=] WARN  o.s.c.s.PostProcessorRegistrationDelegate$BeanPostProcessorChecker - Bean 'loadBalancerClientsDefaultsMappingsProvider' of type [org.springframework.cloud.client.loadbalancer.LoadBalancerDefaultMappingsProviderAutoConfiguration$$Lambda$653/0x000000f80148d7c8] is not eligible for getting processed by all BeanPostProcessors (for example: not eligible for auto-proxying). Is this bean getting eagerly injected into a currently created BeanPostProcessor [lbRestClientPostProcessor]? Check the corresponding BeanPostProcessor declaration and its dependencies.
2026-05-25 23:12:30 [main] [txId=] WARN  o.s.c.s.PostProcessorRegistrationDelegate$BeanPostProcessorChecker - Bean 'defaultsBindHandlerAdvisor' of type [org.springframework.cloud.commons.config.DefaultsBindHandlerAdvisor] is not eligible for getting processed by all BeanPostProcessors (for example: not eligible for auto-proxying). Is this bean getting eagerly injected into a currently created BeanPostProcessor [lbRestClientPostProcessor]? Check the corresponding BeanPostProcessor declaration and its dependencies.
2026-05-25 23:12:30 [main] [txId=] WARN  o.s.c.s.PostProcessorRegistrationDelegate$BeanPostProcessorChecker - Bean 'spring.cloud.loadbalancer-org.springframework.cloud.client.loadbalancer.LoadBalancerClientsProperties' of type [org.springframework.cloud.client.loadbalancer.LoadBalancerClientsProperties] is not eligible for getting processed by all BeanPostProcessors (for example: not eligible for auto-proxying). Is this bean getting eagerly injected into a currently created BeanPostProcessor [lbRestClientPostProcessor]? Check the corresponding BeanPostProcessor declaration and its dependencies.
2026-05-25 23:12:30 [main] [txId=] WARN  o.s.c.s.PostProcessorRegistrationDelegate$BeanPostProcessorChecker - Bean 'default.org.springframework.cloud.loadbalancer.config.LoadBalancerAutoConfiguration.LoadBalancerClientSpecification' of type [org.springframework.cloud.loadbalancer.annotation.LoadBalancerClientSpecification] is not eligible for getting processed by all BeanPostProcessors (for example: not eligible for auto-proxying). Is this bean getting eagerly injected into a currently created BeanPostProcessor [lbRestClientPostProcessor]? Check the corresponding BeanPostProcessor declaration and its dependencies.
2026-05-25 23:12:30 [main] [txId=] WARN  o.s.c.s.PostProcessorRegistrationDelegate$BeanPostProcessorChecker - Bean 'default.org.springframework.cloud.loadbalancer.config.BlockingLoadBalancerClientAutoConfiguration.LoadBalancerClientSpecification' of type [org.springframework.cloud.loadbalancer.annotation.LoadBalancerClientSpecification] is not eligible for getting processed by all BeanPostProcessors (for example: not eligible for auto-proxying). Is this bean getting eagerly injected into a currently created BeanPostProcessor [lbRestClientPostProcessor]? Check the corresponding BeanPostProcessor declaration and its dependencies.
2026-05-25 23:12:30 [main] [txId=] WARN  o.s.c.s.PostProcessorRegistrationDelegate$BeanPostProcessorChecker - Bean 'default.org.springframework.cloud.netflix.eureka.loadbalancer.LoadBalancerEurekaAutoConfiguration.LoadBalancerClientSpecification' of type [org.springframework.cloud.loadbalancer.annotation.LoadBalancerClientSpecification] is not eligible for getting processed by all BeanPostProcessors (for example: not eligible for auto-proxying). Is this bean getting eagerly injected into a currently created BeanPostProcessor [lbRestClientPostProcessor]? Check the corresponding BeanPostProcessor declaration and its dependencies.
2026-05-25 23:12:30 [main] [txId=] WARN  o.s.c.s.PostProcessorRegistrationDelegate$BeanPostProcessorChecker - Bean 'loadBalancerClientFactory' of type [org.springframework.cloud.loadbalancer.support.LoadBalancerClientFactory] is not eligible for getting processed by all BeanPostProcessors (for example: not eligible for auto-proxying). Is this bean getting eagerly injected into a currently created BeanPostProcessor [lbRestClientPostProcessor]? Check the corresponding BeanPostProcessor declaration and its dependencies.
2026-05-25 23:12:30 [main] [txId=] WARN  o.s.c.s.PostProcessorRegistrationDelegate$BeanPostProcessorChecker - Bean 'blockingLoadBalancerClient' of type [org.springframework.cloud.loadbalancer.blocking.client.BlockingLoadBalancerClient] is not eligible for getting processed by all BeanPostProcessors (for example: not eligible for auto-proxying). Is this bean getting eagerly injected into a currently created BeanPostProcessor [lbRestClientPostProcessor]? Check the corresponding BeanPostProcessor declaration and its dependencies.
2026-05-25 23:12:30 [main] [txId=] WARN  o.s.c.s.PostProcessorRegistrationDelegate$BeanPostProcessorChecker - Bean 'loadBalancerServiceInstanceCookieTransformer' of type [org.springframework.cloud.loadbalancer.core.LoadBalancerServiceInstanceCookieTransformer] is not eligible for getting processed by all BeanPostProcessors (for example: not eligible for auto-proxying). Is this bean getting eagerly injected into a currently created BeanPostProcessor [lbRestClientPostProcessor]? Check the corresponding BeanPostProcessor declaration and its dependencies.
2026-05-25 23:12:30 [main] [txId=] WARN  o.s.c.s.PostProcessorRegistrationDelegate$BeanPostProcessorChecker - Bean 'xForwarderHeadersTransformer' of type [org.springframework.cloud.loadbalancer.blocking.XForwardedHeadersTransformer] is not eligible for getting processed by all BeanPostProcessors (for example: not eligible for auto-proxying). Is this bean getting eagerly injected into a currently created BeanPostProcessor [lbRestClientPostProcessor]? Check the corresponding BeanPostProcessor declaration and its dependencies.
2026-05-25 23:12:30 [main] [txId=] WARN  o.s.c.s.PostProcessorRegistrationDelegate$BeanPostProcessorChecker - Bean 'org.springframework.cloud.client.loadbalancer.LoadBalancerAutoConfiguration' of type [org.springframework.cloud.client.loadbalancer.LoadBalancerAutoConfiguration] is not eligible for getting processed by all BeanPostProcessors (for example: not eligible for auto-proxying). Is this bean getting eagerly injected into a currently created BeanPostProcessor [lbRestClientPostProcessor]? Check the corresponding BeanPostProcessor declaration and its dependencies.
2026-05-25 23:12:30 [main] [txId=] WARN  o.s.c.s.PostProcessorRegistrationDelegate$BeanPostProcessorChecker - Bean 'loadBalancerRequestFactory' of type [org.springframework.cloud.client.loadbalancer.LoadBalancerRequestFactory] is not eligible for getting processed by all BeanPostProcessors (for example: not eligible for auto-proxying). Is this bean getting eagerly injected into a currently created BeanPostProcessor [lbRestClientPostProcessor]? Check the corresponding BeanPostProcessor declaration and its dependencies.
2026-05-25 23:12:30 [main] [txId=] WARN  o.s.c.s.PostProcessorRegistrationDelegate$BeanPostProcessorChecker - Bean 'loadBalancerInterceptor' of type [org.springframework.cloud.client.loadbalancer.LoadBalancerInterceptor] is not eligible for getting processed by all BeanPostProcessors (for example: not eligible for auto-proxying). Is this bean getting eagerly injected into a currently created BeanPostProcessor [lbRestClientPostProcessor]? Check the corresponding BeanPostProcessor declaration and its dependencies.
2026-05-25 23:12:31 [main] [txId=] INFO  o.s.b.w.e.tomcat.TomcatWebServer - Tomcat initialized with port 8081 (http)
2026-05-25 23:12:31 [main] [txId=] INFO  o.a.coyote.http11.Http11NioProtocol - Initializing ProtocolHandler ["http-nio-8081"]
2026-05-25 23:12:31 [main] [txId=] INFO  o.a.catalina.core.StandardService - Starting service [Tomcat]
2026-05-25 23:12:31 [main] [txId=] INFO  o.a.catalina.core.StandardEngine - Starting Servlet engine: [Apache Tomcat/10.1.16]
2026-05-25 23:12:31 [main] [txId=] INFO  o.a.c.c.C.[Tomcat].[localhost].[/] - Initializing Spring embedded WebApplicationContext
2026-05-25 23:12:31 [main] [txId=] INFO  o.s.b.w.s.c.ServletWebServerApplicationContext - Root WebApplicationContext: initialization completed in 445 ms
2026-05-25 23:12:31 [main] [txId=] DEBUG c.e.w.l.TransactionLoggingFilter - Filter 'transactionLoggingFilter' configured for use
2026-05-25 23:12:31 [main] [txId=] DEBUG c.e.workload.security.JwtAuthFilter - Filter 'jwtAuthFilter' configured for use
2026-05-25 23:12:31 [main] [txId=] INFO  org.mongodb.driver.client - MongoClient with metadata {"driver": {"name": "mongo-java-driver|sync|spring-boot", "version": "4.11.1"}, "os": {"type": "Darwin", "name": "Mac OS X", "architecture": "aarch64", "version": "26.5"}, "platform": "Java/Microsoft/17.0.18+8-LTS"} created with settings MongoClientSettings{readPreference=primary, writeConcern=WriteConcern{w=null, wTimeout=null ms, journal=null}, retryWrites=true, retryReads=true, readConcern=ReadConcern{level=null}, credential=null, transportSettings=null, streamFactoryFactory=null, commandListeners=[io.micrometer.core.instrument.binder.mongodb.MongoMetricsCommandListener@60ed0b9d], codecRegistry=ProvidersCodecRegistry{codecProviders=[ValueCodecProvider{}, BsonValueCodecProvider{}, DBRefCodecProvider{}, DBObjectCodecProvider{}, DocumentCodecProvider{}, CollectionCodecProvider{}, IterableCodecProvider{}, MapCodecProvider{}, GeoJsonCodecProvider{}, GridFSFileCodecProvider{}, Jsr310CodecProvider{}, JsonObjectCodecProvider{}, BsonCodecProvider{}, EnumCodecProvider{}, com.mongodb.client.model.mql.ExpressionCodecProvider@7f5e6833, com.mongodb.Jep395RecordCodecProvider@2c674d58, com.mongodb.KotlinCodecProvider@3c07e830]}, loggerSettings=LoggerSettings{maxDocumentLength=1000}, clusterSettings={hosts=[localhost:27017], srvServiceName=mongodb, mode=SINGLE, requiredClusterType=UNKNOWN, requiredReplicaSetName='null', serverSelector='null', clusterListeners='[]', serverSelectionTimeout='30000 ms', localThreshold='15 ms'}, socketSettings=SocketSettings{connectTimeoutMS=10000, readTimeoutMS=0, receiveBufferSize=0, proxySettings=ProxySettings{host=null, port=null, username=null, password=null}}, heartbeatSocketSettings=SocketSettings{connectTimeoutMS=10000, readTimeoutMS=10000, receiveBufferSize=0, proxySettings=ProxySettings{host=null, port=null, username=null, password=null}}, connectionPoolSettings=ConnectionPoolSettings{maxSize=100, minSize=0, maxWaitTimeMS=120000, maxConnectionLifeTimeMS=0, maxConnectionIdleTimeMS=0, maintenanceInitialDelayMS=0, maintenanceFrequencyMS=60000, connectionPoolListeners=[io.micrometer.core.instrument.binder.mongodb.MongoMetricsConnectionPoolListener@34beadce], maxConnecting=2}, serverSettings=ServerSettings{heartbeatFrequencyMS=10000, minHeartbeatFrequencyMS=500, serverListeners='[]', serverMonitorListeners='[]'}, sslSettings=SslSettings{enabled=false, invalidHostNameAllowed=false, context=null}, applicationName='null', compressorList=[], uuidRepresentation=JAVA_LEGACY, serverApi=null, autoEncryptionSettings=null, dnsClient=null, inetAddressResolver=null, contextProvider=null}
2026-05-25 23:12:31 [cluster-ClusterId{value='6a149f1f56426d273e638824', description='null'}-localhost:27017] [txId=] INFO  org.mongodb.driver.cluster - Monitor thread successfully connected to server with description ServerDescription{address=localhost:27017, type=STANDALONE, state=CONNECTED, ok=true, minWireVersion=0, maxWireVersion=27, maxDocumentSize=16777216, logicalSessionTimeoutMinutes=30, roundTripTimeNanos=6815667}
2026-05-25 23:12:31 [main] [txId=] WARN  o.s.b.a.s.s.UserDetailsServiceAutoConfiguration - 

Using generated security password: 57727567-cfa4-4d40-92ae-5b361ecae5ed

This generated password is for development use only. Your security configuration must be updated before running your application in production.

2026-05-25 23:12:31 [main] [txId=] INFO  o.s.b.a.e.web.EndpointLinksResolver - Exposing 2 endpoint(s) beneath base path '/actuator'
2026-05-25 23:12:31 [main] [txId=] INFO  o.s.s.web.DefaultSecurityFilterChain - Will secure any request with [org.springframework.security.web.session.DisableEncodeUrlFilter@4e9bd2c8, org.springframework.security.web.context.request.async.WebAsyncManagerIntegrationFilter@18f13756, org.springframework.security.web.context.SecurityContextHolderFilter@26feccf7, org.springframework.security.web.header.HeaderWriterFilter@228958a, org.springframework.web.filter.CorsFilter@665b441e, org.springframework.security.web.authentication.logout.LogoutFilter@17e2835c, com.epam.workload.security.JwtAuthFilter@5c53c235, org.springframework.security.web.savedrequest.RequestCacheAwareFilter@3831f4c2, org.springframework.security.web.servletapi.SecurityContextHolderAwareRequestFilter@75f2ff80, org.springframework.security.web.authentication.AnonymousAuthenticationFilter@2ac3d530, org.springframework.security.web.session.SessionManagementFilter@342dc040, org.springframework.security.web.access.ExceptionTranslationFilter@54d2f5d3, org.springframework.security.web.access.intercept.AuthorizationFilter@337cb81d]
2026-05-25 23:12:31 [main] [txId=] INFO  o.s.c.n.e.c.DiscoveryClientOptionalArgsConfiguration - Eureka HTTP Client uses RestTemplate.
2026-05-25 23:12:31 [main] [txId=] WARN  o.s.c.l.c.LoadBalancerCacheAutoConfiguration$LoadBalancerCaffeineWarnLogger - Spring Cloud LoadBalancer is currently working with the default cache. While this cache implementation is useful for development and tests, it's recommended to use Caffeine cache in production.You can switch to using Caffeine cache, by adding it and org.springframework.cache.caffeine.CaffeineCacheManager to the classpath.
2026-05-25 23:12:31 [main] [txId=] INFO  o.s.c.n.eureka.InstanceInfoFactory - Setting initial instance status as: STARTING
2026-05-25 23:12:31 [main] [txId=] INFO  c.netflix.discovery.DiscoveryClient - Initializing Eureka in region us-east-1
2026-05-25 23:12:31 [main] [txId=] INFO  c.n.d.s.r.aws.ConfigClusterResolver - Resolving eureka endpoints via configuration
2026-05-25 23:12:31 [main] [txId=] INFO  c.netflix.discovery.DiscoveryClient - Disable delta property : false
2026-05-25 23:12:31 [main] [txId=] INFO  c.netflix.discovery.DiscoveryClient - Single vip registry refresh property : null
2026-05-25 23:12:31 [main] [txId=] INFO  c.netflix.discovery.DiscoveryClient - Force full registry fetch : false
2026-05-25 23:12:31 [main] [txId=] INFO  c.netflix.discovery.DiscoveryClient - Application is null : false
2026-05-25 23:12:31 [main] [txId=] INFO  c.netflix.discovery.DiscoveryClient - Registered Applications size is zero : true
2026-05-25 23:12:31 [main] [txId=] INFO  c.netflix.discovery.DiscoveryClient - Application version is -1: true
2026-05-25 23:12:31 [main] [txId=] INFO  c.netflix.discovery.DiscoveryClient - Getting all instance registry info from the eureka server
2026-05-25 23:12:31 [main] [txId=] INFO  c.netflix.discovery.DiscoveryClient - The response status is 200
2026-05-25 23:12:31 [main] [txId=] INFO  c.netflix.discovery.DiscoveryClient - Starting heartbeat executor: renew interval is: 30
2026-05-25 23:12:31 [main] [txId=] INFO  c.n.discovery.InstanceInfoReplicator - InstanceInfoReplicator onDemand update allowed rate per min is 4
2026-05-25 23:12:31 [main] [txId=] INFO  c.netflix.discovery.DiscoveryClient - Discovery Client initialized at timestamp 1779736351633 with initial instances count: 1
2026-05-25 23:12:31 [main] [txId=] INFO  o.s.c.n.e.s.EurekaServiceRegistry - Registering application TRAINER-WORKLOAD-SERVICE with eureka with status UP
2026-05-25 23:12:31 [main] [txId=] INFO  c.netflix.discovery.DiscoveryClient - Saw local status change event StatusChangeEvent [timestamp=1779736351634, current=UP, previous=STARTING]
2026-05-25 23:12:31 [DiscoveryClient-InstanceInfoReplicator-0] [txId=] INFO  c.netflix.discovery.DiscoveryClient - DiscoveryClient_TRAINER-WORKLOAD-SERVICE/192.168.15.146:trainer-workload-service:8081: registering service...
2026-05-25 23:12:31 [main] [txId=] INFO  o.a.coyote.http11.Http11NioProtocol - Starting ProtocolHandler ["http-nio-8081"]
2026-05-25 23:12:31 [main] [txId=] INFO  o.s.c.n.e.s.EurekaServiceRegistry - Unregistering application TRAINER-WORKLOAD-SERVICE with eureka with status DOWN
2026-05-25 23:12:31 [main] [txId=] INFO  c.netflix.discovery.DiscoveryClient - Saw local status change event StatusChangeEvent [timestamp=1779736351637, current=DOWN, previous=UP]
2026-05-25 23:12:31 [main] [txId=] WARN  o.s.b.w.s.c.AnnotationConfigServletWebServerApplicationContext - Exception encountered during context initialization - cancelling refresh attempt: org.springframework.context.ApplicationContextException: Failed to start bean 'webServerStartStop'
2026-05-25 23:12:31 [main] [txId=] INFO  c.netflix.discovery.DiscoveryClient - Shutting down DiscoveryClient ...
2026-05-25 23:12:31 [DiscoveryClient-InstanceInfoReplicator-0] [txId=] INFO  c.netflix.discovery.DiscoveryClient - DiscoveryClient_TRAINER-WORKLOAD-SERVICE/192.168.15.146:trainer-workload-service:8081 - registration status: 204
2026-05-25 23:12:31 [DiscoveryClient-InstanceInfoReplicator-0] [txId=] INFO  c.netflix.discovery.DiscoveryClient - DiscoveryClient_TRAINER-WORKLOAD-SERVICE/192.168.15.146:trainer-workload-service:8081: registering service...
2026-05-25 23:12:31 [DiscoveryClient-InstanceInfoReplicator-0] [txId=] INFO  c.netflix.discovery.DiscoveryClient - DiscoveryClient_TRAINER-WORKLOAD-SERVICE/192.168.15.146:trainer-workload-service:8081 - registration status: 204
2026-05-25 23:12:31 [main] [txId=] INFO  c.netflix.discovery.DiscoveryClient - Unregistering ...
2026-05-25 23:12:31 [main] [txId=] INFO  c.netflix.discovery.DiscoveryClient - DiscoveryClient_TRAINER-WORKLOAD-SERVICE/192.168.15.146:trainer-workload-service:8081 - deregister  status: 200
2026-05-25 23:12:31 [main] [txId=] INFO  c.netflix.discovery.DiscoveryClient - Completed shut down of DiscoveryClient
2026-05-25 23:12:31 [main] [txId=] INFO  o.s.b.a.l.ConditionEvaluationReportLogger - 

Error starting ApplicationContext. To display the condition evaluation report re-run your application with 'debug' enabled.
2026-05-25 23:12:31 [main] [txId=] ERROR o.s.b.d.LoggingFailureAnalysisReporter - 

***************************
APPLICATION FAILED TO START
***************************

Description:

Web server failed to start. Port 8081 was already in use.

Action:

Identify and stop the process that's listening on port 8081 or configure this application to listen on another port.

2026-05-25 23:12:49 [SpringApplicationShutdownHook] [txId=] INFO  o.s.c.n.e.s.EurekaServiceRegistry - Unregistering application TRAINER-WORKLOAD-SERVICE with eureka with status DOWN
2026-05-25 23:12:49 [SpringApplicationShutdownHook] [txId=] INFO  c.netflix.discovery.DiscoveryClient - Saw local status change event StatusChangeEvent [timestamp=1779736369450, current=DOWN, previous=UP]
2026-05-25 23:12:49 [DiscoveryClient-InstanceInfoReplicator-0] [txId=] INFO  c.netflix.discovery.DiscoveryClient - DiscoveryClient_TRAINER-WORKLOAD-SERVICE/192.168.18.151:trainer-workload-service:8081: registering service...
2026-05-25 23:12:49 [DiscoveryClient-InstanceInfoReplicator-0] [txId=] INFO  c.netflix.discovery.DiscoveryClient - DiscoveryClient_TRAINER-WORKLOAD-SERVICE/192.168.18.151:trainer-workload-service:8081 - registration status: 204
2026-05-25 23:12:49 [SpringApplicationShutdownHook] [txId=] INFO  c.netflix.discovery.DiscoveryClient - Shutting down DiscoveryClient ...
2026-05-25 23:12:52 [SpringApplicationShutdownHook] [txId=] INFO  c.netflix.discovery.DiscoveryClient - Unregistering ...
2026-05-25 23:12:52 [SpringApplicationShutdownHook] [txId=] INFO  c.netflix.discovery.DiscoveryClient - DiscoveryClient_TRAINER-WORKLOAD-SERVICE/192.168.18.151:trainer-workload-service:8081 - deregister  status: 200
2026-05-25 23:12:52 [SpringApplicationShutdownHook] [txId=] INFO  c.netflix.discovery.DiscoveryClient - Completed shut down of DiscoveryClient
2026-05-25 23:13:02 [background-preinit] [txId=] INFO  o.h.validator.internal.util.Version - HV000001: Hibernate Validator 8.0.1.Final
2026-05-25 23:13:02 [main] [txId=] INFO  c.e.w.TrainerWorkloadApplication - Starting TrainerWorkloadApplication using Java 17.0.18 with PID 51815 (/Users/mariagevorgyan/Documents/Epam_Task1_Spring/trainer-workload-service/target/classes started by mariagevorgyan in /Users/mariagevorgyan/Documents/Epam_Task1_Spring/trainer-workload-service)
2026-05-25 23:13:02 [main] [txId=] DEBUG c.e.w.TrainerWorkloadApplication - Running with Spring Boot v3.2.0, Spring v6.1.1
2026-05-25 23:13:02 [main] [txId=] INFO  c.e.w.TrainerWorkloadApplication - No active profile set, falling back to 1 default profile: "default"
2026-05-25 23:13:02 [main] [txId=] INFO  o.s.d.r.c.RepositoryConfigurationDelegate - Bootstrapping Spring Data MongoDB repositories in DEFAULT mode.
2026-05-25 23:13:02 [main] [txId=] INFO  o.s.d.r.c.RepositoryConfigurationDelegate - Finished Spring Data repository scanning in 40 ms. Found 1 MongoDB repository interface.
2026-05-25 23:13:02 [main] [txId=] INFO  o.s.cloud.context.scope.GenericScope - BeanFactory id=be149368-3eec-309c-ac22-e7035301f0b5
2026-05-25 23:13:02 [main] [txId=] WARN  o.s.c.s.PostProcessorRegistrationDelegate$BeanPostProcessorChecker - Bean 'org.springframework.cloud.client.loadbalancer.LoadBalancerAutoConfiguration$LoadBalancerInterceptorConfig' of type [org.springframework.cloud.client.loadbalancer.LoadBalancerAutoConfiguration$LoadBalancerInterceptorConfig] is not eligible for getting processed by all BeanPostProcessors (for example: not eligible for auto-proxying). The currently created BeanPostProcessor [lbRestClientPostProcessor] is declared through a non-static factory method on that class; consider declaring it as static instead.
2026-05-25 23:13:02 [main] [txId=] WARN  o.s.c.s.PostProcessorRegistrationDelegate$BeanPostProcessorChecker - Bean 'org.springframework.cloud.loadbalancer.config.BlockingLoadBalancerClientAutoConfiguration' of type [org.springframework.cloud.loadbalancer.config.BlockingLoadBalancerClientAutoConfiguration] is not eligible for getting processed by all BeanPostProcessors (for example: not eligible for auto-proxying). Is this bean getting eagerly injected into a currently created BeanPostProcessor [lbRestClientPostProcessor]? Check the corresponding BeanPostProcessor declaration and its dependencies.
2026-05-25 23:13:02 [main] [txId=] WARN  o.s.c.s.PostProcessorRegistrationDelegate$BeanPostProcessorChecker - Bean 'org.springframework.cloud.loadbalancer.config.LoadBalancerAutoConfiguration' of type [org.springframework.cloud.loadbalancer.config.LoadBalancerAutoConfiguration] is not eligible for getting processed by all BeanPostProcessors (for example: not eligible for auto-proxying). Is this bean getting eagerly injected into a currently created BeanPostProcessor [lbRestClientPostProcessor]? Check the corresponding BeanPostProcessor declaration and its dependencies.
2026-05-25 23:13:02 [main] [txId=] WARN  o.s.c.s.PostProcessorRegistrationDelegate$BeanPostProcessorChecker - Bean 'org.springframework.cloud.commons.config.CommonsConfigAutoConfiguration' of type [org.springframework.cloud.commons.config.CommonsConfigAutoConfiguration] is not eligible for getting processed by all BeanPostProcessors (for example: not eligible for auto-proxying). Is this bean getting eagerly injected into a currently created BeanPostProcessor [lbRestClientPostProcessor]? Check the corresponding BeanPostProcessor declaration and its dependencies.
2026-05-25 23:13:02 [main] [txId=] WARN  o.s.c.s.PostProcessorRegistrationDelegate$BeanPostProcessorChecker - Bean 'org.springframework.cloud.client.loadbalancer.LoadBalancerDefaultMappingsProviderAutoConfiguration' of type [org.springframework.cloud.client.loadbalancer.LoadBalancerDefaultMappingsProviderAutoConfiguration] is not eligible for getting processed by all BeanPostProcessors (for example: not eligible for auto-proxying). Is this bean getting eagerly injected into a currently created BeanPostProcessor [lbRestClientPostProcessor]? Check the corresponding BeanPostProcessor declaration and its dependencies.
2026-05-25 23:13:02 [main] [txId=] WARN  o.s.c.s.PostProcessorRegistrationDelegate$BeanPostProcessorChecker - Bean 'loadBalancerClientsDefaultsMappingsProvider' of type [org.springframework.cloud.client.loadbalancer.LoadBalancerDefaultMappingsProviderAutoConfiguration$$Lambda$653/0x0000000501496a98] is not eligible for getting processed by all BeanPostProcessors (for example: not eligible for auto-proxying). Is this bean getting eagerly injected into a currently created BeanPostProcessor [lbRestClientPostProcessor]? Check the corresponding BeanPostProcessor declaration and its dependencies.
2026-05-25 23:13:02 [main] [txId=] WARN  o.s.c.s.PostProcessorRegistrationDelegate$BeanPostProcessorChecker - Bean 'defaultsBindHandlerAdvisor' of type [org.springframework.cloud.commons.config.DefaultsBindHandlerAdvisor] is not eligible for getting processed by all BeanPostProcessors (for example: not eligible for auto-proxying). Is this bean getting eagerly injected into a currently created BeanPostProcessor [lbRestClientPostProcessor]? Check the corresponding BeanPostProcessor declaration and its dependencies.
2026-05-25 23:13:02 [main] [txId=] WARN  o.s.c.s.PostProcessorRegistrationDelegate$BeanPostProcessorChecker - Bean 'spring.cloud.loadbalancer-org.springframework.cloud.client.loadbalancer.LoadBalancerClientsProperties' of type [org.springframework.cloud.client.loadbalancer.LoadBalancerClientsProperties] is not eligible for getting processed by all BeanPostProcessors (for example: not eligible for auto-proxying). Is this bean getting eagerly injected into a currently created BeanPostProcessor [lbRestClientPostProcessor]? Check the corresponding BeanPostProcessor declaration and its dependencies.
2026-05-25 23:13:02 [main] [txId=] WARN  o.s.c.s.PostProcessorRegistrationDelegate$BeanPostProcessorChecker - Bean 'default.org.springframework.cloud.loadbalancer.config.LoadBalancerAutoConfiguration.LoadBalancerClientSpecification' of type [org.springframework.cloud.loadbalancer.annotation.LoadBalancerClientSpecification] is not eligible for getting processed by all BeanPostProcessors (for example: not eligible for auto-proxying). Is this bean getting eagerly injected into a currently created BeanPostProcessor [lbRestClientPostProcessor]? Check the corresponding BeanPostProcessor declaration and its dependencies.
2026-05-25 23:13:02 [main] [txId=] WARN  o.s.c.s.PostProcessorRegistrationDelegate$BeanPostProcessorChecker - Bean 'default.org.springframework.cloud.loadbalancer.config.BlockingLoadBalancerClientAutoConfiguration.LoadBalancerClientSpecification' of type [org.springframework.cloud.loadbalancer.annotation.LoadBalancerClientSpecification] is not eligible for getting processed by all BeanPostProcessors (for example: not eligible for auto-proxying). Is this bean getting eagerly injected into a currently created BeanPostProcessor [lbRestClientPostProcessor]? Check the corresponding BeanPostProcessor declaration and its dependencies.
2026-05-25 23:13:02 [main] [txId=] WARN  o.s.c.s.PostProcessorRegistrationDelegate$BeanPostProcessorChecker - Bean 'default.org.springframework.cloud.netflix.eureka.loadbalancer.LoadBalancerEurekaAutoConfiguration.LoadBalancerClientSpecification' of type [org.springframework.cloud.loadbalancer.annotation.LoadBalancerClientSpecification] is not eligible for getting processed by all BeanPostProcessors (for example: not eligible for auto-proxying). Is this bean getting eagerly injected into a currently created BeanPostProcessor [lbRestClientPostProcessor]? Check the corresponding BeanPostProcessor declaration and its dependencies.
2026-05-25 23:13:02 [main] [txId=] WARN  o.s.c.s.PostProcessorRegistrationDelegate$BeanPostProcessorChecker - Bean 'loadBalancerClientFactory' of type [org.springframework.cloud.loadbalancer.support.LoadBalancerClientFactory] is not eligible for getting processed by all BeanPostProcessors (for example: not eligible for auto-proxying). Is this bean getting eagerly injected into a currently created BeanPostProcessor [lbRestClientPostProcessor]? Check the corresponding BeanPostProcessor declaration and its dependencies.
2026-05-25 23:13:02 [main] [txId=] WARN  o.s.c.s.PostProcessorRegistrationDelegate$BeanPostProcessorChecker - Bean 'blockingLoadBalancerClient' of type [org.springframework.cloud.loadbalancer.blocking.client.BlockingLoadBalancerClient] is not eligible for getting processed by all BeanPostProcessors (for example: not eligible for auto-proxying). Is this bean getting eagerly injected into a currently created BeanPostProcessor [lbRestClientPostProcessor]? Check the corresponding BeanPostProcessor declaration and its dependencies.
2026-05-25 23:13:02 [main] [txId=] WARN  o.s.c.s.PostProcessorRegistrationDelegate$BeanPostProcessorChecker - Bean 'loadBalancerServiceInstanceCookieTransformer' of type [org.springframework.cloud.loadbalancer.core.LoadBalancerServiceInstanceCookieTransformer] is not eligible for getting processed by all BeanPostProcessors (for example: not eligible for auto-proxying). Is this bean getting eagerly injected into a currently created BeanPostProcessor [lbRestClientPostProcessor]? Check the corresponding BeanPostProcessor declaration and its dependencies.
2026-05-25 23:13:02 [main] [txId=] WARN  o.s.c.s.PostProcessorRegistrationDelegate$BeanPostProcessorChecker - Bean 'xForwarderHeadersTransformer' of type [org.springframework.cloud.loadbalancer.blocking.XForwardedHeadersTransformer] is not eligible for getting processed by all BeanPostProcessors (for example: not eligible for auto-proxying). Is this bean getting eagerly injected into a currently created BeanPostProcessor [lbRestClientPostProcessor]? Check the corresponding BeanPostProcessor declaration and its dependencies.
2026-05-25 23:13:02 [main] [txId=] WARN  o.s.c.s.PostProcessorRegistrationDelegate$BeanPostProcessorChecker - Bean 'org.springframework.cloud.client.loadbalancer.LoadBalancerAutoConfiguration' of type [org.springframework.cloud.client.loadbalancer.LoadBalancerAutoConfiguration] is not eligible for getting processed by all BeanPostProcessors (for example: not eligible for auto-proxying). Is this bean getting eagerly injected into a currently created BeanPostProcessor [lbRestClientPostProcessor]? Check the corresponding BeanPostProcessor declaration and its dependencies.
2026-05-25 23:13:02 [main] [txId=] WARN  o.s.c.s.PostProcessorRegistrationDelegate$BeanPostProcessorChecker - Bean 'loadBalancerRequestFactory' of type [org.springframework.cloud.client.loadbalancer.LoadBalancerRequestFactory] is not eligible for getting processed by all BeanPostProcessors (for example: not eligible for auto-proxying). Is this bean getting eagerly injected into a currently created BeanPostProcessor [lbRestClientPostProcessor]? Check the corresponding BeanPostProcessor declaration and its dependencies.
2026-05-25 23:13:02 [main] [txId=] WARN  o.s.c.s.PostProcessorRegistrationDelegate$BeanPostProcessorChecker - Bean 'loadBalancerInterceptor' of type [org.springframework.cloud.client.loadbalancer.LoadBalancerInterceptor] is not eligible for getting processed by all BeanPostProcessors (for example: not eligible for auto-proxying). Is this bean getting eagerly injected into a currently created BeanPostProcessor [lbRestClientPostProcessor]? Check the corresponding BeanPostProcessor declaration and its dependencies.
2026-05-25 23:13:02 [main] [txId=] INFO  o.s.b.w.e.tomcat.TomcatWebServer - Tomcat initialized with port 8081 (http)
2026-05-25 23:13:02 [main] [txId=] INFO  o.a.coyote.http11.Http11NioProtocol - Initializing ProtocolHandler ["http-nio-8081"]
2026-05-25 23:13:02 [main] [txId=] INFO  o.a.catalina.core.StandardService - Starting service [Tomcat]
2026-05-25 23:13:02 [main] [txId=] INFO  o.a.catalina.core.StandardEngine - Starting Servlet engine: [Apache Tomcat/10.1.16]
2026-05-25 23:13:02 [main] [txId=] INFO  o.a.c.c.C.[Tomcat].[localhost].[/] - Initializing Spring embedded WebApplicationContext
2026-05-25 23:13:02 [main] [txId=] INFO  o.s.b.w.s.c.ServletWebServerApplicationContext - Root WebApplicationContext: initialization completed in 473 ms
2026-05-25 23:13:02 [main] [txId=] DEBUG c.e.w.l.TransactionLoggingFilter - Filter 'transactionLoggingFilter' configured for use
2026-05-25 23:13:02 [main] [txId=] DEBUG c.e.workload.security.JwtAuthFilter - Filter 'jwtAuthFilter' configured for use
2026-05-25 23:13:02 [main] [txId=] INFO  org.mongodb.driver.client - MongoClient with metadata {"driver": {"name": "mongo-java-driver|sync|spring-boot", "version": "4.11.1"}, "os": {"type": "Darwin", "name": "Mac OS X", "architecture": "aarch64", "version": "26.5"}, "platform": "Java/Microsoft/17.0.18+8-LTS"} created with settings MongoClientSettings{readPreference=primary, writeConcern=WriteConcern{w=null, wTimeout=null ms, journal=null}, retryWrites=true, retryReads=true, readConcern=ReadConcern{level=null}, credential=null, transportSettings=null, streamFactoryFactory=null, commandListeners=[io.micrometer.core.instrument.binder.mongodb.MongoMetricsCommandListener@52d9d817], codecRegistry=ProvidersCodecRegistry{codecProviders=[ValueCodecProvider{}, BsonValueCodecProvider{}, DBRefCodecProvider{}, DBObjectCodecProvider{}, DocumentCodecProvider{}, CollectionCodecProvider{}, IterableCodecProvider{}, MapCodecProvider{}, GeoJsonCodecProvider{}, GridFSFileCodecProvider{}, Jsr310CodecProvider{}, JsonObjectCodecProvider{}, BsonCodecProvider{}, EnumCodecProvider{}, com.mongodb.client.model.mql.ExpressionCodecProvider@131ba005, com.mongodb.Jep395RecordCodecProvider@7f305f34, com.mongodb.KotlinCodecProvider@1a84a8b2]}, loggerSettings=LoggerSettings{maxDocumentLength=1000}, clusterSettings={hosts=[localhost:27017], srvServiceName=mongodb, mode=SINGLE, requiredClusterType=UNKNOWN, requiredReplicaSetName='null', serverSelector='null', clusterListeners='[]', serverSelectionTimeout='30000 ms', localThreshold='15 ms'}, socketSettings=SocketSettings{connectTimeoutMS=10000, readTimeoutMS=0, receiveBufferSize=0, proxySettings=ProxySettings{host=null, port=null, username=null, password=null}}, heartbeatSocketSettings=SocketSettings{connectTimeoutMS=10000, readTimeoutMS=10000, receiveBufferSize=0, proxySettings=ProxySettings{host=null, port=null, username=null, password=null}}, connectionPoolSettings=ConnectionPoolSettings{maxSize=100, minSize=0, maxWaitTimeMS=120000, maxConnectionLifeTimeMS=0, maxConnectionIdleTimeMS=0, maintenanceInitialDelayMS=0, maintenanceFrequencyMS=60000, connectionPoolListeners=[io.micrometer.core.instrument.binder.mongodb.MongoMetricsConnectionPoolListener@601d295], maxConnecting=2}, serverSettings=ServerSettings{heartbeatFrequencyMS=10000, minHeartbeatFrequencyMS=500, serverListeners='[]', serverMonitorListeners='[]'}, sslSettings=SslSettings{enabled=false, invalidHostNameAllowed=false, context=null}, applicationName='null', compressorList=[], uuidRepresentation=JAVA_LEGACY, serverApi=null, autoEncryptionSettings=null, dnsClient=null, inetAddressResolver=null, contextProvider=null}
2026-05-25 23:13:02 [cluster-ClusterId{value='6a149f3e2ac74f705ebea1a7', description='null'}-localhost:27017] [txId=] INFO  org.mongodb.driver.cluster - Monitor thread successfully connected to server with description ServerDescription{address=localhost:27017, type=STANDALONE, state=CONNECTED, ok=true, minWireVersion=0, maxWireVersion=27, maxDocumentSize=16777216, logicalSessionTimeoutMinutes=30, roundTripTimeNanos=6655709}
2026-05-25 23:13:03 [main] [txId=] WARN  o.s.b.a.s.s.UserDetailsServiceAutoConfiguration - 

Using generated security password: 57eb9e37-212f-4530-90a3-6624490ad0a7

This generated password is for development use only. Your security configuration must be updated before running your application in production.

2026-05-25 23:13:03 [main] [txId=] INFO  o.s.b.a.e.web.EndpointLinksResolver - Exposing 2 endpoint(s) beneath base path '/actuator'
2026-05-25 23:13:03 [main] [txId=] INFO  o.s.s.web.DefaultSecurityFilterChain - Will secure any request with [org.springframework.security.web.session.DisableEncodeUrlFilter@3c17794e, org.springframework.security.web.context.request.async.WebAsyncManagerIntegrationFilter@414d2821, org.springframework.security.web.context.SecurityContextHolderFilter@44de3b46, org.springframework.security.web.header.HeaderWriterFilter@3c68e82, org.springframework.web.filter.CorsFilter@7378c4a4, org.springframework.security.web.authentication.logout.LogoutFilter@446a692f, com.epam.workload.security.JwtAuthFilter@52f9e8bb, org.springframework.security.web.savedrequest.RequestCacheAwareFilter@320fc4b0, org.springframework.security.web.servletapi.SecurityContextHolderAwareRequestFilter@10724a72, org.springframework.security.web.authentication.AnonymousAuthenticationFilter@6694fb1b, org.springframework.security.web.session.SessionManagementFilter@6f36267d, org.springframework.security.web.access.ExceptionTranslationFilter@c335b9, org.springframework.security.web.access.intercept.AuthorizationFilter@21ab919c]
2026-05-25 23:13:03 [main] [txId=] INFO  o.s.c.n.e.c.DiscoveryClientOptionalArgsConfiguration - Eureka HTTP Client uses RestTemplate.
2026-05-25 23:13:03 [main] [txId=] WARN  o.s.c.l.c.LoadBalancerCacheAutoConfiguration$LoadBalancerCaffeineWarnLogger - Spring Cloud LoadBalancer is currently working with the default cache. While this cache implementation is useful for development and tests, it's recommended to use Caffeine cache in production.You can switch to using Caffeine cache, by adding it and org.springframework.cache.caffeine.CaffeineCacheManager to the classpath.
2026-05-25 23:13:03 [main] [txId=] INFO  o.s.c.n.eureka.InstanceInfoFactory - Setting initial instance status as: STARTING
2026-05-25 23:13:03 [main] [txId=] INFO  c.netflix.discovery.DiscoveryClient - Initializing Eureka in region us-east-1
2026-05-25 23:13:03 [main] [txId=] INFO  c.n.d.s.r.aws.ConfigClusterResolver - Resolving eureka endpoints via configuration
2026-05-25 23:13:03 [main] [txId=] INFO  c.netflix.discovery.DiscoveryClient - Disable delta property : false
2026-05-25 23:13:03 [main] [txId=] INFO  c.netflix.discovery.DiscoveryClient - Single vip registry refresh property : null
2026-05-25 23:13:03 [main] [txId=] INFO  c.netflix.discovery.DiscoveryClient - Force full registry fetch : false
2026-05-25 23:13:03 [main] [txId=] INFO  c.netflix.discovery.DiscoveryClient - Application is null : false
2026-05-25 23:13:03 [main] [txId=] INFO  c.netflix.discovery.DiscoveryClient - Registered Applications size is zero : true
2026-05-25 23:13:03 [main] [txId=] INFO  c.netflix.discovery.DiscoveryClient - Application version is -1: true
2026-05-25 23:13:03 [main] [txId=] INFO  c.netflix.discovery.DiscoveryClient - Getting all instance registry info from the eureka server
2026-05-25 23:13:03 [main] [txId=] INFO  c.netflix.discovery.DiscoveryClient - The response status is 200
2026-05-25 23:13:03 [main] [txId=] INFO  c.netflix.discovery.DiscoveryClient - Starting heartbeat executor: renew interval is: 30
2026-05-25 23:13:03 [main] [txId=] INFO  c.n.discovery.InstanceInfoReplicator - InstanceInfoReplicator onDemand update allowed rate per min is 4
2026-05-25 23:13:03 [main] [txId=] INFO  c.netflix.discovery.DiscoveryClient - Discovery Client initialized at timestamp 1779736383449 with initial instances count: 2
2026-05-25 23:13:03 [main] [txId=] INFO  o.s.c.n.e.s.EurekaServiceRegistry - Registering application TRAINER-WORKLOAD-SERVICE with eureka with status UP
2026-05-25 23:13:03 [main] [txId=] INFO  c.netflix.discovery.DiscoveryClient - Saw local status change event StatusChangeEvent [timestamp=1779736383450, current=UP, previous=STARTING]
2026-05-25 23:13:03 [DiscoveryClient-InstanceInfoReplicator-0] [txId=] INFO  c.netflix.discovery.DiscoveryClient - DiscoveryClient_TRAINER-WORKLOAD-SERVICE/192.168.15.146:trainer-workload-service:8081: registering service...
2026-05-25 23:13:03 [main] [txId=] INFO  o.a.coyote.http11.Http11NioProtocol - Starting ProtocolHandler ["http-nio-8081"]
2026-05-25 23:13:03 [main] [txId=] INFO  o.s.b.w.e.tomcat.TomcatWebServer - Tomcat started on port 8081 (http) with context path ''
2026-05-25 23:13:03 [main] [txId=] INFO  o.s.c.n.e.s.EurekaAutoServiceRegistration - Updating port to 8081
2026-05-25 23:13:03 [DiscoveryClient-InstanceInfoReplicator-0] [txId=] INFO  c.netflix.discovery.DiscoveryClient - DiscoveryClient_TRAINER-WORKLOAD-SERVICE/192.168.15.146:trainer-workload-service:8081 - registration status: 204
2026-05-25 23:13:03 [main] [txId=] INFO  c.e.w.TrainerWorkloadApplication - Started TrainerWorkloadApplication in 1.357 seconds (process running for 1.462)
2026-05-25 23:17:30 [org.springframework.jms.JmsListenerEndpointContainer#0-1] [txId=efa24baa-e604-4e5a-a6b7-6a0a41723d51] INFO  c.e.w.m.WorkloadMessageListener - [JMS] Received workload message: trainer=john.doe, action=ADD, transactionId=efa24baa-e604-4e5a-a6b7-6a0a41723d51
2026-05-25 23:17:30 [org.springframework.jms.JmsListenerEndpointContainer#0-1] [txId=efa24baa-e604-4e5a-a6b7-6a0a41723d51] INFO  c.e.w.service.TrainerWorkloadService - [TX:efa24baa-e604-4e5a-a6b7-6a0a41723d51] Processing workload for trainer='john.doe', year=2024, month=3, duration=60, action=ADD
2026-05-25 23:17:30 [org.springframework.jms.JmsListenerEndpointContainer#0-1] [txId=efa24baa-e604-4e5a-a6b7-6a0a41723d51] DEBUG c.e.w.service.TrainerWorkloadService - [TX:efa24baa-e604-4e5a-a6b7-6a0a41723d51] Lookup by username='john.doe': found=false
2026-05-25 23:17:30 [org.springframework.jms.JmsListenerEndpointContainer#0-1] [txId=efa24baa-e604-4e5a-a6b7-6a0a41723d51] INFO  c.e.w.service.TrainerWorkloadService - [TX:efa24baa-e604-4e5a-a6b7-6a0a41723d51] No existing record for trainer='john.doe'. Creating new document.
2026-05-25 23:17:30 [org.springframework.jms.JmsListenerEndpointContainer#0-1] [txId=efa24baa-e604-4e5a-a6b7-6a0a41723d51] INFO  c.e.w.service.TrainerWorkloadService - [TX:efa24baa-e604-4e5a-a6b7-6a0a41723d51] ADD: trainer='john.doe' 2024/3 -> new duration=60
2026-05-25 23:17:30 [org.springframework.jms.JmsListenerEndpointContainer#0-1] [txId=efa24baa-e604-4e5a-a6b7-6a0a41723d51] DEBUG c.e.w.service.TrainerWorkloadService - [TX:efa24baa-e604-4e5a-a6b7-6a0a41723d51] Saved trainer summary for username='john.doe'
2026-05-25 23:17:30 [org.springframework.jms.JmsListenerEndpointContainer#0-1] [txId=efa24baa-e604-4e5a-a6b7-6a0a41723d51] INFO  c.e.w.m.WorkloadMessageListener - [JMS] Workload processed successfully for trainer 'john.doe'
2026-05-25 23:18:03 [AsyncResolver-bootstrap-executor-0] [txId=] INFO  c.n.d.s.r.aws.ConfigClusterResolver - Resolving eureka endpoints via configuration
2026-05-25 23:20:23 [http-nio-8081-exec-1] [txId=] INFO  o.a.c.c.C.[Tomcat].[localhost].[/] - Initializing Spring DispatcherServlet 'dispatcherServlet'
2026-05-25 23:20:23 [http-nio-8081-exec-1] [txId=] INFO  o.s.web.servlet.DispatcherServlet - Initializing Servlet 'dispatcherServlet'
2026-05-25 23:20:23 [http-nio-8081-exec-1] [txId=] INFO  o.s.web.servlet.DispatcherServlet - Completed initialization in 3 ms
2026-05-25 23:20:23 [http-nio-8081-exec-1] [txId=] WARN  o.s.w.s.h.HandlerMappingIntrospector - Cache miss for REQUEST dispatch to '/api/trainer-workload/john.doe' (previous null). Performing CorsConfiguration lookup. This is logged once only at WARN level, and every time at TRACE.
2026-05-25 23:20:23 [http-nio-8081-exec-1] [txId=] WARN  o.s.w.s.h.HandlerMappingIntrospector - Cache miss for REQUEST dispatch to '/api/trainer-workload/john.doe' (previous null). Performing MatchableHandlerMapping lookup. This is logged once only at WARN level, and every time at TRACE.
2026-05-25 23:20:23 [http-nio-8081-exec-1] [txId=demo-tx-001] INFO  c.e.w.l.TransactionLoggingFilter - [TRANSACTION] endpoint=/api/trainer-workload/john.doe method=GET transactionId=demo-tx-001
2026-05-25 23:20:23 [http-nio-8081-exec-1] [txId=demo-tx-001] INFO  c.e.w.c.TrainerWorkloadController - Fetching workload summary for trainer 'john.doe'
2026-05-25 23:20:23 [http-nio-8081-exec-1] [txId=demo-tx-001] DEBUG c.e.w.service.TrainerWorkloadService - [TX:demo-tx-001] Fetching summary for trainer='john.doe'
2026-05-25 23:20:23 [http-nio-8081-exec-1] [txId=demo-tx-001] INFO  c.e.w.service.TrainerWorkloadService - [TX:demo-tx-001] Summary found for trainer='john.doe'
2026-05-25 23:20:23 [http-nio-8081-exec-1] [txId=demo-tx-001] INFO  c.e.w.c.TrainerWorkloadController - Summary retrieved for trainer 'john.doe', transactionId=demo-tx-001
2026-05-25 23:20:23 [http-nio-8081-exec-1] [txId=demo-tx-001] INFO  c.e.w.l.TransactionLoggingFilter - [TRANSACTION] endpoint=/api/trainer-workload/john.doe status=200 transactionId=demo-tx-001
2026-05-25 23:21:07 [org.springframework.jms.JmsListenerEndpointContainer#0-1] [txId=4f0fa7e2-62f7-4462-bfcb-1cd1cb531f4d] INFO  c.e.w.m.WorkloadMessageListener - [JMS] Received workload message: trainer=john.doe, action=ADD, transactionId=4f0fa7e2-62f7-4462-bfcb-1cd1cb531f4d
2026-05-25 23:21:07 [org.springframework.jms.JmsListenerEndpointContainer#0-1] [txId=4f0fa7e2-62f7-4462-bfcb-1cd1cb531f4d] INFO  c.e.w.service.TrainerWorkloadService - [TX:4f0fa7e2-62f7-4462-bfcb-1cd1cb531f4d] Processing workload for trainer='john.doe', year=2024, month=3, duration=90, action=ADD
2026-05-25 23:21:07 [org.springframework.jms.JmsListenerEndpointContainer#0-1] [txId=4f0fa7e2-62f7-4462-bfcb-1cd1cb531f4d] DEBUG c.e.w.service.TrainerWorkloadService - [TX:4f0fa7e2-62f7-4462-bfcb-1cd1cb531f4d] Lookup by username='john.doe': found=true
2026-05-25 23:21:07 [org.springframework.jms.JmsListenerEndpointContainer#0-1] [txId=4f0fa7e2-62f7-4462-bfcb-1cd1cb531f4d] INFO  c.e.w.service.TrainerWorkloadService - [TX:4f0fa7e2-62f7-4462-bfcb-1cd1cb531f4d] ADD: trainer='john.doe' 2024/3 -> new duration=150
2026-05-25 23:21:07 [org.springframework.jms.JmsListenerEndpointContainer#0-1] [txId=4f0fa7e2-62f7-4462-bfcb-1cd1cb531f4d] DEBUG c.e.w.service.TrainerWorkloadService - [TX:4f0fa7e2-62f7-4462-bfcb-1cd1cb531f4d] Saved trainer summary for username='john.doe'
2026-05-25 23:21:07 [org.springframework.jms.JmsListenerEndpointContainer#0-1] [txId=4f0fa7e2-62f7-4462-bfcb-1cd1cb531f4d] INFO  c.e.w.m.WorkloadMessageListener - [JMS] Workload processed successfully for trainer 'john.doe'
2026-05-25 23:22:49 [org.springframework.jms.JmsListenerEndpointContainer#0-2] [txId=f3e74dbe-0471-4a8c-b47e-cd70e2043a76] INFO  c.e.w.m.WorkloadMessageListener - [JMS] Received workload message: trainer=john.doe, action=DELETE, transactionId=f3e74dbe-0471-4a8c-b47e-cd70e2043a76
2026-05-25 23:22:49 [org.springframework.jms.JmsListenerEndpointContainer#0-2] [txId=f3e74dbe-0471-4a8c-b47e-cd70e2043a76] INFO  c.e.w.service.TrainerWorkloadService - [TX:f3e74dbe-0471-4a8c-b47e-cd70e2043a76] Processing workload for trainer='john.doe', year=2024, month=3, duration=60, action=DELETE
2026-05-25 23:22:49 [org.springframework.jms.JmsListenerEndpointContainer#0-2] [txId=f3e74dbe-0471-4a8c-b47e-cd70e2043a76] DEBUG c.e.w.service.TrainerWorkloadService - [TX:f3e74dbe-0471-4a8c-b47e-cd70e2043a76] Lookup by username='john.doe': found=true
2026-05-25 23:22:49 [org.springframework.jms.JmsListenerEndpointContainer#0-2] [txId=f3e74dbe-0471-4a8c-b47e-cd70e2043a76] INFO  c.e.w.service.TrainerWorkloadService - [TX:f3e74dbe-0471-4a8c-b47e-cd70e2043a76] DELETE: trainer='john.doe' 2024/3 -> new duration=90
2026-05-25 23:22:49 [org.springframework.jms.JmsListenerEndpointContainer#0-2] [txId=f3e74dbe-0471-4a8c-b47e-cd70e2043a76] DEBUG c.e.w.service.TrainerWorkloadService - [TX:f3e74dbe-0471-4a8c-b47e-cd70e2043a76] Saved trainer summary for username='john.doe'
2026-05-25 23:22:49 [org.springframework.jms.JmsListenerEndpointContainer#0-2] [txId=f3e74dbe-0471-4a8c-b47e-cd70e2043a76] INFO  c.e.w.m.WorkloadMessageListener - [JMS] Workload processed successfully for trainer 'john.doe'
2026-05-25 23:23:03 [AsyncResolver-bootstrap-executor-0] [txId=] INFO  c.n.d.s.r.aws.ConfigClusterResolver - Resolving eureka endpoints via configuration
2026-05-25 23:28:03 [AsyncResolver-bootstrap-executor-0] [txId=] INFO  c.n.d.s.r.aws.ConfigClusterResolver - Resolving eureka endpoints via configuration
2026-05-25 23:33:03 [AsyncResolver-bootstrap-executor-0] [txId=] INFO  c.n.d.s.r.aws.ConfigClusterResolver - Resolving eureka endpoints via configuration
2026-05-25 23:33:28 [SpringApplicationShutdownHook] [txId=] INFO  o.s.c.n.e.s.EurekaServiceRegistry - Unregistering application TRAINER-WORKLOAD-SERVICE with eureka with status DOWN
2026-05-25 23:33:28 [SpringApplicationShutdownHook] [txId=] INFO  c.netflix.discovery.DiscoveryClient - Saw local status change event StatusChangeEvent [timestamp=1779737608098, current=DOWN, previous=UP]
2026-05-25 23:33:28 [DiscoveryClient-InstanceInfoReplicator-0] [txId=] INFO  c.netflix.discovery.DiscoveryClient - DiscoveryClient_TRAINER-WORKLOAD-SERVICE/192.168.15.146:trainer-workload-service:8081: registering service...
2026-05-25 23:33:28 [DiscoveryClient-InstanceInfoReplicator-0] [txId=] INFO  c.n.d.s.t.d.RedirectingEurekaHttpClient - Request execution error. endpoint=DefaultEndpoint{ serviceUrl='http://localhost:8761/eureka/} exception=I/O error on POST request for "http://localhost:8761/eureka/apps/TRAINER-WORKLOAD-SERVICE": Connect to http://localhost:8761 [localhost/127.0.0.1, localhost/0:0:0:0:0:0:0:1] failed: Connection refused stacktrace=org.springframework.web.client.ResourceAccessException: I/O error on POST request for "http://localhost:8761/eureka/apps/TRAINER-WORKLOAD-SERVICE": Connect to http://localhost:8761 [localhost/127.0.0.1, localhost/0:0:0:0:0:0:0:1] failed: Connection refused
	at org.springframework.web.client.RestTemplate.createResourceAccessException(RestTemplate.java:905)
	at org.springframework.web.client.RestTemplate.doExecute(RestTemplate.java:885)
	at org.springframework.web.client.RestTemplate.execute(RestTemplate.java:781)
	at org.springframework.web.client.RestTemplate.exchange(RestTemplate.java:663)
	at org.springframework.cloud.netflix.eureka.http.RestTemplateEurekaHttpClient.register(RestTemplateEurekaHttpClient.java:77)
	at com.netflix.discovery.shared.transport.decorator.EurekaHttpClientDecorator$1.execute(EurekaHttpClientDecorator.java:59)
	at com.netflix.discovery.shared.transport.decorator.RedirectingEurekaHttpClient.execute(RedirectingEurekaHttpClient.java:91)
	at com.netflix.discovery.shared.transport.decorator.EurekaHttpClientDecorator.register(EurekaHttpClientDecorator.java:56)
	at com.netflix.discovery.shared.transport.decorator.EurekaHttpClientDecorator$1.execute(EurekaHttpClientDecorator.java:59)
	at com.netflix.discovery.shared.transport.decorator.RetryableEurekaHttpClient.execute(RetryableEurekaHttpClient.java:120)
	at com.netflix.discovery.shared.transport.decorator.EurekaHttpClientDecorator.register(EurekaHttpClientDecorator.java:56)
	at com.netflix.discovery.shared.transport.decorator.EurekaHttpClientDecorator$1.execute(EurekaHttpClientDecorator.java:59)
	at com.netflix.discovery.shared.transport.decorator.SessionedEurekaHttpClient.execute(SessionedEurekaHttpClient.java:77)
	at com.netflix.discovery.shared.transport.decorator.EurekaHttpClientDecorator.register(EurekaHttpClientDecorator.java:56)
	at com.netflix.discovery.DiscoveryClient.register(DiscoveryClient.java:820)
	at com.netflix.discovery.InstanceInfoReplicator.run(InstanceInfoReplicator.java:121)
	at com.netflix.discovery.InstanceInfoReplicator$1.run(InstanceInfoReplicator.java:101)
	at java.base/java.util.concurrent.Executors$RunnableAdapter.call(Executors.java:539)
	at java.base/java.util.concurrent.FutureTask.run(FutureTask.java:264)
	at java.base/java.util.concurrent.ScheduledThreadPoolExecutor$ScheduledFutureTask.run(ScheduledThreadPoolExecutor.java:304)
	at java.base/java.util.concurrent.ThreadPoolExecutor.runWorker(ThreadPoolExecutor.java:1136)
	at java.base/java.util.concurrent.ThreadPoolExecutor$Worker.run(ThreadPoolExecutor.java:635)
	at java.base/java.lang.Thread.run(Thread.java:840)
Caused by: org.apache.hc.client5.http.HttpHostConnectException: Connect to http://localhost:8761 [localhost/127.0.0.1, localhost/0:0:0:0:0:0:0:1] failed: Connection refused
	at java.base/sun.nio.ch.Net.pollConnect(Native Method)
	at java.base/sun.nio.ch.Net.pollConnectNow(Net.java:684)
	at java.base/sun.nio.ch.NioSocketImpl.timedFinishConnect(NioSocketImpl.java:554)
	at java.base/sun.nio.ch.NioSocketImpl.connect(NioSocketImpl.java:602)
	at java.base/java.net.SocksSocketImpl.connect(SocksSocketImpl.java:327)
	at java.base/java.net.Socket.connect(Socket.java:633)
	at org.apache.hc.client5.http.socket.PlainConnectionSocketFactory.lambda$connectSocket$0(PlainConnectionSocketFactory.java:85)
	at java.base/java.security.AccessController.doPrivileged(AccessController.java:569)
	at org.apache.hc.client5.http.socket.PlainConnectionSocketFactory.connectSocket(PlainConnectionSocketFactory.java:84)
	at org.apache.hc.client5.http.socket.ConnectionSocketFactory.connectSocket(ConnectionSocketFactory.java:113)
	at org.apache.hc.client5.http.impl.io.DefaultHttpClientConnectionOperator.connect(DefaultHttpClientConnectionOperator.java:181)
	at org.apache.hc.client5.http.impl.io.PoolingHttpClientConnectionManager.connect(PoolingHttpClientConnectionManager.java:447)
	at org.apache.hc.client5.http.impl.classic.InternalExecRuntime.connectEndpoint(InternalExecRuntime.java:162)
	at org.apache.hc.client5.http.impl.classic.InternalExecRuntime.connectEndpoint(InternalExecRuntime.java:172)
	at org.apache.hc.client5.http.impl.classic.ConnectExec.execute(ConnectExec.java:142)
	at org.apache.hc.client5.http.impl.classic.ExecChainElement.execute(ExecChainElement.java:51)
	at org.apache.hc.client5.http.impl.classic.ProtocolExec.execute(ProtocolExec.java:192)
	at org.apache.hc.client5.http.impl.classic.ExecChainElement.execute(ExecChainElement.java:51)
	at org.apache.hc.client5.http.impl.classic.HttpRequestRetryExec.execute(HttpRequestRetryExec.java:96)
	at org.apache.hc.client5.http.impl.classic.ExecChainElement.execute(ExecChainElement.java:51)
	at org.apache.hc.client5.http.impl.classic.ContentCompressionExec.execute(ContentCompressionExec.java:152)
	at org.apache.hc.client5.http.impl.classic.ExecChainElement.execute(ExecChainElement.java:51)
	at org.apache.hc.client5.http.impl.classic.RedirectExec.execute(RedirectExec.java:115)
	at org.apache.hc.client5.http.impl.classic.ExecChainElement.execute(ExecChainElement.java:51)
	at org.apache.hc.client5.http.impl.classic.InternalHttpClient.doExecute(InternalHttpClient.java:170)
	at org.apache.hc.client5.http.impl.classic.CloseableHttpClient.execute(CloseableHttpClient.java:87)
	at org.apache.hc.client5.http.impl.classic.CloseableHttpClient.execute(CloseableHttpClient.java:55)
	at org.apache.hc.client5.http.classic.HttpClient.executeOpen(HttpClient.java:183)
	at org.springframework.http.client.HttpComponentsClientHttpRequest.executeInternal(HttpComponentsClientHttpRequest.java:95)
	at org.springframework.http.client.AbstractStreamingClientHttpRequest.executeInternal(AbstractStreamingClientHttpRequest.java:70)
	at org.springframework.http.client.AbstractClientHttpRequest.execute(AbstractClientHttpRequest.java:66)
	at org.springframework.http.client.InterceptingClientHttpRequest$InterceptingRequestExecution.execute(InterceptingClientHttpRequest.java:101)
	at org.springframework.cloud.netflix.eureka.http.RestTemplateTransportClientFactory.lambda$restTemplate$0(RestTemplateTransportClientFactory.java:143)
	at org.springframework.http.client.InterceptingClientHttpRequest$InterceptingRequestExecution.execute(InterceptingClientHttpRequest.java:87)
	at org.springframework.http.client.InterceptingClientHttpRequest.executeInternal(InterceptingClientHttpRequest.java:71)
	at org.springframework.http.client.AbstractBufferingClientHttpRequest.executeInternal(AbstractBufferingClientHttpRequest.java:48)
	at org.springframework.http.client.AbstractClientHttpRequest.execute(AbstractClientHttpRequest.java:66)
	at org.springframework.web.client.RestTemplate.doExecute(RestTemplate.java:879)
	... 21 more

2026-05-25 23:33:28 [DiscoveryClient-InstanceInfoReplicator-0] [txId=] WARN  c.n.d.s.t.d.RetryableEurekaHttpClient - Request execution failed with message: I/O error on POST request for "http://localhost:8761/eureka/apps/TRAINER-WORKLOAD-SERVICE": Connect to http://localhost:8761 [localhost/127.0.0.1, localhost/0:0:0:0:0:0:0:1] failed: Connection refused
2026-05-25 23:33:28 [DiscoveryClient-InstanceInfoReplicator-0] [txId=] INFO  c.n.d.s.t.d.RedirectingEurekaHttpClient - Request execution error. endpoint=DefaultEndpoint{ serviceUrl='http://localhost:8761/eureka/}, exception=I/O error on POST request for "http://localhost:8761/eureka/apps/TRAINER-WORKLOAD-SERVICE": Connect to http://localhost:8761 [localhost/127.0.0.1, localhost/0:0:0:0:0:0:0:1] failed: Connection refused stacktrace=org.springframework.web.client.ResourceAccessException: I/O error on POST request for "http://localhost:8761/eureka/apps/TRAINER-WORKLOAD-SERVICE": Connect to http://localhost:8761 [localhost/127.0.0.1, localhost/0:0:0:0:0:0:0:1] failed: Connection refused
	at org.springframework.web.client.RestTemplate.createResourceAccessException(RestTemplate.java:905)
	at org.springframework.web.client.RestTemplate.doExecute(RestTemplate.java:885)
	at org.springframework.web.client.RestTemplate.execute(RestTemplate.java:781)
	at org.springframework.web.client.RestTemplate.exchange(RestTemplate.java:663)
	at org.springframework.cloud.netflix.eureka.http.RestTemplateEurekaHttpClient.register(RestTemplateEurekaHttpClient.java:77)
	at com.netflix.discovery.shared.transport.decorator.EurekaHttpClientDecorator$1.execute(EurekaHttpClientDecorator.java:59)
	at com.netflix.discovery.shared.transport.decorator.RedirectingEurekaHttpClient.executeOnNewServer(RedirectingEurekaHttpClient.java:121)
	at com.netflix.discovery.shared.transport.decorator.RedirectingEurekaHttpClient.execute(RedirectingEurekaHttpClient.java:80)
	at com.netflix.discovery.shared.transport.decorator.EurekaHttpClientDecorator.register(EurekaHttpClientDecorator.java:56)
	at com.netflix.discovery.shared.transport.decorator.EurekaHttpClientDecorator$1.execute(EurekaHttpClientDecorator.java:59)
	at com.netflix.discovery.shared.transport.decorator.RetryableEurekaHttpClient.execute(RetryableEurekaHttpClient.java:120)
	at com.netflix.discovery.shared.transport.decorator.EurekaHttpClientDecorator.register(EurekaHttpClientDecorator.java:56)
	at com.netflix.discovery.shared.transport.decorator.EurekaHttpClientDecorator$1.execute(EurekaHttpClientDecorator.java:59)
	at com.netflix.discovery.shared.transport.decorator.SessionedEurekaHttpClient.execute(SessionedEurekaHttpClient.java:77)
	at com.netflix.discovery.shared.transport.decorator.EurekaHttpClientDecorator.register(EurekaHttpClientDecorator.java:56)
	at com.netflix.discovery.DiscoveryClient.register(DiscoveryClient.java:820)
	at com.netflix.discovery.InstanceInfoReplicator.run(InstanceInfoReplicator.java:121)
	at com.netflix.discovery.InstanceInfoReplicator$1.run(InstanceInfoReplicator.java:101)
	at java.base/java.util.concurrent.Executors$RunnableAdapter.call(Executors.java:539)
	at java.base/java.util.concurrent.FutureTask.run(FutureTask.java:264)
	at java.base/java.util.concurrent.ScheduledThreadPoolExecutor$ScheduledFutureTask.run(ScheduledThreadPoolExecutor.java:304)
	at java.base/java.util.concurrent.ThreadPoolExecutor.runWorker(ThreadPoolExecutor.java:1136)
	at java.base/java.util.concurrent.ThreadPoolExecutor$Worker.run(ThreadPoolExecutor.java:635)
	at java.base/java.lang.Thread.run(Thread.java:840)
Caused by: org.apache.hc.client5.http.HttpHostConnectException: Connect to http://localhost:8761 [localhost/127.0.0.1, localhost/0:0:0:0:0:0:0:1] failed: Connection refused
	at java.base/sun.nio.ch.Net.pollConnect(Native Method)
	at java.base/sun.nio.ch.Net.pollConnectNow(Net.java:684)
	at java.base/sun.nio.ch.NioSocketImpl.timedFinishConnect(NioSocketImpl.java:554)
	at java.base/sun.nio.ch.NioSocketImpl.connect(NioSocketImpl.java:602)
	at java.base/java.net.SocksSocketImpl.connect(SocksSocketImpl.java:327)
	at java.base/java.net.Socket.connect(Socket.java:633)
	at org.apache.hc.client5.http.socket.PlainConnectionSocketFactory.lambda$connectSocket$0(PlainConnectionSocketFactory.java:85)
	at java.base/java.security.AccessController.doPrivileged(AccessController.java:569)
	at org.apache.hc.client5.http.socket.PlainConnectionSocketFactory.connectSocket(PlainConnectionSocketFactory.java:84)
	at org.apache.hc.client5.http.socket.ConnectionSocketFactory.connectSocket(ConnectionSocketFactory.java:113)
	at org.apache.hc.client5.http.impl.io.DefaultHttpClientConnectionOperator.connect(DefaultHttpClientConnectionOperator.java:181)
	at org.apache.hc.client5.http.impl.io.PoolingHttpClientConnectionManager.connect(PoolingHttpClientConnectionManager.java:447)
	at org.apache.hc.client5.http.impl.classic.InternalExecRuntime.connectEndpoint(InternalExecRuntime.java:162)
	at org.apache.hc.client5.http.impl.classic.InternalExecRuntime.connectEndpoint(InternalExecRuntime.java:172)
	at org.apache.hc.client5.http.impl.classic.ConnectExec.execute(ConnectExec.java:142)
	at org.apache.hc.client5.http.impl.classic.ExecChainElement.execute(ExecChainElement.java:51)
	at org.apache.hc.client5.http.impl.classic.ProtocolExec.execute(ProtocolExec.java:192)
	at org.apache.hc.client5.http.impl.classic.ExecChainElement.execute(ExecChainElement.java:51)
	at org.apache.hc.client5.http.impl.classic.HttpRequestRetryExec.execute(HttpRequestRetryExec.java:96)
	at org.apache.hc.client5.http.impl.classic.ExecChainElement.execute(ExecChainElement.java:51)
	at org.apache.hc.client5.http.impl.classic.ContentCompressionExec.execute(ContentCompressionExec.java:152)
	at org.apache.hc.client5.http.impl.classic.ExecChainElement.execute(ExecChainElement.java:51)
	at org.apache.hc.client5.http.impl.classic.RedirectExec.execute(RedirectExec.java:115)
	at org.apache.hc.client5.http.impl.classic.ExecChainElement.execute(ExecChainElement.java:51)
	at org.apache.hc.client5.http.impl.classic.InternalHttpClient.doExecute(InternalHttpClient.java:170)
	at org.apache.hc.client5.http.impl.classic.CloseableHttpClient.execute(CloseableHttpClient.java:87)
	at org.apache.hc.client5.http.impl.classic.CloseableHttpClient.execute(CloseableHttpClient.java:55)
	at org.apache.hc.client5.http.classic.HttpClient.executeOpen(HttpClient.java:183)
	at org.springframework.http.client.HttpComponentsClientHttpRequest.executeInternal(HttpComponentsClientHttpRequest.java:95)
	at org.springframework.http.client.AbstractStreamingClientHttpRequest.executeInternal(AbstractStreamingClientHttpRequest.java:70)
	at org.springframework.http.client.AbstractClientHttpRequest.execute(AbstractClientHttpRequest.java:66)
	at org.springframework.http.client.InterceptingClientHttpRequest$InterceptingRequestExecution.execute(InterceptingClientHttpRequest.java:101)
	at org.springframework.cloud.netflix.eureka.http.RestTemplateTransportClientFactory.lambda$restTemplate$0(RestTemplateTransportClientFactory.java:143)
	at org.springframework.http.client.InterceptingClientHttpRequest$InterceptingRequestExecution.execute(InterceptingClientHttpRequest.java:87)
	at org.springframework.http.client.InterceptingClientHttpRequest.executeInternal(InterceptingClientHttpRequest.java:71)
	at org.springframework.http.client.AbstractBufferingClientHttpRequest.executeInternal(AbstractBufferingClientHttpRequest.java:48)
	at org.springframework.http.client.AbstractClientHttpRequest.execute(AbstractClientHttpRequest.java:66)
	at org.springframework.web.client.RestTemplate.doExecute(RestTemplate.java:879)
	... 22 more

2026-05-25 23:33:28 [DiscoveryClient-InstanceInfoReplicator-0] [txId=] WARN  c.n.d.s.t.d.RetryableEurekaHttpClient - Request execution failed with message: I/O error on POST request for "http://localhost:8761/eureka/apps/TRAINER-WORKLOAD-SERVICE": Connect to http://localhost:8761 [localhost/127.0.0.1, localhost/0:0:0:0:0:0:0:1] failed: Connection refused
2026-05-25 23:33:28 [DiscoveryClient-InstanceInfoReplicator-0] [txId=] WARN  c.netflix.discovery.DiscoveryClient - DiscoveryClient_TRAINER-WORKLOAD-SERVICE/192.168.15.146:trainer-workload-service:8081 - registration failed Cannot execute request on any known server
com.netflix.discovery.shared.transport.TransportException: Cannot execute request on any known server
	at com.netflix.discovery.shared.transport.decorator.RetryableEurekaHttpClient.execute(RetryableEurekaHttpClient.java:112)
	at com.netflix.discovery.shared.transport.decorator.EurekaHttpClientDecorator.register(EurekaHttpClientDecorator.java:56)
	at com.netflix.discovery.shared.transport.decorator.EurekaHttpClientDecorator$1.execute(EurekaHttpClientDecorator.java:59)
	at com.netflix.discovery.shared.transport.decorator.SessionedEurekaHttpClient.execute(SessionedEurekaHttpClient.java:77)
	at com.netflix.discovery.shared.transport.decorator.EurekaHttpClientDecorator.register(EurekaHttpClientDecorator.java:56)
	at com.netflix.discovery.DiscoveryClient.register(DiscoveryClient.java:820)
	at com.netflix.discovery.InstanceInfoReplicator.run(InstanceInfoReplicator.java:121)
	at com.netflix.discovery.InstanceInfoReplicator$1.run(InstanceInfoReplicator.java:101)
	at java.base/java.util.concurrent.Executors$RunnableAdapter.call(Executors.java:539)
	at java.base/java.util.concurrent.FutureTask.run(FutureTask.java:264)
	at java.base/java.util.concurrent.ScheduledThreadPoolExecutor$ScheduledFutureTask.run(ScheduledThreadPoolExecutor.java:304)
	at java.base/java.util.concurrent.ThreadPoolExecutor.runWorker(ThreadPoolExecutor.java:1136)
	at java.base/java.util.concurrent.ThreadPoolExecutor$Worker.run(ThreadPoolExecutor.java:635)
	at java.base/java.lang.Thread.run(Thread.java:840)
2026-05-25 23:33:28 [DiscoveryClient-InstanceInfoReplicator-0] [txId=] WARN  c.n.discovery.InstanceInfoReplicator - There was a problem with the instance info replicator
com.netflix.discovery.shared.transport.TransportException: Cannot execute request on any known server
	at com.netflix.discovery.shared.transport.decorator.RetryableEurekaHttpClient.execute(RetryableEurekaHttpClient.java:112)
	at com.netflix.discovery.shared.transport.decorator.EurekaHttpClientDecorator.register(EurekaHttpClientDecorator.java:56)
	at com.netflix.discovery.shared.transport.decorator.EurekaHttpClientDecorator$1.execute(EurekaHttpClientDecorator.java:59)
	at com.netflix.discovery.shared.transport.decorator.SessionedEurekaHttpClient.execute(SessionedEurekaHttpClient.java:77)
	at com.netflix.discovery.shared.transport.decorator.EurekaHttpClientDecorator.register(EurekaHttpClientDecorator.java:56)
	at com.netflix.discovery.DiscoveryClient.register(DiscoveryClient.java:820)
	at com.netflix.discovery.InstanceInfoReplicator.run(InstanceInfoReplicator.java:121)
	at com.netflix.discovery.InstanceInfoReplicator$1.run(InstanceInfoReplicator.java:101)
	at java.base/java.util.concurrent.Executors$RunnableAdapter.call(Executors.java:539)
	at java.base/java.util.concurrent.FutureTask.run(FutureTask.java:264)
	at java.base/java.util.concurrent.ScheduledThreadPoolExecutor$ScheduledFutureTask.run(ScheduledThreadPoolExecutor.java:304)
	at java.base/java.util.concurrent.ThreadPoolExecutor.runWorker(ThreadPoolExecutor.java:1136)
	at java.base/java.util.concurrent.ThreadPoolExecutor$Worker.run(ThreadPoolExecutor.java:635)
	at java.base/java.lang.Thread.run(Thread.java:840)
2026-05-25 23:33:28 [SpringApplicationShutdownHook] [txId=] INFO  c.netflix.discovery.DiscoveryClient - Shutting down DiscoveryClient ...
2026-05-25 23:33:31 [SpringApplicationShutdownHook] [txId=] INFO  c.netflix.discovery.DiscoveryClient - Unregistering ...
2026-05-25 23:33:31 [SpringApplicationShutdownHook] [txId=] INFO  c.n.d.s.t.d.RedirectingEurekaHttpClient - Request execution error. endpoint=DefaultEndpoint{ serviceUrl='http://localhost:8761/eureka/}, exception=I/O error on DELETE request for "http://localhost:8761/eureka/apps/TRAINER-WORKLOAD-SERVICE/192.168.15.146:trainer-workload-service:8081": Connect to http://localhost:8761 [localhost/127.0.0.1, localhost/0:0:0:0:0:0:0:1] failed: Connection refused stacktrace=org.springframework.web.client.ResourceAccessException: I/O error on DELETE request for "http://localhost:8761/eureka/apps/TRAINER-WORKLOAD-SERVICE/192.168.15.146:trainer-workload-service:8081": Connect to http://localhost:8761 [localhost/127.0.0.1, localhost/0:0:0:0:0:0:0:1] failed: Connection refused
	at org.springframework.web.client.RestTemplate.createResourceAccessException(RestTemplate.java:905)
	at org.springframework.web.client.RestTemplate.doExecute(RestTemplate.java:885)
	at org.springframework.web.client.RestTemplate.execute(RestTemplate.java:781)
	at org.springframework.web.client.RestTemplate.exchange(RestTemplate.java:663)
	at org.springframework.cloud.netflix.eureka.http.RestTemplateEurekaHttpClient.cancel(RestTemplateEurekaHttpClient.java:87)
	at com.netflix.discovery.shared.transport.decorator.EurekaHttpClientDecorator$2.execute(EurekaHttpClientDecorator.java:74)
	at com.netflix.discovery.shared.transport.decorator.RedirectingEurekaHttpClient.executeOnNewServer(RedirectingEurekaHttpClient.java:121)
	at com.netflix.discovery.shared.transport.decorator.RedirectingEurekaHttpClient.execute(RedirectingEurekaHttpClient.java:80)
	at com.netflix.discovery.shared.transport.decorator.EurekaHttpClientDecorator.cancel(EurekaHttpClientDecorator.java:71)
	at com.netflix.discovery.shared.transport.decorator.EurekaHttpClientDecorator$2.execute(EurekaHttpClientDecorator.java:74)
	at com.netflix.discovery.shared.transport.decorator.RetryableEurekaHttpClient.execute(RetryableEurekaHttpClient.java:120)
	at com.netflix.discovery.shared.transport.decorator.EurekaHttpClientDecorator.cancel(EurekaHttpClientDecorator.java:71)
	at com.netflix.discovery.shared.transport.decorator.EurekaHttpClientDecorator$2.execute(EurekaHttpClientDecorator.java:74)
	at com.netflix.discovery.shared.transport.decorator.SessionedEurekaHttpClient.execute(SessionedEurekaHttpClient.java:77)
	at com.netflix.discovery.shared.transport.decorator.EurekaHttpClientDecorator.cancel(EurekaHttpClientDecorator.java:71)
	at com.netflix.discovery.DiscoveryClient.unregister(DiscoveryClient.java:916)
	at com.netflix.discovery.DiscoveryClient.shutdown(DiscoveryClient.java:892)
	at java.base/jdk.internal.reflect.NativeMethodAccessorImpl.invoke0(Native Method)
	at java.base/jdk.internal.reflect.NativeMethodAccessorImpl.invoke(NativeMethodAccessorImpl.java:77)
	at java.base/jdk.internal.reflect.DelegatingMethodAccessorImpl.invoke(DelegatingMethodAccessorImpl.java:43)
	at java.base/java.lang.reflect.Method.invoke(Method.java:569)
	at org.springframework.beans.factory.annotation.InitDestroyAnnotationBeanPostProcessor$LifecycleMethod.invoke(InitDestroyAnnotationBeanPostProcessor.java:457)
	at org.springframework.beans.factory.annotation.InitDestroyAnnotationBeanPostProcessor$LifecycleMetadata.invokeDestroyMethods(InitDestroyAnnotationBeanPostProcessor.java:415)
	at org.springframework.beans.factory.annotation.InitDestroyAnnotationBeanPostProcessor.postProcessBeforeDestruction(InitDestroyAnnotationBeanPostProcessor.java:239)
	at org.springframework.beans.factory.support.DisposableBeanAdapter.destroy(DisposableBeanAdapter.java:202)
	at org.springframework.beans.factory.support.DisposableBeanAdapter.run(DisposableBeanAdapter.java:195)
	at org.springframework.cloud.context.scope.GenericScope$BeanLifecycleWrapper.destroy(GenericScope.java:389)
	at org.springframework.cloud.context.scope.GenericScope.destroy(GenericScope.java:136)
	at org.springframework.beans.factory.support.DisposableBeanAdapter.destroy(DisposableBeanAdapter.java:211)
	at org.springframework.beans.factory.support.DefaultSingletonBeanRegistry.destroyBean(DefaultSingletonBeanRegistry.java:587)
	at org.springframework.beans.factory.support.DefaultSingletonBeanRegistry.destroySingleton(DefaultSingletonBeanRegistry.java:559)
	at org.springframework.beans.factory.support.DefaultListableBeanFactory.destroySingleton(DefaultListableBeanFactory.java:1200)
	at org.springframework.beans.factory.support.DefaultSingletonBeanRegistry.destroySingletons(DefaultSingletonBeanRegistry.java:520)
	at org.springframework.beans.factory.support.DefaultListableBeanFactory.destroySingletons(DefaultListableBeanFactory.java:1193)
	at org.springframework.context.support.AbstractApplicationContext.destroyBeans(AbstractApplicationContext.java:1125)
	at org.springframework.context.support.AbstractApplicationContext.doClose(AbstractApplicationContext.java:1086)
	at org.springframework.boot.web.servlet.context.ServletWebServerApplicationContext.doClose(ServletWebServerApplicationContext.java:174)
	at org.springframework.context.support.AbstractApplicationContext.close(AbstractApplicationContext.java:1037)
	at org.springframework.boot.SpringApplicationShutdownHook.closeAndWait(SpringApplicationShutdownHook.java:145)
	at java.base/java.lang.Iterable.forEach(Iterable.java:75)
	at org.springframework.boot.SpringApplicationShutdownHook.run(SpringApplicationShutdownHook.java:114)
	at java.base/java.lang.Thread.run(Thread.java:840)
Caused by: org.apache.hc.client5.http.HttpHostConnectException: Connect to http://localhost:8761 [localhost/127.0.0.1, localhost/0:0:0:0:0:0:0:1] failed: Connection refused
	at java.base/sun.nio.ch.Net.pollConnect(Native Method)
	at java.base/sun.nio.ch.Net.pollConnectNow(Net.java:684)
	at java.base/sun.nio.ch.NioSocketImpl.timedFinishConnect(NioSocketImpl.java:554)
	at java.base/sun.nio.ch.NioSocketImpl.connect(NioSocketImpl.java:602)
	at java.base/java.net.SocksSocketImpl.connect(SocksSocketImpl.java:327)
	at java.base/java.net.Socket.connect(Socket.java:633)
	at org.apache.hc.client5.http.socket.PlainConnectionSocketFactory.lambda$connectSocket$0(PlainConnectionSocketFactory.java:85)
	at java.base/java.security.AccessController.doPrivileged(AccessController.java:569)
	at org.apache.hc.client5.http.socket.PlainConnectionSocketFactory.connectSocket(PlainConnectionSocketFactory.java:84)
	at org.apache.hc.client5.http.socket.ConnectionSocketFactory.connectSocket(ConnectionSocketFactory.java:113)
	at org.apache.hc.client5.http.impl.io.DefaultHttpClientConnectionOperator.connect(DefaultHttpClientConnectionOperator.java:181)
	at org.apache.hc.client5.http.impl.io.PoolingHttpClientConnectionManager.connect(PoolingHttpClientConnectionManager.java:447)
	at org.apache.hc.client5.http.impl.classic.InternalExecRuntime.connectEndpoint(InternalExecRuntime.java:162)
	at org.apache.hc.client5.http.impl.classic.InternalExecRuntime.connectEndpoint(InternalExecRuntime.java:172)
	at org.apache.hc.client5.http.impl.classic.ConnectExec.execute(ConnectExec.java:142)
	at org.apache.hc.client5.http.impl.classic.ExecChainElement.execute(ExecChainElement.java:51)
	at org.apache.hc.client5.http.impl.classic.ProtocolExec.execute(ProtocolExec.java:192)
	at org.apache.hc.client5.http.impl.classic.ExecChainElement.execute(ExecChainElement.java:51)
	at org.apache.hc.client5.http.impl.classic.HttpRequestRetryExec.execute(HttpRequestRetryExec.java:96)
	at org.apache.hc.client5.http.impl.classic.ExecChainElement.execute(ExecChainElement.java:51)
	at org.apache.hc.client5.http.impl.classic.ContentCompressionExec.execute(ContentCompressionExec.java:152)
	at org.apache.hc.client5.http.impl.classic.ExecChainElement.execute(ExecChainElement.java:51)
	at org.apache.hc.client5.http.impl.classic.RedirectExec.execute(RedirectExec.java:115)
	at org.apache.hc.client5.http.impl.classic.ExecChainElement.execute(ExecChainElement.java:51)
	at org.apache.hc.client5.http.impl.classic.InternalHttpClient.doExecute(InternalHttpClient.java:170)
	at org.apache.hc.client5.http.impl.classic.CloseableHttpClient.execute(CloseableHttpClient.java:87)
	at org.apache.hc.client5.http.impl.classic.CloseableHttpClient.execute(CloseableHttpClient.java:55)
	at org.apache.hc.client5.http.classic.HttpClient.executeOpen(HttpClient.java:183)
	at org.springframework.http.client.HttpComponentsClientHttpRequest.executeInternal(HttpComponentsClientHttpRequest.java:95)
	at org.springframework.http.client.AbstractStreamingClientHttpRequest.executeInternal(AbstractStreamingClientHttpRequest.java:70)
	at org.springframework.http.client.AbstractClientHttpRequest.execute(AbstractClientHttpRequest.java:66)
	at org.springframework.http.client.InterceptingClientHttpRequest$InterceptingRequestExecution.execute(InterceptingClientHttpRequest.java:101)
	at org.springframework.cloud.netflix.eureka.http.RestTemplateTransportClientFactory.lambda$restTemplate$0(RestTemplateTransportClientFactory.java:143)
	at org.springframework.http.client.InterceptingClientHttpRequest$InterceptingRequestExecution.execute(InterceptingClientHttpRequest.java:87)
	at org.springframework.http.client.InterceptingClientHttpRequest.executeInternal(InterceptingClientHttpRequest.java:71)
	at org.springframework.http.client.AbstractBufferingClientHttpRequest.executeInternal(AbstractBufferingClientHttpRequest.java:48)
	at org.springframework.http.client.AbstractClientHttpRequest.execute(AbstractClientHttpRequest.java:66)
	at org.springframework.web.client.RestTemplate.doExecute(RestTemplate.java:879)
	... 40 more

2026-05-25 23:33:31 [SpringApplicationShutdownHook] [txId=] WARN  c.n.d.s.t.d.RetryableEurekaHttpClient - Request execution failed with message: I/O error on DELETE request for "http://localhost:8761/eureka/apps/TRAINER-WORKLOAD-SERVICE/192.168.15.146:trainer-workload-service:8081": Connect to http://localhost:8761 [localhost/127.0.0.1, localhost/0:0:0:0:0:0:0:1] failed: Connection refused
2026-05-25 23:33:31 [SpringApplicationShutdownHook] [txId=] ERROR c.netflix.discovery.DiscoveryClient - DiscoveryClient_TRAINER-WORKLOAD-SERVICE/192.168.15.146:trainer-workload-service:8081 - de-registration failedCannot execute request on any known server
com.netflix.discovery.shared.transport.TransportException: Cannot execute request on any known server
	at com.netflix.discovery.shared.transport.decorator.RetryableEurekaHttpClient.execute(RetryableEurekaHttpClient.java:112)
	at com.netflix.discovery.shared.transport.decorator.EurekaHttpClientDecorator.cancel(EurekaHttpClientDecorator.java:71)
	at com.netflix.discovery.shared.transport.decorator.EurekaHttpClientDecorator$2.execute(EurekaHttpClientDecorator.java:74)
	at com.netflix.discovery.shared.transport.decorator.SessionedEurekaHttpClient.execute(SessionedEurekaHttpClient.java:77)
	at com.netflix.discovery.shared.transport.decorator.EurekaHttpClientDecorator.cancel(EurekaHttpClientDecorator.java:71)
	at com.netflix.discovery.DiscoveryClient.unregister(DiscoveryClient.java:916)
	at com.netflix.discovery.DiscoveryClient.shutdown(DiscoveryClient.java:892)
	at java.base/jdk.internal.reflect.NativeMethodAccessorImpl.invoke0(Native Method)
	at java.base/jdk.internal.reflect.NativeMethodAccessorImpl.invoke(NativeMethodAccessorImpl.java:77)
	at java.base/jdk.internal.reflect.DelegatingMethodAccessorImpl.invoke(DelegatingMethodAccessorImpl.java:43)
	at java.base/java.lang.reflect.Method.invoke(Method.java:569)
	at org.springframework.beans.factory.annotation.InitDestroyAnnotationBeanPostProcessor$LifecycleMethod.invoke(InitDestroyAnnotationBeanPostProcessor.java:457)
	at org.springframework.beans.factory.annotation.InitDestroyAnnotationBeanPostProcessor$LifecycleMetadata.invokeDestroyMethods(InitDestroyAnnotationBeanPostProcessor.java:415)
	at org.springframework.beans.factory.annotation.InitDestroyAnnotationBeanPostProcessor.postProcessBeforeDestruction(InitDestroyAnnotationBeanPostProcessor.java:239)
	at org.springframework.beans.factory.support.DisposableBeanAdapter.destroy(DisposableBeanAdapter.java:202)
	at org.springframework.beans.factory.support.DisposableBeanAdapter.run(DisposableBeanAdapter.java:195)
	at org.springframework.cloud.context.scope.GenericScope$BeanLifecycleWrapper.destroy(GenericScope.java:389)
	at org.springframework.cloud.context.scope.GenericScope.destroy(GenericScope.java:136)
	at org.springframework.beans.factory.support.DisposableBeanAdapter.destroy(DisposableBeanAdapter.java:211)
	at org.springframework.beans.factory.support.DefaultSingletonBeanRegistry.destroyBean(DefaultSingletonBeanRegistry.java:587)
	at org.springframework.beans.factory.support.DefaultSingletonBeanRegistry.destroySingleton(DefaultSingletonBeanRegistry.java:559)
	at org.springframework.beans.factory.support.DefaultListableBeanFactory.destroySingleton(DefaultListableBeanFactory.java:1200)
	at org.springframework.beans.factory.support.DefaultSingletonBeanRegistry.destroySingletons(DefaultSingletonBeanRegistry.java:520)
	at org.springframework.beans.factory.support.DefaultListableBeanFactory.destroySingletons(DefaultListableBeanFactory.java:1193)
	at org.springframework.context.support.AbstractApplicationContext.destroyBeans(AbstractApplicationContext.java:1125)
	at org.springframework.context.support.AbstractApplicationContext.doClose(AbstractApplicationContext.java:1086)
	at org.springframework.boot.web.servlet.context.ServletWebServerApplicationContext.doClose(ServletWebServerApplicationContext.java:174)
	at org.springframework.context.support.AbstractApplicationContext.close(AbstractApplicationContext.java:1037)
	at org.springframework.boot.SpringApplicationShutdownHook.closeAndWait(SpringApplicationShutdownHook.java:145)
	at java.base/java.lang.Iterable.forEach(Iterable.java:75)
	at org.springframework.boot.SpringApplicationShutdownHook.run(SpringApplicationShutdownHook.java:114)
	at java.base/java.lang.Thread.run(Thread.java:840)
2026-05-25 23:33:31 [SpringApplicationShutdownHook] [txId=] INFO  c.netflix.discovery.DiscoveryClient - Completed shut down of DiscoveryClient
2026-05-25 23:59:10 [background-preinit] [txId=] INFO  o.h.validator.internal.util.Version - HV000001: Hibernate Validator 8.0.1.Final
2026-05-25 23:59:10 [main] [txId=] INFO  c.e.w.TrainerWorkloadApplication - Starting TrainerWorkloadApplication using Java 17.0.18 with PID 58692 (/Users/mariagevorgyan/Documents/Epam_Task1_Spring/trainer-workload-service/target/classes started by mariagevorgyan in /Users/mariagevorgyan/Documents/Epam_Task1_Spring/trainer-workload-service)
2026-05-25 23:59:10 [main] [txId=] DEBUG c.e.w.TrainerWorkloadApplication - Running with Spring Boot v3.2.0, Spring v6.1.1
2026-05-25 23:59:10 [main] [txId=] INFO  c.e.w.TrainerWorkloadApplication - No active profile set, falling back to 1 default profile: "default"
2026-05-25 23:59:10 [main] [txId=] INFO  o.s.d.r.c.RepositoryConfigurationDelegate - Bootstrapping Spring Data MongoDB repositories in DEFAULT mode.
2026-05-25 23:59:10 [main] [txId=] INFO  o.s.d.r.c.RepositoryConfigurationDelegate - Finished Spring Data repository scanning in 42 ms. Found 1 MongoDB repository interface.
2026-05-25 23:59:11 [main] [txId=] INFO  o.s.cloud.context.scope.GenericScope - BeanFactory id=be149368-3eec-309c-ac22-e7035301f0b5
2026-05-25 23:59:11 [main] [txId=] WARN  o.s.c.s.PostProcessorRegistrationDelegate$BeanPostProcessorChecker - Bean 'org.springframework.cloud.client.loadbalancer.LoadBalancerAutoConfiguration$LoadBalancerInterceptorConfig' of type [org.springframework.cloud.client.loadbalancer.LoadBalancerAutoConfiguration$LoadBalancerInterceptorConfig] is not eligible for getting processed by all BeanPostProcessors (for example: not eligible for auto-proxying). The currently created BeanPostProcessor [lbRestClientPostProcessor] is declared through a non-static factory method on that class; consider declaring it as static instead.
2026-05-25 23:59:11 [main] [txId=] WARN  o.s.c.s.PostProcessorRegistrationDelegate$BeanPostProcessorChecker - Bean 'org.springframework.cloud.loadbalancer.config.BlockingLoadBalancerClientAutoConfiguration' of type [org.springframework.cloud.loadbalancer.config.BlockingLoadBalancerClientAutoConfiguration] is not eligible for getting processed by all BeanPostProcessors (for example: not eligible for auto-proxying). Is this bean getting eagerly injected into a currently created BeanPostProcessor [lbRestClientPostProcessor]? Check the corresponding BeanPostProcessor declaration and its dependencies.
2026-05-25 23:59:11 [main] [txId=] WARN  o.s.c.s.PostProcessorRegistrationDelegate$BeanPostProcessorChecker - Bean 'org.springframework.cloud.loadbalancer.config.LoadBalancerAutoConfiguration' of type [org.springframework.cloud.loadbalancer.config.LoadBalancerAutoConfiguration] is not eligible for getting processed by all BeanPostProcessors (for example: not eligible for auto-proxying). Is this bean getting eagerly injected into a currently created BeanPostProcessor [lbRestClientPostProcessor]? Check the corresponding BeanPostProcessor declaration and its dependencies.
2026-05-25 23:59:11 [main] [txId=] WARN  o.s.c.s.PostProcessorRegistrationDelegate$BeanPostProcessorChecker - Bean 'org.springframework.cloud.commons.config.CommonsConfigAutoConfiguration' of type [org.springframework.cloud.commons.config.CommonsConfigAutoConfiguration] is not eligible for getting processed by all BeanPostProcessors (for example: not eligible for auto-proxying). Is this bean getting eagerly injected into a currently created BeanPostProcessor [lbRestClientPostProcessor]? Check the corresponding BeanPostProcessor declaration and its dependencies.
2026-05-25 23:59:11 [main] [txId=] WARN  o.s.c.s.PostProcessorRegistrationDelegate$BeanPostProcessorChecker - Bean 'org.springframework.cloud.client.loadbalancer.LoadBalancerDefaultMappingsProviderAutoConfiguration' of type [org.springframework.cloud.client.loadbalancer.LoadBalancerDefaultMappingsProviderAutoConfiguration] is not eligible for getting processed by all BeanPostProcessors (for example: not eligible for auto-proxying). Is this bean getting eagerly injected into a currently created BeanPostProcessor [lbRestClientPostProcessor]? Check the corresponding BeanPostProcessor declaration and its dependencies.
2026-05-25 23:59:11 [main] [txId=] WARN  o.s.c.s.PostProcessorRegistrationDelegate$BeanPostProcessorChecker - Bean 'loadBalancerClientsDefaultsMappingsProvider' of type [org.springframework.cloud.client.loadbalancer.LoadBalancerDefaultMappingsProviderAutoConfiguration$$Lambda$653/0x0000008801496a98] is not eligible for getting processed by all BeanPostProcessors (for example: not eligible for auto-proxying). Is this bean getting eagerly injected into a currently created BeanPostProcessor [lbRestClientPostProcessor]? Check the corresponding BeanPostProcessor declaration and its dependencies.
2026-05-25 23:59:11 [main] [txId=] WARN  o.s.c.s.PostProcessorRegistrationDelegate$BeanPostProcessorChecker - Bean 'defaultsBindHandlerAdvisor' of type [org.springframework.cloud.commons.config.DefaultsBindHandlerAdvisor] is not eligible for getting processed by all BeanPostProcessors (for example: not eligible for auto-proxying). Is this bean getting eagerly injected into a currently created BeanPostProcessor [lbRestClientPostProcessor]? Check the corresponding BeanPostProcessor declaration and its dependencies.
2026-05-25 23:59:11 [main] [txId=] WARN  o.s.c.s.PostProcessorRegistrationDelegate$BeanPostProcessorChecker - Bean 'spring.cloud.loadbalancer-org.springframework.cloud.client.loadbalancer.LoadBalancerClientsProperties' of type [org.springframework.cloud.client.loadbalancer.LoadBalancerClientsProperties] is not eligible for getting processed by all BeanPostProcessors (for example: not eligible for auto-proxying). Is this bean getting eagerly injected into a currently created BeanPostProcessor [lbRestClientPostProcessor]? Check the corresponding BeanPostProcessor declaration and its dependencies.
2026-05-25 23:59:11 [main] [txId=] WARN  o.s.c.s.PostProcessorRegistrationDelegate$BeanPostProcessorChecker - Bean 'default.org.springframework.cloud.loadbalancer.config.LoadBalancerAutoConfiguration.LoadBalancerClientSpecification' of type [org.springframework.cloud.loadbalancer.annotation.LoadBalancerClientSpecification] is not eligible for getting processed by all BeanPostProcessors (for example: not eligible for auto-proxying). Is this bean getting eagerly injected into a currently created BeanPostProcessor [lbRestClientPostProcessor]? Check the corresponding BeanPostProcessor declaration and its dependencies.
2026-05-25 23:59:11 [main] [txId=] WARN  o.s.c.s.PostProcessorRegistrationDelegate$BeanPostProcessorChecker - Bean 'default.org.springframework.cloud.loadbalancer.config.BlockingLoadBalancerClientAutoConfiguration.LoadBalancerClientSpecification' of type [org.springframework.cloud.loadbalancer.annotation.LoadBalancerClientSpecification] is not eligible for getting processed by all BeanPostProcessors (for example: not eligible for auto-proxying). Is this bean getting eagerly injected into a currently created BeanPostProcessor [lbRestClientPostProcessor]? Check the corresponding BeanPostProcessor declaration and its dependencies.
2026-05-25 23:59:11 [main] [txId=] WARN  o.s.c.s.PostProcessorRegistrationDelegate$BeanPostProcessorChecker - Bean 'default.org.springframework.cloud.netflix.eureka.loadbalancer.LoadBalancerEurekaAutoConfiguration.LoadBalancerClientSpecification' of type [org.springframework.cloud.loadbalancer.annotation.LoadBalancerClientSpecification] is not eligible for getting processed by all BeanPostProcessors (for example: not eligible for auto-proxying). Is this bean getting eagerly injected into a currently created BeanPostProcessor [lbRestClientPostProcessor]? Check the corresponding BeanPostProcessor declaration and its dependencies.
2026-05-25 23:59:11 [main] [txId=] WARN  o.s.c.s.PostProcessorRegistrationDelegate$BeanPostProcessorChecker - Bean 'loadBalancerClientFactory' of type [org.springframework.cloud.loadbalancer.support.LoadBalancerClientFactory] is not eligible for getting processed by all BeanPostProcessors (for example: not eligible for auto-proxying). Is this bean getting eagerly injected into a currently created BeanPostProcessor [lbRestClientPostProcessor]? Check the corresponding BeanPostProcessor declaration and its dependencies.
2026-05-25 23:59:11 [main] [txId=] WARN  o.s.c.s.PostProcessorRegistrationDelegate$BeanPostProcessorChecker - Bean 'blockingLoadBalancerClient' of type [org.springframework.cloud.loadbalancer.blocking.client.BlockingLoadBalancerClient] is not eligible for getting processed by all BeanPostProcessors (for example: not eligible for auto-proxying). Is this bean getting eagerly injected into a currently created BeanPostProcessor [lbRestClientPostProcessor]? Check the corresponding BeanPostProcessor declaration and its dependencies.
2026-05-25 23:59:11 [main] [txId=] WARN  o.s.c.s.PostProcessorRegistrationDelegate$BeanPostProcessorChecker - Bean 'loadBalancerServiceInstanceCookieTransformer' of type [org.springframework.cloud.loadbalancer.core.LoadBalancerServiceInstanceCookieTransformer] is not eligible for getting processed by all BeanPostProcessors (for example: not eligible for auto-proxying). Is this bean getting eagerly injected into a currently created BeanPostProcessor [lbRestClientPostProcessor]? Check the corresponding BeanPostProcessor declaration and its dependencies.
2026-05-25 23:59:11 [main] [txId=] WARN  o.s.c.s.PostProcessorRegistrationDelegate$BeanPostProcessorChecker - Bean 'xForwarderHeadersTransformer' of type [org.springframework.cloud.loadbalancer.blocking.XForwardedHeadersTransformer] is not eligible for getting processed by all BeanPostProcessors (for example: not eligible for auto-proxying). Is this bean getting eagerly injected into a currently created BeanPostProcessor [lbRestClientPostProcessor]? Check the corresponding BeanPostProcessor declaration and its dependencies.
2026-05-25 23:59:11 [main] [txId=] WARN  o.s.c.s.PostProcessorRegistrationDelegate$BeanPostProcessorChecker - Bean 'org.springframework.cloud.client.loadbalancer.LoadBalancerAutoConfiguration' of type [org.springframework.cloud.client.loadbalancer.LoadBalancerAutoConfiguration] is not eligible for getting processed by all BeanPostProcessors (for example: not eligible for auto-proxying). Is this bean getting eagerly injected into a currently created BeanPostProcessor [lbRestClientPostProcessor]? Check the corresponding BeanPostProcessor declaration and its dependencies.
2026-05-25 23:59:11 [main] [txId=] WARN  o.s.c.s.PostProcessorRegistrationDelegate$BeanPostProcessorChecker - Bean 'loadBalancerRequestFactory' of type [org.springframework.cloud.client.loadbalancer.LoadBalancerRequestFactory] is not eligible for getting processed by all BeanPostProcessors (for example: not eligible for auto-proxying). Is this bean getting eagerly injected into a currently created BeanPostProcessor [lbRestClientPostProcessor]? Check the corresponding BeanPostProcessor declaration and its dependencies.
2026-05-25 23:59:11 [main] [txId=] WARN  o.s.c.s.PostProcessorRegistrationDelegate$BeanPostProcessorChecker - Bean 'loadBalancerInterceptor' of type [org.springframework.cloud.client.loadbalancer.LoadBalancerInterceptor] is not eligible for getting processed by all BeanPostProcessors (for example: not eligible for auto-proxying). Is this bean getting eagerly injected into a currently created BeanPostProcessor [lbRestClientPostProcessor]? Check the corresponding BeanPostProcessor declaration and its dependencies.
2026-05-25 23:59:11 [main] [txId=] INFO  o.s.b.w.e.tomcat.TomcatWebServer - Tomcat initialized with port 8081 (http)
2026-05-25 23:59:11 [main] [txId=] INFO  o.a.coyote.http11.Http11NioProtocol - Initializing ProtocolHandler ["http-nio-8081"]
2026-05-25 23:59:11 [main] [txId=] INFO  o.a.catalina.core.StandardService - Starting service [Tomcat]
2026-05-25 23:59:11 [main] [txId=] INFO  o.a.catalina.core.StandardEngine - Starting Servlet engine: [Apache Tomcat/10.1.16]
2026-05-25 23:59:11 [main] [txId=] INFO  o.a.c.c.C.[Tomcat].[localhost].[/] - Initializing Spring embedded WebApplicationContext
2026-05-25 23:59:11 [main] [txId=] INFO  o.s.b.w.s.c.ServletWebServerApplicationContext - Root WebApplicationContext: initialization completed in 520 ms
2026-05-25 23:59:11 [main] [txId=] DEBUG c.e.w.l.TransactionLoggingFilter - Filter 'transactionLoggingFilter' configured for use
2026-05-25 23:59:11 [main] [txId=] DEBUG c.e.workload.security.JwtAuthFilter - Filter 'jwtAuthFilter' configured for use
2026-05-25 23:59:11 [main] [txId=] INFO  org.mongodb.driver.client - MongoClient with metadata {"driver": {"name": "mongo-java-driver|sync|spring-boot", "version": "4.11.1"}, "os": {"type": "Darwin", "name": "Mac OS X", "architecture": "aarch64", "version": "26.5"}, "platform": "Java/Microsoft/17.0.18+8-LTS"} created with settings MongoClientSettings{readPreference=primary, writeConcern=WriteConcern{w=null, wTimeout=null ms, journal=null}, retryWrites=true, retryReads=true, readConcern=ReadConcern{level=null}, credential=null, transportSettings=null, streamFactoryFactory=null, commandListeners=[io.micrometer.core.instrument.binder.mongodb.MongoMetricsCommandListener@3ce7394f], codecRegistry=ProvidersCodecRegistry{codecProviders=[ValueCodecProvider{}, BsonValueCodecProvider{}, DBRefCodecProvider{}, DBObjectCodecProvider{}, DocumentCodecProvider{}, CollectionCodecProvider{}, IterableCodecProvider{}, MapCodecProvider{}, GeoJsonCodecProvider{}, GridFSFileCodecProvider{}, Jsr310CodecProvider{}, JsonObjectCodecProvider{}, BsonCodecProvider{}, EnumCodecProvider{}, com.mongodb.client.model.mql.ExpressionCodecProvider@6723cce7, com.mongodb.Jep395RecordCodecProvider@74cd798f, com.mongodb.KotlinCodecProvider@314f59b]}, loggerSettings=LoggerSettings{maxDocumentLength=1000}, clusterSettings={hosts=[localhost:27017], srvServiceName=mongodb, mode=SINGLE, requiredClusterType=UNKNOWN, requiredReplicaSetName='null', serverSelector='null', clusterListeners='[]', serverSelectionTimeout='30000 ms', localThreshold='15 ms'}, socketSettings=SocketSettings{connectTimeoutMS=10000, readTimeoutMS=0, receiveBufferSize=0, proxySettings=ProxySettings{host=null, port=null, username=null, password=null}}, heartbeatSocketSettings=SocketSettings{connectTimeoutMS=10000, readTimeoutMS=10000, receiveBufferSize=0, proxySettings=ProxySettings{host=null, port=null, username=null, password=null}}, connectionPoolSettings=ConnectionPoolSettings{maxSize=100, minSize=0, maxWaitTimeMS=120000, maxConnectionLifeTimeMS=0, maxConnectionIdleTimeMS=0, maintenanceInitialDelayMS=0, maintenanceFrequencyMS=60000, connectionPoolListeners=[io.micrometer.core.instrument.binder.mongodb.MongoMetricsConnectionPoolListener@63c99f7], maxConnecting=2}, serverSettings=ServerSettings{heartbeatFrequencyMS=10000, minHeartbeatFrequencyMS=500, serverListeners='[]', serverMonitorListeners='[]'}, sslSettings=SslSettings{enabled=false, invalidHostNameAllowed=false, context=null}, applicationName='null', compressorList=[], uuidRepresentation=JAVA_LEGACY, serverApi=null, autoEncryptionSettings=null, dnsClient=null, inetAddressResolver=null, contextProvider=null}
2026-05-25 23:59:11 [cluster-ClusterId{value='6a14aa0fcf8acd53da62fa20', description='null'}-localhost:27017] [txId=] INFO  org.mongodb.driver.cluster - Monitor thread successfully connected to server with description ServerDescription{address=localhost:27017, type=STANDALONE, state=CONNECTED, ok=true, minWireVersion=0, maxWireVersion=27, maxDocumentSize=16777216, logicalSessionTimeoutMinutes=30, roundTripTimeNanos=11817750}
2026-05-25 23:59:11 [main] [txId=] WARN  o.s.b.a.s.s.UserDetailsServiceAutoConfiguration - 

Using generated security password: 71180769-2e07-42c0-acf6-84433bdf6edc

This generated password is for development use only. Your security configuration must be updated before running your application in production.

2026-05-25 23:59:11 [main] [txId=] INFO  o.s.b.a.e.web.EndpointLinksResolver - Exposing 2 endpoint(s) beneath base path '/actuator'
2026-05-25 23:59:11 [main] [txId=] INFO  o.s.s.web.DefaultSecurityFilterChain - Will secure any request with [org.springframework.security.web.session.DisableEncodeUrlFilter@628bcf2c, org.springframework.security.web.context.request.async.WebAsyncManagerIntegrationFilter@4b76251c, org.springframework.security.web.context.SecurityContextHolderFilter@2d3eb1ea, org.springframework.security.web.header.HeaderWriterFilter@5487a8f1, org.springframework.web.filter.CorsFilter@20c283b4, org.springframework.security.web.authentication.logout.LogoutFilter@10724a72, com.epam.workload.security.JwtAuthFilter@63dda940, org.springframework.security.web.savedrequest.RequestCacheAwareFilter@1bde9a22, org.springframework.security.web.servletapi.SecurityContextHolderAwareRequestFilter@2cc97e47, org.springframework.security.web.authentication.AnonymousAuthenticationFilter@366b4a7b, org.springframework.security.web.session.SessionManagementFilter@44f23927, org.springframework.security.web.access.ExceptionTranslationFilter@5296f00c, org.springframework.security.web.access.intercept.AuthorizationFilter@3c82bac3]
2026-05-25 23:59:11 [main] [txId=] INFO  o.s.c.n.e.c.DiscoveryClientOptionalArgsConfiguration - Eureka HTTP Client uses RestTemplate.
2026-05-25 23:59:11 [main] [txId=] WARN  o.s.c.l.c.LoadBalancerCacheAutoConfiguration$LoadBalancerCaffeineWarnLogger - Spring Cloud LoadBalancer is currently working with the default cache. While this cache implementation is useful for development and tests, it's recommended to use Caffeine cache in production.You can switch to using Caffeine cache, by adding it and org.springframework.cache.caffeine.CaffeineCacheManager to the classpath.
2026-05-25 23:59:11 [main] [txId=] INFO  o.s.c.n.eureka.InstanceInfoFactory - Setting initial instance status as: STARTING
2026-05-25 23:59:11 [main] [txId=] INFO  c.netflix.discovery.DiscoveryClient - Initializing Eureka in region us-east-1
2026-05-25 23:59:11 [main] [txId=] INFO  c.n.d.s.r.aws.ConfigClusterResolver - Resolving eureka endpoints via configuration
2026-05-25 23:59:11 [main] [txId=] INFO  c.netflix.discovery.DiscoveryClient - Disable delta property : false
2026-05-25 23:59:11 [main] [txId=] INFO  c.netflix.discovery.DiscoveryClient - Single vip registry refresh property : null
2026-05-25 23:59:11 [main] [txId=] INFO  c.netflix.discovery.DiscoveryClient - Force full registry fetch : false
2026-05-25 23:59:11 [main] [txId=] INFO  c.netflix.discovery.DiscoveryClient - Application is null : false
2026-05-25 23:59:11 [main] [txId=] INFO  c.netflix.discovery.DiscoveryClient - Registered Applications size is zero : true
2026-05-25 23:59:11 [main] [txId=] INFO  c.netflix.discovery.DiscoveryClient - Application version is -1: true
2026-05-25 23:59:11 [main] [txId=] INFO  c.netflix.discovery.DiscoveryClient - Getting all instance registry info from the eureka server
2026-05-25 23:59:11 [main] [txId=] INFO  c.netflix.discovery.DiscoveryClient - The response status is 200
2026-05-25 23:59:11 [main] [txId=] INFO  c.netflix.discovery.DiscoveryClient - Starting heartbeat executor: renew interval is: 30
2026-05-25 23:59:11 [main] [txId=] INFO  c.n.discovery.InstanceInfoReplicator - InstanceInfoReplicator onDemand update allowed rate per min is 4
2026-05-25 23:59:11 [main] [txId=] INFO  c.netflix.discovery.DiscoveryClient - Discovery Client initialized at timestamp 1779739151832 with initial instances count: 0
2026-05-25 23:59:11 [main] [txId=] INFO  o.s.c.n.e.s.EurekaServiceRegistry - Registering application TRAINER-WORKLOAD-SERVICE with eureka with status UP
2026-05-25 23:59:11 [main] [txId=] INFO  c.netflix.discovery.DiscoveryClient - Saw local status change event StatusChangeEvent [timestamp=1779739151833, current=UP, previous=STARTING]
2026-05-25 23:59:11 [DiscoveryClient-InstanceInfoReplicator-0] [txId=] INFO  c.netflix.discovery.DiscoveryClient - DiscoveryClient_TRAINER-WORKLOAD-SERVICE/192.168.15.146:trainer-workload-service:8081: registering service...
2026-05-25 23:59:11 [main] [txId=] INFO  o.a.coyote.http11.Http11NioProtocol - Starting ProtocolHandler ["http-nio-8081"]
2026-05-25 23:59:11 [main] [txId=] INFO  o.s.b.w.e.tomcat.TomcatWebServer - Tomcat started on port 8081 (http) with context path ''
2026-05-25 23:59:11 [main] [txId=] INFO  o.s.c.n.e.s.EurekaAutoServiceRegistration - Updating port to 8081
2026-05-25 23:59:11 [DiscoveryClient-InstanceInfoReplicator-0] [txId=] INFO  c.netflix.discovery.DiscoveryClient - DiscoveryClient_TRAINER-WORKLOAD-SERVICE/192.168.15.146:trainer-workload-service:8081 - registration status: 204
2026-05-25 23:59:12 [main] [txId=] INFO  c.e.w.TrainerWorkloadApplication - Started TrainerWorkloadApplication in 1.52 seconds (process running for 1.63)
2026-05-25 23:59:41 [DiscoveryClient-CacheRefreshExecutor-0] [txId=] INFO  c.netflix.discovery.DiscoveryClient - Disable delta property : false
2026-05-25 23:59:41 [DiscoveryClient-CacheRefreshExecutor-0] [txId=] INFO  c.netflix.discovery.DiscoveryClient - Single vip registry refresh property : null
2026-05-25 23:59:41 [DiscoveryClient-CacheRefreshExecutor-0] [txId=] INFO  c.netflix.discovery.DiscoveryClient - Force full registry fetch : false
2026-05-25 23:59:41 [DiscoveryClient-CacheRefreshExecutor-0] [txId=] INFO  c.netflix.discovery.DiscoveryClient - Application is null : false
2026-05-25 23:59:41 [DiscoveryClient-CacheRefreshExecutor-0] [txId=] INFO  c.netflix.discovery.DiscoveryClient - Registered Applications size is zero : true
2026-05-25 23:59:41 [DiscoveryClient-CacheRefreshExecutor-0] [txId=] INFO  c.netflix.discovery.DiscoveryClient - Application version is -1: false
2026-05-25 23:59:41 [DiscoveryClient-CacheRefreshExecutor-0] [txId=] INFO  c.netflix.discovery.DiscoveryClient - Getting all instance registry info from the eureka server
2026-05-25 23:59:41 [DiscoveryClient-CacheRefreshExecutor-0] [txId=] INFO  c.netflix.discovery.DiscoveryClient - The response status is 200
