2026-05-26 00:00:12 [org.springframework.jms.JmsListenerEndpointContainer#0-1] [txId=8e57560b-1b90-4cee-9f93-b48fadc0cdf5] INFO  c.e.w.m.WorkloadMessageListener - [JMS] Received workload message: trainer=john.doe, action=ADD, transactionId=8e57560b-1b90-4cee-9f93-b48fadc0cdf5
2026-05-26 00:00:12 [org.springframework.jms.JmsListenerEndpointContainer#0-1] [txId=8e57560b-1b90-4cee-9f93-b48fadc0cdf5] INFO  c.e.w.service.TrainerWorkloadService - [TX:8e57560b-1b90-4cee-9f93-b48fadc0cdf5] Processing workload for trainer='john.doe', year=2024, month=3, duration=60, action=ADD
2026-05-26 00:00:12 [org.springframework.jms.JmsListenerEndpointContainer#0-1] [txId=8e57560b-1b90-4cee-9f93-b48fadc0cdf5] DEBUG c.e.w.service.TrainerWorkloadService - [TX:8e57560b-1b90-4cee-9f93-b48fadc0cdf5] Lookup by username='john.doe': found=false
2026-05-26 00:00:12 [org.springframework.jms.JmsListenerEndpointContainer#0-1] [txId=8e57560b-1b90-4cee-9f93-b48fadc0cdf5] INFO  c.e.w.service.TrainerWorkloadService - [TX:8e57560b-1b90-4cee-9f93-b48fadc0cdf5] No existing record for trainer='john.doe'. Creating new document.
2026-05-26 00:00:12 [org.springframework.jms.JmsListenerEndpointContainer#0-1] [txId=8e57560b-1b90-4cee-9f93-b48fadc0cdf5] INFO  c.e.w.service.TrainerWorkloadService - [TX:8e57560b-1b90-4cee-9f93-b48fadc0cdf5] ADD: trainer='john.doe' 2024/3 -> new duration=60
2026-05-26 00:00:12 [org.springframework.jms.JmsListenerEndpointContainer#0-1] [txId=8e57560b-1b90-4cee-9f93-b48fadc0cdf5] DEBUG c.e.w.service.TrainerWorkloadService - [TX:8e57560b-1b90-4cee-9f93-b48fadc0cdf5] Saved trainer summary for username='john.doe'
2026-05-26 00:00:12 [org.springframework.jms.JmsListenerEndpointContainer#0-1] [txId=8e57560b-1b90-4cee-9f93-b48fadc0cdf5] INFO  c.e.w.m.WorkloadMessageListener - [JMS] Workload processed successfully for trainer 'john.doe'
2026-05-26 00:01:19 [http-nio-8081-exec-2] [txId=] INFO  o.a.c.c.C.[Tomcat].[localhost].[/] - Initializing Spring DispatcherServlet 'dispatcherServlet'
2026-05-26 00:01:19 [http-nio-8081-exec-2] [txId=] INFO  o.s.web.servlet.DispatcherServlet - Initializing Servlet 'dispatcherServlet'
2026-05-26 00:01:20 [http-nio-8081-exec-2] [txId=] INFO  o.s.web.servlet.DispatcherServlet - Completed initialization in 3 ms
2026-05-26 00:01:20 [http-nio-8081-exec-2] [txId=] WARN  o.s.w.s.h.HandlerMappingIntrospector - Cache miss for REQUEST dispatch to '/api/trainer-workload/john.doe' (previous null). Performing CorsConfiguration lookup. This is logged once only at WARN level, and every time at TRACE.
2026-05-26 00:01:20 [http-nio-8081-exec-2] [txId=] WARN  o.s.w.s.h.HandlerMappingIntrospector - Cache miss for REQUEST dispatch to '/api/trainer-workload/john.doe' (previous null). Performing MatchableHandlerMapping lookup. This is logged once only at WARN level, and every time at TRACE.
2026-05-26 00:01:20 [http-nio-8081-exec-2] [txId=demo-tx-001] INFO  c.e.w.l.TransactionLoggingFilter - [TRANSACTION] endpoint=/api/trainer-workload/john.doe method=GET transactionId=demo-tx-001
2026-05-26 00:01:20 [http-nio-8081-exec-2] [txId=demo-tx-001] INFO  c.e.w.c.TrainerWorkloadController - Fetching workload summary for trainer 'john.doe'
2026-05-26 00:01:20 [http-nio-8081-exec-2] [txId=demo-tx-001] DEBUG c.e.w.service.TrainerWorkloadService - [TX:demo-tx-001] Fetching summary for trainer='john.doe'
2026-05-26 00:01:20 [http-nio-8081-exec-2] [txId=demo-tx-001] INFO  c.e.w.service.TrainerWorkloadService - [TX:demo-tx-001] Summary found for trainer='john.doe'
2026-05-26 00:01:20 [http-nio-8081-exec-2] [txId=demo-tx-001] INFO  c.e.w.c.TrainerWorkloadController - Summary retrieved for trainer 'john.doe', transactionId=demo-tx-001
2026-05-26 00:01:20 [http-nio-8081-exec-2] [txId=demo-tx-001] INFO  c.e.w.l.TransactionLoggingFilter - [TRANSACTION] endpoint=/api/trainer-workload/john.doe status=200 transactionId=demo-tx-001
2026-05-26 00:01:41 [org.springframework.jms.JmsListenerEndpointContainer#0-1] [txId=858255e7-2a96-444d-a191-27b5ac81837d] INFO  c.e.w.m.WorkloadMessageListener - [JMS] Received workload message: trainer=john.doe, action=ADD, transactionId=858255e7-2a96-444d-a191-27b5ac81837d
2026-05-26 00:01:41 [org.springframework.jms.JmsListenerEndpointContainer#0-1] [txId=858255e7-2a96-444d-a191-27b5ac81837d] INFO  c.e.w.service.TrainerWorkloadService - [TX:858255e7-2a96-444d-a191-27b5ac81837d] Processing workload for trainer='john.doe', year=2024, month=3, duration=90, action=ADD
2026-05-26 00:01:41 [org.springframework.jms.JmsListenerEndpointContainer#0-1] [txId=858255e7-2a96-444d-a191-27b5ac81837d] DEBUG c.e.w.service.TrainerWorkloadService - [TX:858255e7-2a96-444d-a191-27b5ac81837d] Lookup by username='john.doe': found=true
2026-05-26 00:01:41 [org.springframework.jms.JmsListenerEndpointContainer#0-1] [txId=858255e7-2a96-444d-a191-27b5ac81837d] INFO  c.e.w.service.TrainerWorkloadService - [TX:858255e7-2a96-444d-a191-27b5ac81837d] ADD: trainer='john.doe' 2024/3 -> new duration=150
2026-05-26 00:01:41 [org.springframework.jms.JmsListenerEndpointContainer#0-1] [txId=858255e7-2a96-444d-a191-27b5ac81837d] DEBUG c.e.w.service.TrainerWorkloadService - [TX:858255e7-2a96-444d-a191-27b5ac81837d] Saved trainer summary for username='john.doe'
2026-05-26 00:01:41 [org.springframework.jms.JmsListenerEndpointContainer#0-1] [txId=858255e7-2a96-444d-a191-27b5ac81837d] INFO  c.e.w.m.WorkloadMessageListener - [JMS] Workload processed successfully for trainer 'john.doe'
2026-05-26 00:02:00 [org.springframework.jms.JmsListenerEndpointContainer#0-2] [txId=aac41daf-27a0-4bab-aec4-100a3d863c57] INFO  c.e.w.m.WorkloadMessageListener - [JMS] Received workload message: trainer=john.doe, action=DELETE, transactionId=aac41daf-27a0-4bab-aec4-100a3d863c57
2026-05-26 00:02:00 [org.springframework.jms.JmsListenerEndpointContainer#0-2] [txId=aac41daf-27a0-4bab-aec4-100a3d863c57] INFO  c.e.w.service.TrainerWorkloadService - [TX:aac41daf-27a0-4bab-aec4-100a3d863c57] Processing workload for trainer='john.doe', year=2024, month=3, duration=60, action=DELETE
2026-05-26 00:02:00 [org.springframework.jms.JmsListenerEndpointContainer#0-2] [txId=aac41daf-27a0-4bab-aec4-100a3d863c57] DEBUG c.e.w.service.TrainerWorkloadService - [TX:aac41daf-27a0-4bab-aec4-100a3d863c57] Lookup by username='john.doe': found=true
2026-05-26 00:02:00 [org.springframework.jms.JmsListenerEndpointContainer#0-2] [txId=aac41daf-27a0-4bab-aec4-100a3d863c57] INFO  c.e.w.service.TrainerWorkloadService - [TX:aac41daf-27a0-4bab-aec4-100a3d863c57] DELETE: trainer='john.doe' 2024/3 -> new duration=90
2026-05-26 00:02:00 [org.springframework.jms.JmsListenerEndpointContainer#0-2] [txId=aac41daf-27a0-4bab-aec4-100a3d863c57] DEBUG c.e.w.service.TrainerWorkloadService - [TX:aac41daf-27a0-4bab-aec4-100a3d863c57] Saved trainer summary for username='john.doe'
2026-05-26 00:02:00 [org.springframework.jms.JmsListenerEndpointContainer#0-2] [txId=aac41daf-27a0-4bab-aec4-100a3d863c57] INFO  c.e.w.m.WorkloadMessageListener - [JMS] Workload processed successfully for trainer 'john.doe'
2026-05-26 00:04:11 [AsyncResolver-bootstrap-executor-0] [txId=] INFO  c.n.d.s.r.aws.ConfigClusterResolver - Resolving eureka endpoints via configuration
2026-05-26 00:09:11 [AsyncResolver-bootstrap-executor-0] [txId=] INFO  c.n.d.s.r.aws.ConfigClusterResolver - Resolving eureka endpoints via configuration
2026-05-26 00:14:11 [AsyncResolver-bootstrap-executor-0] [txId=] INFO  c.n.d.s.r.aws.ConfigClusterResolver - Resolving eureka endpoints via configuration
2026-05-26 00:19:11 [AsyncResolver-bootstrap-executor-0] [txId=] INFO  c.n.d.s.r.aws.ConfigClusterResolver - Resolving eureka endpoints via configuration
2026-05-26 00:24:11 [AsyncResolver-bootstrap-executor-0] [txId=] INFO  c.n.d.s.r.aws.ConfigClusterResolver - Resolving eureka endpoints via configuration
2026-05-26 00:27:34 [SpringApplicationShutdownHook] [txId=] INFO  o.s.c.n.e.s.EurekaServiceRegistry - Unregistering application TRAINER-WORKLOAD-SERVICE with eureka with status DOWN
2026-05-26 00:27:34 [SpringApplicationShutdownHook] [txId=] INFO  c.netflix.discovery.DiscoveryClient - Saw local status change event StatusChangeEvent [timestamp=1779740854649, current=DOWN, previous=UP]
2026-05-26 00:27:34 [DiscoveryClient-InstanceInfoReplicator-0] [txId=] INFO  c.netflix.discovery.DiscoveryClient - DiscoveryClient_TRAINER-WORKLOAD-SERVICE/192.168.15.146:trainer-workload-service:8081: registering service...
2026-05-26 00:27:34 [DiscoveryClient-InstanceInfoReplicator-0] [txId=] INFO  c.n.d.s.t.d.RedirectingEurekaHttpClient - Request execution error. endpoint=DefaultEndpoint{ serviceUrl='http://localhost:8761/eureka/} exception=I/O error on POST request for "http://localhost:8761/eureka/apps/TRAINER-WORKLOAD-SERVICE": Connect to http://localhost:8761 [localhost/127.0.0.1, localhost/0:0:0:0:0:0:0:1] failed: Connection refused stacktrace=org.springframework.web.client.ResourceAccessException: I/O error on POST request for "http://localhost:8761/eureka/apps/TRAINER-WORKLOAD-SERVICE": Connect to http://localhost:8761 [localhost/127.0.0.1, localhost/0:0:0:0:0:0:0:1] failed: Connection refused
	at org.springframework.web.client.RestTemplate.createResourceAccessException(RestTemplate.java:905)
	at org.springframework.web.client.RestTemplate.doExecute(RestTemplate.java:885)
	at org.springframework.web.client.RestTemplate.execute(RestTemplate.java:781)
	at org.springframework.web.client.RestTemplate.exchange(RestTemplate.java:663)
	at org.springframework.cloud.netflix.eureka.http.RestTemplateEurekaHttpClient.register(RestTemplateEurekaHttpClient.java:77)
	at com.netflix.discovery.shared.transport.decorator.EurekaHttpClientDecorator$1.execute(EurekaHttpClientDecorator.java:59)
	at com.netflix.discovery.shared.transport.decorator.RedirectingEurekaHttpClient.execute(RedirectingEurekaHttpClient.java:91)
	at com.netflix.discovery.shared.transport.decorator.EurekaHttpClientDecorator.register(EurekaHttpClientDecorator.java:56)
	at com.netflix.discovery.shared.transport.decorator.EurekaHttpClientDecorator$1.execute(EurekaHttpClientDecorator.java:59)
	at com.netflix.discovery.shared.transport.decorator.RetryableEurekaHttpClient.execute(RetryableEurekaHttpClient.java:120)
	at com.netflix.discovery.shared.transport.decorator.EurekaHttpClientDecorator.register(EurekaHttpClientDecorator.java:56)
	at com.netflix.discovery.shared.transport.decorator.EurekaHttpClientDecorator$1.execute(EurekaHttpClientDecorator.java:59)
	at com.netflix.discovery.shared.transport.decorator.SessionedEurekaHttpClient.execute(SessionedEurekaHttpClient.java:77)
	at com.netflix.discovery.shared.transport.decorator.EurekaHttpClientDecorator.register(EurekaHttpClientDecorator.java:56)
	at com.netflix.discovery.DiscoveryClient.register(DiscoveryClient.java:820)
	at com.netflix.discovery.InstanceInfoReplicator.run(InstanceInfoReplicator.java:121)
	at com.netflix.discovery.InstanceInfoReplicator$1.run(InstanceInfoReplicator.java:101)
	at java.base/java.util.concurrent.Executors$RunnableAdapter.call(Executors.java:539)
	at java.base/java.util.concurrent.FutureTask.run(FutureTask.java:264)
	at java.base/java.util.concurrent.ScheduledThreadPoolExecutor$ScheduledFutureTask.run(ScheduledThreadPoolExecutor.java:304)
	at java.base/java.util.concurrent.ThreadPoolExecutor.runWorker(ThreadPoolExecutor.java:1136)
	at java.base/java.util.concurrent.ThreadPoolExecutor$Worker.run(ThreadPoolExecutor.java:635)
	at java.base/java.lang.Thread.run(Thread.java:840)
Caused by: org.apache.hc.client5.http.HttpHostConnectException: Connect to http://localhost:8761 [localhost/127.0.0.1, localhost/0:0:0:0:0:0:0:1] failed: Connection refused
	at java.base/sun.nio.ch.Net.pollConnect(Native Method)
	at java.base/sun.nio.ch.Net.pollConnectNow(Net.java:684)
	at java.base/sun.nio.ch.NioSocketImpl.timedFinishConnect(NioSocketImpl.java:554)
	at java.base/sun.nio.ch.NioSocketImpl.connect(NioSocketImpl.java:602)
	at java.base/java.net.SocksSocketImpl.connect(SocksSocketImpl.java:327)
	at java.base/java.net.Socket.connect(Socket.java:633)
	at org.apache.hc.client5.http.socket.PlainConnectionSocketFactory.lambda$connectSocket$0(PlainConnectionSocketFactory.java:85)
	at java.base/java.security.AccessController.doPrivileged(AccessController.java:569)
	at org.apache.hc.client5.http.socket.PlainConnectionSocketFactory.connectSocket(PlainConnectionSocketFactory.java:84)
	at org.apache.hc.client5.http.socket.ConnectionSocketFactory.connectSocket(ConnectionSocketFactory.java:113)
	at org.apache.hc.client5.http.impl.io.DefaultHttpClientConnectionOperator.connect(DefaultHttpClientConnectionOperator.java:181)
	at org.apache.hc.client5.http.impl.io.PoolingHttpClientConnectionManager.connect(PoolingHttpClientConnectionManager.java:447)
	at org.apache.hc.client5.http.impl.classic.InternalExecRuntime.connectEndpoint(InternalExecRuntime.java:162)
	at org.apache.hc.client5.http.impl.classic.InternalExecRuntime.connectEndpoint(InternalExecRuntime.java:172)
	at org.apache.hc.client5.http.impl.classic.ConnectExec.execute(ConnectExec.java:142)
	at org.apache.hc.client5.http.impl.classic.ExecChainElement.execute(ExecChainElement.java:51)
	at org.apache.hc.client5.http.impl.classic.ProtocolExec.execute(ProtocolExec.java:192)
	at org.apache.hc.client5.http.impl.classic.ExecChainElement.execute(ExecChainElement.java:51)
	at org.apache.hc.client5.http.impl.classic.HttpRequestRetryExec.execute(HttpRequestRetryExec.java:96)
	at org.apache.hc.client5.http.impl.classic.ExecChainElement.execute(ExecChainElement.java:51)
	at org.apache.hc.client5.http.impl.classic.ContentCompressionExec.execute(ContentCompressionExec.java:152)
	at org.apache.hc.client5.http.impl.classic.ExecChainElement.execute(ExecChainElement.java:51)
	at org.apache.hc.client5.http.impl.classic.RedirectExec.execute(RedirectExec.java:115)
	at org.apache.hc.client5.http.impl.classic.ExecChainElement.execute(ExecChainElement.java:51)
	at org.apache.hc.client5.http.impl.classic.InternalHttpClient.doExecute(InternalHttpClient.java:170)
	at org.apache.hc.client5.http.impl.classic.CloseableHttpClient.execute(CloseableHttpClient.java:87)
	at org.apache.hc.client5.http.impl.classic.CloseableHttpClient.execute(CloseableHttpClient.java:55)
	at org.apache.hc.client5.http.classic.HttpClient.executeOpen(HttpClient.java:183)
	at org.springframework.http.client.HttpComponentsClientHttpRequest.executeInternal(HttpComponentsClientHttpRequest.java:95)
	at org.springframework.http.client.AbstractStreamingClientHttpRequest.executeInternal(AbstractStreamingClientHttpRequest.java:70)
	at org.springframework.http.client.AbstractClientHttpRequest.execute(AbstractClientHttpRequest.java:66)
	at org.springframework.http.client.InterceptingClientHttpRequest$InterceptingRequestExecution.execute(InterceptingClientHttpRequest.java:101)
	at org.springframework.cloud.netflix.eureka.http.RestTemplateTransportClientFactory.lambda$restTemplate$0(RestTemplateTransportClientFactory.java:143)
	at org.springframework.http.client.InterceptingClientHttpRequest$InterceptingRequestExecution.execute(InterceptingClientHttpRequest.java:87)
	at org.springframework.http.client.InterceptingClientHttpRequest.executeInternal(InterceptingClientHttpRequest.java:71)
	at org.springframework.http.client.AbstractBufferingClientHttpRequest.executeInternal(AbstractBufferingClientHttpRequest.java:48)
	at org.springframework.http.client.AbstractClientHttpRequest.execute(AbstractClientHttpRequest.java:66)
	at org.springframework.web.client.RestTemplate.doExecute(RestTemplate.java:879)
	... 21 more

2026-05-26 00:27:34 [DiscoveryClient-InstanceInfoReplicator-0] [txId=] WARN  c.n.d.s.t.d.RetryableEurekaHttpClient - Request execution failed with message: I/O error on POST request for "http://localhost:8761/eureka/apps/TRAINER-WORKLOAD-SERVICE": Connect to http://localhost:8761 [localhost/127.0.0.1, localhost/0:0:0:0:0:0:0:1] failed: Connection refused
2026-05-26 00:27:34 [DiscoveryClient-InstanceInfoReplicator-0] [txId=] INFO  c.n.d.s.t.d.RedirectingEurekaHttpClient - Request execution error. endpoint=DefaultEndpoint{ serviceUrl='http://localhost:8761/eureka/}, exception=I/O error on POST request for "http://localhost:8761/eureka/apps/TRAINER-WORKLOAD-SERVICE": Connect to http://localhost:8761 [localhost/127.0.0.1, localhost/0:0:0:0:0:0:0:1] failed: Connection refused stacktrace=org.springframework.web.client.ResourceAccessException: I/O error on POST request for "http://localhost:8761/eureka/apps/TRAINER-WORKLOAD-SERVICE": Connect to http://localhost:8761 [localhost/127.0.0.1, localhost/0:0:0:0:0:0:0:1] failed: Connection refused
	at org.springframework.web.client.RestTemplate.createResourceAccessException(RestTemplate.java:905)
	at org.springframework.web.client.RestTemplate.doExecute(RestTemplate.java:885)
	at org.springframework.web.client.RestTemplate.execute(RestTemplate.java:781)
	at org.springframework.web.client.RestTemplate.exchange(RestTemplate.java:663)
	at org.springframework.cloud.netflix.eureka.http.RestTemplateEurekaHttpClient.register(RestTemplateEurekaHttpClient.java:77)
	at com.netflix.discovery.shared.transport.decorator.EurekaHttpClientDecorator$1.execute(EurekaHttpClientDecorator.java:59)
	at com.netflix.discovery.shared.transport.decorator.RedirectingEurekaHttpClient.executeOnNewServer(RedirectingEurekaHttpClient.java:121)
	at com.netflix.discovery.shared.transport.decorator.RedirectingEurekaHttpClient.execute(RedirectingEurekaHttpClient.java:80)
	at com.netflix.discovery.shared.transport.decorator.EurekaHttpClientDecorator.register(EurekaHttpClientDecorator.java:56)
	at com.netflix.discovery.shared.transport.decorator.EurekaHttpClientDecorator$1.execute(EurekaHttpClientDecorator.java:59)
	at com.netflix.discovery.shared.transport.decorator.RetryableEurekaHttpClient.execute(RetryableEurekaHttpClient.java:120)
	at com.netflix.discovery.shared.transport.decorator.EurekaHttpClientDecorator.register(EurekaHttpClientDecorator.java:56)
	at com.netflix.discovery.shared.transport.decorator.EurekaHttpClientDecorator$1.execute(EurekaHttpClientDecorator.java:59)
	at com.netflix.discovery.shared.transport.decorator.SessionedEurekaHttpClient.execute(SessionedEurekaHttpClient.java:77)
	at com.netflix.discovery.shared.transport.decorator.EurekaHttpClientDecorator.register(EurekaHttpClientDecorator.java:56)
	at com.netflix.discovery.DiscoveryClient.register(DiscoveryClient.java:820)
	at com.netflix.discovery.InstanceInfoReplicator.run(InstanceInfoReplicator.java:121)
	at com.netflix.discovery.InstanceInfoReplicator$1.run(InstanceInfoReplicator.java:101)
	at java.base/java.util.concurrent.Executors$RunnableAdapter.call(Executors.java:539)
	at java.base/java.util.concurrent.FutureTask.run(FutureTask.java:264)
	at java.base/java.util.concurrent.ScheduledThreadPoolExecutor$ScheduledFutureTask.run(ScheduledThreadPoolExecutor.java:304)
	at java.base/java.util.concurrent.ThreadPoolExecutor.runWorker(ThreadPoolExecutor.java:1136)
	at java.base/java.util.concurrent.ThreadPoolExecutor$Worker.run(ThreadPoolExecutor.java:635)
	at java.base/java.lang.Thread.run(Thread.java:840)
Caused by: org.apache.hc.client5.http.HttpHostConnectException: Connect to http://localhost:8761 [localhost/127.0.0.1, localhost/0:0:0:0:0:0:0:1] failed: Connection refused
	at java.base/sun.nio.ch.Net.pollConnect(Native Method)
	at java.base/sun.nio.ch.Net.pollConnectNow(Net.java:684)
	at java.base/sun.nio.ch.NioSocketImpl.timedFinishConnect(NioSocketImpl.java:554)
	at java.base/sun.nio.ch.NioSocketImpl.connect(NioSocketImpl.java:602)
	at java.base/java.net.SocksSocketImpl.connect(SocksSocketImpl.java:327)
	at java.base/java.net.Socket.connect(Socket.java:633)
	at org.apache.hc.client5.http.socket.PlainConnectionSocketFactory.lambda$connectSocket$0(PlainConnectionSocketFactory.java:85)
	at java.base/java.security.AccessController.doPrivileged(AccessController.java:569)
	at org.apache.hc.client5.http.socket.PlainConnectionSocketFactory.connectSocket(PlainConnectionSocketFactory.java:84)
	at org.apache.hc.client5.http.socket.ConnectionSocketFactory.connectSocket(ConnectionSocketFactory.java:113)
	at org.apache.hc.client5.http.impl.io.DefaultHttpClientConnectionOperator.connect(DefaultHttpClientConnectionOperator.java:181)
	at org.apache.hc.client5.http.impl.io.PoolingHttpClientConnectionManager.connect(PoolingHttpClientConnectionManager.java:447)
	at org.apache.hc.client5.http.impl.classic.InternalExecRuntime.connectEndpoint(InternalExecRuntime.java:162)
	at org.apache.hc.client5.http.impl.classic.InternalExecRuntime.connectEndpoint(InternalExecRuntime.java:172)
	at org.apache.hc.client5.http.impl.classic.ConnectExec.execute(ConnectExec.java:142)
	at org.apache.hc.client5.http.impl.classic.ExecChainElement.execute(ExecChainElement.java:51)
	at org.apache.hc.client5.http.impl.classic.ProtocolExec.execute(ProtocolExec.java:192)
	at org.apache.hc.client5.http.impl.classic.ExecChainElement.execute(ExecChainElement.java:51)
	at org.apache.hc.client5.http.impl.classic.HttpRequestRetryExec.execute(HttpRequestRetryExec.java:96)
	at org.apache.hc.client5.http.impl.classic.ExecChainElement.execute(ExecChainElement.java:51)
	at org.apache.hc.client5.http.impl.classic.ContentCompressionExec.execute(ContentCompressionExec.java:152)
	at org.apache.hc.client5.http.impl.classic.ExecChainElement.execute(ExecChainElement.java:51)
	at org.apache.hc.client5.http.impl.classic.RedirectExec.execute(RedirectExec.java:115)
	at org.apache.hc.client5.http.impl.classic.ExecChainElement.execute(ExecChainElement.java:51)
	at org.apache.hc.client5.http.impl.classic.InternalHttpClient.doExecute(InternalHttpClient.java:170)
	at org.apache.hc.client5.http.impl.classic.CloseableHttpClient.execute(CloseableHttpClient.java:87)
	at org.apache.hc.client5.http.impl.classic.CloseableHttpClient.execute(CloseableHttpClient.java:55)
	at org.apache.hc.client5.http.classic.HttpClient.executeOpen(HttpClient.java:183)
	at org.springframework.http.client.HttpComponentsClientHttpRequest.executeInternal(HttpComponentsClientHttpRequest.java:95)
	at org.springframework.http.client.AbstractStreamingClientHttpRequest.executeInternal(AbstractStreamingClientHttpRequest.java:70)
	at org.springframework.http.client.AbstractClientHttpRequest.execute(AbstractClientHttpRequest.java:66)
	at org.springframework.http.client.InterceptingClientHttpRequest$InterceptingRequestExecution.execute(InterceptingClientHttpRequest.java:101)
	at org.springframework.cloud.netflix.eureka.http.RestTemplateTransportClientFactory.lambda$restTemplate$0(RestTemplateTransportClientFactory.java:143)
	at org.springframework.http.client.InterceptingClientHttpRequest$InterceptingRequestExecution.execute(InterceptingClientHttpRequest.java:87)
	at org.springframework.http.client.InterceptingClientHttpRequest.executeInternal(InterceptingClientHttpRequest.java:71)
	at org.springframework.http.client.AbstractBufferingClientHttpRequest.executeInternal(AbstractBufferingClientHttpRequest.java:48)
	at org.springframework.http.client.AbstractClientHttpRequest.execute(AbstractClientHttpRequest.java:66)
	at org.springframework.web.client.RestTemplate.doExecute(RestTemplate.java:879)
	... 22 more

2026-05-26 00:27:34 [DiscoveryClient-InstanceInfoReplicator-0] [txId=] WARN  c.n.d.s.t.d.RetryableEurekaHttpClient - Request execution failed with message: I/O error on POST request for "http://localhost:8761/eureka/apps/TRAINER-WORKLOAD-SERVICE": Connect to http://localhost:8761 [localhost/127.0.0.1, localhost/0:0:0:0:0:0:0:1] failed: Connection refused
2026-05-26 00:27:34 [DiscoveryClient-InstanceInfoReplicator-0] [txId=] WARN  c.netflix.discovery.DiscoveryClient - DiscoveryClient_TRAINER-WORKLOAD-SERVICE/192.168.15.146:trainer-workload-service:8081 - registration failed Cannot execute request on any known server
com.netflix.discovery.shared.transport.TransportException: Cannot execute request on any known server
	at com.netflix.discovery.shared.transport.decorator.RetryableEurekaHttpClient.execute(RetryableEurekaHttpClient.java:112)
	at com.netflix.discovery.shared.transport.decorator.EurekaHttpClientDecorator.register(EurekaHttpClientDecorator.java:56)
	at com.netflix.discovery.shared.transport.decorator.EurekaHttpClientDecorator$1.execute(EurekaHttpClientDecorator.java:59)
	at com.netflix.discovery.shared.transport.decorator.SessionedEurekaHttpClient.execute(SessionedEurekaHttpClient.java:77)
	at com.netflix.discovery.shared.transport.decorator.EurekaHttpClientDecorator.register(EurekaHttpClientDecorator.java:56)
	at com.netflix.discovery.DiscoveryClient.register(DiscoveryClient.java:820)
	at com.netflix.discovery.InstanceInfoReplicator.run(InstanceInfoReplicator.java:121)
	at com.netflix.discovery.InstanceInfoReplicator$1.run(InstanceInfoReplicator.java:101)
	at java.base/java.util.concurrent.Executors$RunnableAdapter.call(Executors.java:539)
	at java.base/java.util.concurrent.FutureTask.run(FutureTask.java:264)
	at java.base/java.util.concurrent.ScheduledThreadPoolExecutor$ScheduledFutureTask.run(ScheduledThreadPoolExecutor.java:304)
	at java.base/java.util.concurrent.ThreadPoolExecutor.runWorker(ThreadPoolExecutor.java:1136)
	at java.base/java.util.concurrent.ThreadPoolExecutor$Worker.run(ThreadPoolExecutor.java:635)
	at java.base/java.lang.Thread.run(Thread.java:840)
2026-05-26 00:27:34 [DiscoveryClient-InstanceInfoReplicator-0] [txId=] WARN  c.n.discovery.InstanceInfoReplicator - There was a problem with the instance info replicator
com.netflix.discovery.shared.transport.TransportException: Cannot execute request on any known server
	at com.netflix.discovery.shared.transport.decorator.RetryableEurekaHttpClient.execute(RetryableEurekaHttpClient.java:112)
	at com.netflix.discovery.shared.transport.decorator.EurekaHttpClientDecorator.register(EurekaHttpClientDecorator.java:56)
	at com.netflix.discovery.shared.transport.decorator.EurekaHttpClientDecorator$1.execute(EurekaHttpClientDecorator.java:59)
	at com.netflix.discovery.shared.transport.decorator.SessionedEurekaHttpClient.execute(SessionedEurekaHttpClient.java:77)
	at com.netflix.discovery.shared.transport.decorator.EurekaHttpClientDecorator.register(EurekaHttpClientDecorator.java:56)
	at com.netflix.discovery.DiscoveryClient.register(DiscoveryClient.java:820)
	at com.netflix.discovery.InstanceInfoReplicator.run(InstanceInfoReplicator.java:121)
	at com.netflix.discovery.InstanceInfoReplicator$1.run(InstanceInfoReplicator.java:101)
	at java.base/java.util.concurrent.Executors$RunnableAdapter.call(Executors.java:539)
	at java.base/java.util.concurrent.FutureTask.run(FutureTask.java:264)
	at java.base/java.util.concurrent.ScheduledThreadPoolExecutor$ScheduledFutureTask.run(ScheduledThreadPoolExecutor.java:304)
	at java.base/java.util.concurrent.ThreadPoolExecutor.runWorker(ThreadPoolExecutor.java:1136)
	at java.base/java.util.concurrent.ThreadPoolExecutor$Worker.run(ThreadPoolExecutor.java:635)
	at java.base/java.lang.Thread.run(Thread.java:840)
2026-05-26 00:27:35 [SpringApplicationShutdownHook] [txId=] INFO  c.netflix.discovery.DiscoveryClient - Shutting down DiscoveryClient ...
2026-05-26 00:27:38 [SpringApplicationShutdownHook] [txId=] INFO  c.netflix.discovery.DiscoveryClient - Unregistering ...
2026-05-26 00:27:38 [SpringApplicationShutdownHook] [txId=] INFO  c.n.d.s.t.d.RedirectingEurekaHttpClient - Request execution error. endpoint=DefaultEndpoint{ serviceUrl='http://localhost:8761/eureka/}, exception=I/O error on DELETE request for "http://localhost:8761/eureka/apps/TRAINER-WORKLOAD-SERVICE/192.168.15.146:trainer-workload-service:8081": Connect to http://localhost:8761 [localhost/127.0.0.1, localhost/0:0:0:0:0:0:0:1] failed: Connection refused stacktrace=org.springframework.web.client.ResourceAccessException: I/O error on DELETE request for "http://localhost:8761/eureka/apps/TRAINER-WORKLOAD-SERVICE/192.168.15.146:trainer-workload-service:8081": Connect to http://localhost:8761 [localhost/127.0.0.1, localhost/0:0:0:0:0:0:0:1] failed: Connection refused
	at org.springframework.web.client.RestTemplate.createResourceAccessException(RestTemplate.java:905)
	at org.springframework.web.client.RestTemplate.doExecute(RestTemplate.java:885)
	at org.springframework.web.client.RestTemplate.execute(RestTemplate.java:781)
	at org.springframework.web.client.RestTemplate.exchange(RestTemplate.java:663)
	at org.springframework.cloud.netflix.eureka.http.RestTemplateEurekaHttpClient.cancel(RestTemplateEurekaHttpClient.java:87)
	at com.netflix.discovery.shared.transport.decorator.EurekaHttpClientDecorator$2.execute(EurekaHttpClientDecorator.java:74)
	at com.netflix.discovery.shared.transport.decorator.RedirectingEurekaHttpClient.executeOnNewServer(RedirectingEurekaHttpClient.java:121)
	at com.netflix.discovery.shared.transport.decorator.RedirectingEurekaHttpClient.execute(RedirectingEurekaHttpClient.java:80)
	at com.netflix.discovery.shared.transport.decorator.EurekaHttpClientDecorator.cancel(EurekaHttpClientDecorator.java:71)
	at com.netflix.discovery.shared.transport.decorator.EurekaHttpClientDecorator$2.execute(EurekaHttpClientDecorator.java:74)
	at com.netflix.discovery.shared.transport.decorator.RetryableEurekaHttpClient.execute(RetryableEurekaHttpClient.java:120)
	at com.netflix.discovery.shared.transport.decorator.EurekaHttpClientDecorator.cancel(EurekaHttpClientDecorator.java:71)
	at com.netflix.discovery.shared.transport.decorator.EurekaHttpClientDecorator$2.execute(EurekaHttpClientDecorator.java:74)
	at com.netflix.discovery.shared.transport.decorator.SessionedEurekaHttpClient.execute(SessionedEurekaHttpClient.java:77)
	at com.netflix.discovery.shared.transport.decorator.EurekaHttpClientDecorator.cancel(EurekaHttpClientDecorator.java:71)
	at com.netflix.discovery.DiscoveryClient.unregister(DiscoveryClient.java:916)
	at com.netflix.discovery.DiscoveryClient.shutdown(DiscoveryClient.java:892)
	at java.base/jdk.internal.reflect.NativeMethodAccessorImpl.invoke0(Native Method)
	at java.base/jdk.internal.reflect.NativeMethodAccessorImpl.invoke(NativeMethodAccessorImpl.java:77)
	at java.base/jdk.internal.reflect.DelegatingMethodAccessorImpl.invoke(DelegatingMethodAccessorImpl.java:43)
	at java.base/java.lang.reflect.Method.invoke(Method.java:569)
	at org.springframework.beans.factory.annotation.InitDestroyAnnotationBeanPostProcessor$LifecycleMethod.invoke(InitDestroyAnnotationBeanPostProcessor.java:457)
	at org.springframework.beans.factory.annotation.InitDestroyAnnotationBeanPostProcessor$LifecycleMetadata.invokeDestroyMethods(InitDestroyAnnotationBeanPostProcessor.java:415)
	at org.springframework.beans.factory.annotation.InitDestroyAnnotationBeanPostProcessor.postProcessBeforeDestruction(InitDestroyAnnotationBeanPostProcessor.java:239)
	at org.springframework.beans.factory.support.DisposableBeanAdapter.destroy(DisposableBeanAdapter.java:202)
	at org.springframework.beans.factory.support.DisposableBeanAdapter.run(DisposableBeanAdapter.java:195)
	at org.springframework.cloud.context.scope.GenericScope$BeanLifecycleWrapper.destroy(GenericScope.java:389)
	at org.springframework.cloud.context.scope.GenericScope.destroy(GenericScope.java:136)
	at org.springframework.beans.factory.support.DisposableBeanAdapter.destroy(DisposableBeanAdapter.java:211)
	at org.springframework.beans.factory.support.DefaultSingletonBeanRegistry.destroyBean(DefaultSingletonBeanRegistry.java:587)
	at org.springframework.beans.factory.support.DefaultSingletonBeanRegistry.destroySingleton(DefaultSingletonBeanRegistry.java:559)
	at org.springframework.beans.factory.support.DefaultListableBeanFactory.destroySingleton(DefaultListableBeanFactory.java:1200)
	at org.springframework.beans.factory.support.DefaultSingletonBeanRegistry.destroySingletons(DefaultSingletonBeanRegistry.java:520)
	at org.springframework.beans.factory.support.DefaultListableBeanFactory.destroySingletons(DefaultListableBeanFactory.java:1193)
	at org.springframework.context.support.AbstractApplicationContext.destroyBeans(AbstractApplicationContext.java:1125)
	at org.springframework.context.support.AbstractApplicationContext.doClose(AbstractApplicationContext.java:1086)
	at org.springframework.boot.web.servlet.context.ServletWebServerApplicationContext.doClose(ServletWebServerApplicationContext.java:174)
	at org.springframework.context.support.AbstractApplicationContext.close(AbstractApplicationContext.java:1037)
	at org.springframework.boot.SpringApplicationShutdownHook.closeAndWait(SpringApplicationShutdownHook.java:145)
	at java.base/java.lang.Iterable.forEach(Iterable.java:75)
	at org.springframework.boot.SpringApplicationShutdownHook.run(SpringApplicationShutdownHook.java:114)
	at java.base/java.lang.Thread.run(Thread.java:840)
Caused by: org.apache.hc.client5.http.HttpHostConnectException: Connect to http://localhost:8761 [localhost/127.0.0.1, localhost/0:0:0:0:0:0:0:1] failed: Connection refused
	at java.base/sun.nio.ch.Net.pollConnect(Native Method)
	at java.base/sun.nio.ch.Net.pollConnectNow(Net.java:684)
	at java.base/sun.nio.ch.NioSocketImpl.timedFinishConnect(NioSocketImpl.java:554)
	at java.base/sun.nio.ch.NioSocketImpl.connect(NioSocketImpl.java:602)
	at java.base/java.net.SocksSocketImpl.connect(SocksSocketImpl.java:327)
	at java.base/java.net.Socket.connect(Socket.java:633)
	at org.apache.hc.client5.http.socket.PlainConnectionSocketFactory.lambda$connectSocket$0(PlainConnectionSocketFactory.java:85)
	at java.base/java.security.AccessController.doPrivileged(AccessController.java:569)
	at org.apache.hc.client5.http.socket.PlainConnectionSocketFactory.connectSocket(PlainConnectionSocketFactory.java:84)
	at org.apache.hc.client5.http.socket.ConnectionSocketFactory.connectSocket(ConnectionSocketFactory.java:113)
	at org.apache.hc.client5.http.impl.io.DefaultHttpClientConnectionOperator.connect(DefaultHttpClientConnectionOperator.java:181)
	at org.apache.hc.client5.http.impl.io.PoolingHttpClientConnectionManager.connect(PoolingHttpClientConnectionManager.java:447)
	at org.apache.hc.client5.http.impl.classic.InternalExecRuntime.connectEndpoint(InternalExecRuntime.java:162)
	at org.apache.hc.client5.http.impl.classic.InternalExecRuntime.connectEndpoint(InternalExecRuntime.java:172)
	at org.apache.hc.client5.http.impl.classic.ConnectExec.execute(ConnectExec.java:142)
	at org.apache.hc.client5.http.impl.classic.ExecChainElement.execute(ExecChainElement.java:51)
	at org.apache.hc.client5.http.impl.classic.ProtocolExec.execute(ProtocolExec.java:192)
	at org.apache.hc.client5.http.impl.classic.ExecChainElement.execute(ExecChainElement.java:51)
	at org.apache.hc.client5.http.impl.classic.HttpRequestRetryExec.execute(HttpRequestRetryExec.java:96)
	at org.apache.hc.client5.http.impl.classic.ExecChainElement.execute(ExecChainElement.java:51)
	at org.apache.hc.client5.http.impl.classic.ContentCompressionExec.execute(ContentCompressionExec.java:152)
	at org.apache.hc.client5.http.impl.classic.ExecChainElement.execute(ExecChainElement.java:51)
	at org.apache.hc.client5.http.impl.classic.RedirectExec.execute(RedirectExec.java:115)
	at org.apache.hc.client5.http.impl.classic.ExecChainElement.execute(ExecChainElement.java:51)
	at org.apache.hc.client5.http.impl.classic.InternalHttpClient.doExecute(InternalHttpClient.java:170)
	at org.apache.hc.client5.http.impl.classic.CloseableHttpClient.execute(CloseableHttpClient.java:87)
	at org.apache.hc.client5.http.impl.classic.CloseableHttpClient.execute(CloseableHttpClient.java:55)
	at org.apache.hc.client5.http.classic.HttpClient.executeOpen(HttpClient.java:183)
	at org.springframework.http.client.HttpComponentsClientHttpRequest.executeInternal(HttpComponentsClientHttpRequest.java:95)
	at org.springframework.http.client.AbstractStreamingClientHttpRequest.executeInternal(AbstractStreamingClientHttpRequest.java:70)
	at org.springframework.http.client.AbstractClientHttpRequest.execute(AbstractClientHttpRequest.java:66)
	at org.springframework.http.client.InterceptingClientHttpRequest$InterceptingRequestExecution.execute(InterceptingClientHttpRequest.java:101)
	at org.springframework.cloud.netflix.eureka.http.RestTemplateTransportClientFactory.lambda$restTemplate$0(RestTemplateTransportClientFactory.java:143)
	at org.springframework.http.client.InterceptingClientHttpRequest$InterceptingRequestExecution.execute(InterceptingClientHttpRequest.java:87)
	at org.springframework.http.client.InterceptingClientHttpRequest.executeInternal(InterceptingClientHttpRequest.java:71)
	at org.springframework.http.client.AbstractBufferingClientHttpRequest.executeInternal(AbstractBufferingClientHttpRequest.java:48)
	at org.springframework.http.client.AbstractClientHttpRequest.execute(AbstractClientHttpRequest.java:66)
	at org.springframework.web.client.RestTemplate.doExecute(RestTemplate.java:879)
	... 40 more

2026-05-26 00:27:38 [SpringApplicationShutdownHook] [txId=] WARN  c.n.d.s.t.d.RetryableEurekaHttpClient - Request execution failed with message: I/O error on DELETE request for "http://localhost:8761/eureka/apps/TRAINER-WORKLOAD-SERVICE/192.168.15.146:trainer-workload-service:8081": Connect to http://localhost:8761 [localhost/127.0.0.1, localhost/0:0:0:0:0:0:0:1] failed: Connection refused
2026-05-26 00:27:38 [SpringApplicationShutdownHook] [txId=] ERROR c.netflix.discovery.DiscoveryClient - DiscoveryClient_TRAINER-WORKLOAD-SERVICE/192.168.15.146:trainer-workload-service:8081 - de-registration failedCannot execute request on any known server
com.netflix.discovery.shared.transport.TransportException: Cannot execute request on any known server
	at com.netflix.discovery.shared.transport.decorator.RetryableEurekaHttpClient.execute(RetryableEurekaHttpClient.java:112)
	at com.netflix.discovery.shared.transport.decorator.EurekaHttpClientDecorator.cancel(EurekaHttpClientDecorator.java:71)
	at com.netflix.discovery.shared.transport.decorator.EurekaHttpClientDecorator$2.execute(EurekaHttpClientDecorator.java:74)
	at com.netflix.discovery.shared.transport.decorator.SessionedEurekaHttpClient.execute(SessionedEurekaHttpClient.java:77)
	at com.netflix.discovery.shared.transport.decorator.EurekaHttpClientDecorator.cancel(EurekaHttpClientDecorator.java:71)
	at com.netflix.discovery.DiscoveryClient.unregister(DiscoveryClient.java:916)
	at com.netflix.discovery.DiscoveryClient.shutdown(DiscoveryClient.java:892)
	at java.base/jdk.internal.reflect.NativeMethodAccessorImpl.invoke0(Native Method)
	at java.base/jdk.internal.reflect.NativeMethodAccessorImpl.invoke(NativeMethodAccessorImpl.java:77)
	at java.base/jdk.internal.reflect.DelegatingMethodAccessorImpl.invoke(DelegatingMethodAccessorImpl.java:43)
	at java.base/java.lang.reflect.Method.invoke(Method.java:569)
	at org.springframework.beans.factory.annotation.InitDestroyAnnotationBeanPostProcessor$LifecycleMethod.invoke(InitDestroyAnnotationBeanPostProcessor.java:457)
	at org.springframework.beans.factory.annotation.InitDestroyAnnotationBeanPostProcessor$LifecycleMetadata.invokeDestroyMethods(InitDestroyAnnotationBeanPostProcessor.java:415)
	at org.springframework.beans.factory.annotation.InitDestroyAnnotationBeanPostProcessor.postProcessBeforeDestruction(InitDestroyAnnotationBeanPostProcessor.java:239)
	at org.springframework.beans.factory.support.DisposableBeanAdapter.destroy(DisposableBeanAdapter.java:202)
	at org.springframework.beans.factory.support.DisposableBeanAdapter.run(DisposableBeanAdapter.java:195)
	at org.springframework.cloud.context.scope.GenericScope$BeanLifecycleWrapper.destroy(GenericScope.java:389)
	at org.springframework.cloud.context.scope.GenericScope.destroy(GenericScope.java:136)
	at org.springframework.beans.factory.support.DisposableBeanAdapter.destroy(DisposableBeanAdapter.java:211)
	at org.springframework.beans.factory.support.DefaultSingletonBeanRegistry.destroyBean(DefaultSingletonBeanRegistry.java:587)
	at org.springframework.beans.factory.support.DefaultSingletonBeanRegistry.destroySingleton(DefaultSingletonBeanRegistry.java:559)
	at org.springframework.beans.factory.support.DefaultListableBeanFactory.destroySingleton(DefaultListableBeanFactory.java:1200)
	at org.springframework.beans.factory.support.DefaultSingletonBeanRegistry.destroySingletons(DefaultSingletonBeanRegistry.java:520)
	at org.springframework.beans.factory.support.DefaultListableBeanFactory.destroySingletons(DefaultListableBeanFactory.java:1193)
	at org.springframework.context.support.AbstractApplicationContext.destroyBeans(AbstractApplicationContext.java:1125)
	at org.springframework.context.support.AbstractApplicationContext.doClose(AbstractApplicationContext.java:1086)
	at org.springframework.boot.web.servlet.context.ServletWebServerApplicationContext.doClose(ServletWebServerApplicationContext.java:174)
	at org.springframework.context.support.AbstractApplicationContext.close(AbstractApplicationContext.java:1037)
	at org.springframework.boot.SpringApplicationShutdownHook.closeAndWait(SpringApplicationShutdownHook.java:145)
	at java.base/java.lang.Iterable.forEach(Iterable.java:75)
	at org.springframework.boot.SpringApplicationShutdownHook.run(SpringApplicationShutdownHook.java:114)
	at java.base/java.lang.Thread.run(Thread.java:840)
2026-05-26 00:27:38 [SpringApplicationShutdownHook] [txId=] INFO  c.netflix.discovery.DiscoveryClient - Completed shut down of DiscoveryClient
2026-05-26 00:55:31 [main] [txId=] INFO  c.e.w.c.c.CucumberWorkloadConfig - Starting CucumberWorkloadConfig using Java 17.0.18 with PID 68138 (started by mariagevorgyan in /Users/mariagevorgyan/Documents/Epam_Task1_Spring/trainer-workload-service)
2026-05-26 00:55:31 [main] [txId=] DEBUG c.e.w.c.c.CucumberWorkloadConfig - Running with Spring Boot v3.2.0, Spring v6.1.1
2026-05-26 00:55:31 [main] [txId=] INFO  c.e.w.c.c.CucumberWorkloadConfig - The following 1 profile is active: "test"
2026-05-26 00:55:32 [main] [txId=] WARN  o.s.c.s.PostProcessorRegistrationDelegate$BeanPostProcessorChecker - Bean 'de.flapdoodle.embed.mongo.spring.autoconfigure.EmbeddedMongoAutoConfiguration' of type [de.flapdoodle.embed.mongo.spring.autoconfigure.EmbeddedMongoAutoConfiguration] is not eligible for getting processed by all BeanPostProcessors (for example: not eligible for auto-proxying). The currently created BeanPostProcessor [fixTransactionAndAuth] is declared through a non-static factory method on that class; consider declaring it as static instead.
2026-05-26 00:55:32 [main] [txId=] WARN  o.s.c.s.PostProcessorRegistrationDelegate$BeanPostProcessorChecker - Bean 'org.springframework.cloud.commons.config.CommonsConfigAutoConfiguration' of type [org.springframework.cloud.commons.config.CommonsConfigAutoConfiguration] is not eligible for getting processed by all BeanPostProcessors (for example: not eligible for auto-proxying). Is this bean getting eagerly injected into a currently created BeanPostProcessor [fixTransactionAndAuth]? Check the corresponding BeanPostProcessor declaration and its dependencies.
2026-05-26 00:55:32 [main] [txId=] WARN  o.s.c.s.PostProcessorRegistrationDelegate$BeanPostProcessorChecker - Bean 'org.springframework.cloud.client.loadbalancer.LoadBalancerDefaultMappingsProviderAutoConfiguration' of type [org.springframework.cloud.client.loadbalancer.LoadBalancerDefaultMappingsProviderAutoConfiguration] is not eligible for getting processed by all BeanPostProcessors (for example: not eligible for auto-proxying). Is this bean getting eagerly injected into a currently created BeanPostProcessor [fixTransactionAndAuth]? Check the corresponding BeanPostProcessor declaration and its dependencies.
2026-05-26 00:55:32 [main] [txId=] WARN  o.s.c.s.PostProcessorRegistrationDelegate$BeanPostProcessorChecker - Bean 'loadBalancerClientsDefaultsMappingsProvider' of type [org.springframework.cloud.client.loadbalancer.LoadBalancerDefaultMappingsProviderAutoConfiguration$$Lambda$1218/0x000000700158d7f0] is not eligible for getting processed by all BeanPostProcessors (for example: not eligible for auto-proxying). Is this bean getting eagerly injected into a currently created BeanPostProcessor [fixTransactionAndAuth]? Check the corresponding BeanPostProcessor declaration and its dependencies.
2026-05-26 00:55:32 [main] [txId=] WARN  o.s.c.s.PostProcessorRegistrationDelegate$BeanPostProcessorChecker - Bean 'defaultsBindHandlerAdvisor' of type [org.springframework.cloud.commons.config.DefaultsBindHandlerAdvisor] is not eligible for getting processed by all BeanPostProcessors (for example: not eligible for auto-proxying). Is this bean getting eagerly injected into a currently created BeanPostProcessor [fixTransactionAndAuth]? Check the corresponding BeanPostProcessor declaration and its dependencies.
2026-05-26 00:55:32 [main] [txId=] WARN  o.s.c.s.PostProcessorRegistrationDelegate$BeanPostProcessorChecker - Bean 'de.flapdoodle.mongodb.embedded-de.flapdoodle.embed.mongo.spring.autoconfigure.EmbeddedMongoProperties' of type [de.flapdoodle.embed.mongo.spring.autoconfigure.EmbeddedMongoProperties] is not eligible for getting processed by all BeanPostProcessors (for example: not eligible for auto-proxying). Is this bean getting eagerly injected into a currently created BeanPostProcessor [fixTransactionAndAuth]? Check the corresponding BeanPostProcessor declaration and its dependencies.
2026-05-26 00:55:32 [main] [txId=] WARN  o.s.c.s.PostProcessorRegistrationDelegate$BeanPostProcessorChecker - Bean 'net' of type [de.flapdoodle.embed.mongo.config.ImmutableNet] is not eligible for getting processed by all BeanPostProcessors (for example: not eligible for auto-proxying). Is this bean getting eagerly injected into a currently created BeanPostProcessor [fixTransactionAndAuth]? Check the corresponding BeanPostProcessor declaration and its dependencies.
2026-05-26 00:55:32 [main] [txId=] WARN  o.s.c.s.PostProcessorRegistrationDelegate$BeanPostProcessorChecker - Bean 'spring.data.mongodb-org.springframework.boot.autoconfigure.mongo.MongoProperties' of type [org.springframework.boot.autoconfigure.mongo.MongoProperties] is not eligible for getting processed by all BeanPostProcessors (for example: not eligible for auto-proxying). Is this bean getting eagerly injected into a currently created BeanPostProcessor [fixTransactionAndAuth]? Check the corresponding BeanPostProcessor declaration and its dependencies.
2026-05-26 00:55:32 [main] [txId=] WARN  o.s.c.s.PostProcessorRegistrationDelegate$BeanPostProcessorChecker - Bean 'org.springframework.cloud.client.loadbalancer.LoadBalancerAutoConfiguration$LoadBalancerInterceptorConfig' of type [org.springframework.cloud.client.loadbalancer.LoadBalancerAutoConfiguration$LoadBalancerInterceptorConfig] is not eligible for getting processed by all BeanPostProcessors (for example: not eligible for auto-proxying). The currently created BeanPostProcessor [lbRestClientPostProcessor] is declared through a non-static factory method on that class; consider declaring it as static instead.
2026-05-26 00:55:32 [main] [txId=] WARN  o.s.c.s.PostProcessorRegistrationDelegate$BeanPostProcessorChecker - Bean 'org.springframework.cloud.loadbalancer.config.BlockingLoadBalancerClientAutoConfiguration' of type [org.springframework.cloud.loadbalancer.config.BlockingLoadBalancerClientAutoConfiguration] is not eligible for getting processed by all BeanPostProcessors (for example: not eligible for auto-proxying). Is this bean getting eagerly injected into a currently created BeanPostProcessor [lbRestClientPostProcessor]? Check the corresponding BeanPostProcessor declaration and its dependencies.
2026-05-26 00:55:32 [main] [txId=] WARN  o.s.c.s.PostProcessorRegistrationDelegate$BeanPostProcessorChecker - Bean 'org.springframework.cloud.loadbalancer.config.LoadBalancerAutoConfiguration' of type [org.springframework.cloud.loadbalancer.config.LoadBalancerAutoConfiguration] is not eligible for getting processed by all BeanPostProcessors (for example: not eligible for auto-proxying). Is this bean getting eagerly injected into a currently created BeanPostProcessor [lbRestClientPostProcessor]? Check the corresponding BeanPostProcessor declaration and its dependencies.
2026-05-26 00:55:32 [main] [txId=] WARN  o.s.c.s.PostProcessorRegistrationDelegate$BeanPostProcessorChecker - Bean 'spring.cloud.loadbalancer-org.springframework.cloud.client.loadbalancer.LoadBalancerClientsProperties' of type [org.springframework.cloud.client.loadbalancer.LoadBalancerClientsProperties] is not eligible for getting processed by all BeanPostProcessors (for example: not eligible for auto-proxying). Is this bean getting eagerly injected into a currently created BeanPostProcessor [lbRestClientPostProcessor]? Check the corresponding BeanPostProcessor declaration and its dependencies.
2026-05-26 00:55:32 [main] [txId=] WARN  o.s.c.s.PostProcessorRegistrationDelegate$BeanPostProcessorChecker - Bean 'default.org.springframework.cloud.loadbalancer.config.LoadBalancerAutoConfiguration.LoadBalancerClientSpecification' of type [org.springframework.cloud.loadbalancer.annotation.LoadBalancerClientSpecification] is not eligible for getting processed by all BeanPostProcessors (for example: not eligible for auto-proxying). Is this bean getting eagerly injected into a currently created BeanPostProcessor [lbRestClientPostProcessor]? Check the corresponding BeanPostProcessor declaration and its dependencies.
2026-05-26 00:55:32 [main] [txId=] WARN  o.s.c.s.PostProcessorRegistrationDelegate$BeanPostProcessorChecker - Bean 'default.org.springframework.cloud.loadbalancer.config.BlockingLoadBalancerClientAutoConfiguration.LoadBalancerClientSpecification' of type [org.springframework.cloud.loadbalancer.annotation.LoadBalancerClientSpecification] is not eligible for getting processed by all BeanPostProcessors (for example: not eligible for auto-proxying). Is this bean getting eagerly injected into a currently created BeanPostProcessor [lbRestClientPostProcessor]? Check the corresponding BeanPostProcessor declaration and its dependencies.
2026-05-26 00:55:32 [main] [txId=] WARN  o.s.c.s.PostProcessorRegistrationDelegate$BeanPostProcessorChecker - Bean 'loadBalancerClientFactory' of type [org.springframework.cloud.loadbalancer.support.LoadBalancerClientFactory] is not eligible for getting processed by all BeanPostProcessors (for example: not eligible for auto-proxying). Is this bean getting eagerly injected into a currently created BeanPostProcessor [lbRestClientPostProcessor]? Check the corresponding BeanPostProcessor declaration and its dependencies.
2026-05-26 00:55:32 [main] [txId=] WARN  o.s.c.s.PostProcessorRegistrationDelegate$BeanPostProcessorChecker - Bean 'blockingLoadBalancerClient' of type [org.springframework.cloud.loadbalancer.blocking.client.BlockingLoadBalancerClient] is not eligible for getting processed by all BeanPostProcessors (for example: not eligible for auto-proxying). Is this bean getting eagerly injected into a currently created BeanPostProcessor [lbRestClientPostProcessor]? Check the corresponding BeanPostProcessor declaration and its dependencies.
2026-05-26 00:55:32 [main] [txId=] WARN  o.s.c.s.PostProcessorRegistrationDelegate$BeanPostProcessorChecker - Bean 'loadBalancerServiceInstanceCookieTransformer' of type [org.springframework.cloud.loadbalancer.core.LoadBalancerServiceInstanceCookieTransformer] is not eligible for getting processed by all BeanPostProcessors (for example: not eligible for auto-proxying). Is this bean getting eagerly injected into a currently created BeanPostProcessor [lbRestClientPostProcessor]? Check the corresponding BeanPostProcessor declaration and its dependencies.
2026-05-26 00:55:32 [main] [txId=] WARN  o.s.c.s.PostProcessorRegistrationDelegate$BeanPostProcessorChecker - Bean 'xForwarderHeadersTransformer' of type [org.springframework.cloud.loadbalancer.blocking.XForwardedHeadersTransformer] is not eligible for getting processed by all BeanPostProcessors (for example: not eligible for auto-proxying). Is this bean getting eagerly injected into a currently created BeanPostProcessor [lbRestClientPostProcessor]? Check the corresponding BeanPostProcessor declaration and its dependencies.
2026-05-26 00:55:32 [main] [txId=] WARN  o.s.c.s.PostProcessorRegistrationDelegate$BeanPostProcessorChecker - Bean 'org.springframework.cloud.client.loadbalancer.LoadBalancerAutoConfiguration' of type [org.springframework.cloud.client.loadbalancer.LoadBalancerAutoConfiguration] is not eligible for getting processed by all BeanPostProcessors (for example: not eligible for auto-proxying). Is this bean getting eagerly injected into a currently created BeanPostProcessor [lbRestClientPostProcessor]? Check the corresponding BeanPostProcessor declaration and its dependencies.
2026-05-26 00:55:32 [main] [txId=] WARN  o.s.c.s.PostProcessorRegistrationDelegate$BeanPostProcessorChecker - Bean 'loadBalancerRequestFactory' of type [org.springframework.cloud.client.loadbalancer.LoadBalancerRequestFactory] is not eligible for getting processed by all BeanPostProcessors (for example: not eligible for auto-proxying). Is this bean getting eagerly injected into a currently created BeanPostProcessor [lbRestClientPostProcessor]? Check the corresponding BeanPostProcessor declaration and its dependencies.
2026-05-26 00:55:32 [main] [txId=] WARN  o.s.c.s.PostProcessorRegistrationDelegate$BeanPostProcessorChecker - Bean 'loadBalancerInterceptor' of type [org.springframework.cloud.client.loadbalancer.LoadBalancerInterceptor] is not eligible for getting processed by all BeanPostProcessors (for example: not eligible for auto-proxying). Is this bean getting eagerly injected into a currently created BeanPostProcessor [lbRestClientPostProcessor]? Check the corresponding BeanPostProcessor declaration and its dependencies.
2026-05-26 00:55:32 [main] [txId=] WARN  o.s.w.c.s.GenericWebApplicationContext - Exception encountered during context initialization - cancelling refresh attempt: org.springframework.beans.factory.UnsatisfiedDependencyException: Error creating bean with name 'trainerWorkloadController' defined in file [/Users/mariagevorgyan/Documents/Epam_Task1_Spring/trainer-workload-service/target/classes/com/epam/workload/controller/TrainerWorkloadController.class]: Unsatisfied dependency expressed through constructor parameter 0: Error creating bean with name 'trainerWorkloadService' defined in file [/Users/mariagevorgyan/Documents/Epam_Task1_Spring/trainer-workload-service/target/classes/com/epam/workload/service/TrainerWorkloadService.class]: Unsatisfied dependency expressed through constructor parameter 0: Error creating bean with name 'trainerSummaryRepository' defined in com.epam.workload.repository.TrainerSummaryRepository defined in @EnableMongoRepositories declared on MongoRepositoriesRegistrar.EnableMongoRepositoriesConfiguration: Cannot resolve reference to bean 'mongoTemplate' while setting bean property 'mongoOperations'
2026-05-26 00:55:32 [main] [txId=] ERROR o.s.boot.SpringApplication - Application run failed
org.springframework.beans.factory.UnsatisfiedDependencyException: Error creating bean with name 'trainerWorkloadController' defined in file [/Users/mariagevorgyan/Documents/Epam_Task1_Spring/trainer-workload-service/target/classes/com/epam/workload/controller/TrainerWorkloadController.class]: Unsatisfied dependency expressed through constructor parameter 0: Error creating bean with name 'trainerWorkloadService' defined in file [/Users/mariagevorgyan/Documents/Epam_Task1_Spring/trainer-workload-service/target/classes/com/epam/workload/service/TrainerWorkloadService.class]: Unsatisfied dependency expressed through constructor parameter 0: Error creating bean with name 'trainerSummaryRepository' defined in com.epam.workload.repository.TrainerSummaryRepository defined in @EnableMongoRepositories declared on MongoRepositoriesRegistrar.EnableMongoRepositoriesConfiguration: Cannot resolve reference to bean 'mongoTemplate' while setting bean property 'mongoOperations'
	at org.springframework.beans.factory.support.ConstructorResolver.createArgumentArray(ConstructorResolver.java:802)
	at org.springframework.beans.factory.support.ConstructorResolver.autowireConstructor(ConstructorResolver.java:241)
	at org.springframework.beans.factory.support.AbstractAutowireCapableBeanFactory.autowireConstructor(AbstractAutowireCapableBeanFactory.java:1356)
	at org.springframework.beans.factory.support.AbstractAutowireCapableBeanFactory.createBeanInstance(AbstractAutowireCapableBeanFactory.java:1193)
	at org.springframework.beans.factory.support.AbstractAutowireCapableBeanFactory.doCreateBean(AbstractAutowireCapableBeanFactory.java:563)
	at org.springframework.beans.factory.support.AbstractAutowireCapableBeanFactory.createBean(AbstractAutowireCapableBeanFactory.java:523)
	at org.springframework.beans.factory.support.AbstractBeanFactory.lambda$doGetBean$0(AbstractBeanFactory.java:325)
	at org.springframework.beans.factory.support.DefaultSingletonBeanRegistry.getSingleton(DefaultSingletonBeanRegistry.java:234)
	at org.springframework.beans.factory.support.AbstractBeanFactory.doGetBean(AbstractBeanFactory.java:323)
	at org.springframework.beans.factory.support.AbstractBeanFactory.getBean(AbstractBeanFactory.java:199)
	at org.springframework.beans.factory.support.DefaultListableBeanFactory.preInstantiateSingletons(DefaultListableBeanFactory.java:973)
	at org.springframework.context.support.AbstractApplicationContext.finishBeanFactoryInitialization(AbstractApplicationContext.java:946)
	at org.springframework.context.support.AbstractApplicationContext.refresh(AbstractApplicationContext.java:616)
	at org.springframework.boot.SpringApplication.refresh(SpringApplication.java:753)
	at org.springframework.boot.SpringApplication.refreshContext(SpringApplication.java:455)
	at org.springframework.boot.SpringApplication.run(SpringApplication.java:323)
	at org.springframework.boot.test.context.SpringBootContextLoader.lambda$loadContext$3(SpringBootContextLoader.java:137)
	at org.springframework.util.function.ThrowingSupplier.get(ThrowingSupplier.java:58)
	at org.springframework.util.function.ThrowingSupplier.get(ThrowingSupplier.java:46)
	at org.springframework.boot.SpringApplication.withHook(SpringApplication.java:1442)
	at org.springframework.boot.test.context.SpringBootContextLoader$ContextLoaderHook.run(SpringBootContextLoader.java:552)
	at org.springframework.boot.test.context.SpringBootContextLoader.loadContext(SpringBootContextLoader.java:137)
	at org.springframework.boot.test.context.SpringBootContextLoader.loadContext(SpringBootContextLoader.java:108)
	at org.springframework.test.context.cache.DefaultCacheAwareContextLoaderDelegate.loadContextInternal(DefaultCacheAwareContextLoaderDelegate.java:225)
	at org.springframework.test.context.cache.DefaultCacheAwareContextLoaderDelegate.loadContext(DefaultCacheAwareContextLoaderDelegate.java:152)
	at org.springframework.test.context.support.DefaultTestContext.getApplicationContext(DefaultTestContext.java:130)
	at io.cucumber.spring.TestContextAdaptor.create(TestContextAdaptor.java:42)
	at io.cucumber.spring.SpringFactory.start(SpringFactory.java:121)
	at io.cucumber.core.runner.Runner.buildBackendWorlds(Runner.java:134)
	at io.cucumber.core.runner.Runner.runPickle(Runner.java:70)
	at io.cucumber.junit.platform.engine.CucumberEngineExecutionContext.lambda$runTestCase$4(CucumberEngineExecutionContext.java:112)
	at io.cucumber.core.runtime.CucumberExecutionContext.lambda$runTestCase$5(CucumberExecutionContext.java:137)
	at io.cucumber.core.runtime.RethrowingThrowableCollector.executeAndThrow(RethrowingThrowableCollector.java:23)
	at io.cucumber.core.runtime.CucumberExecutionContext.runTestCase(CucumberExecutionContext.java:137)
	at io.cucumber.junit.platform.engine.CucumberEngineExecutionContext.runTestCase(CucumberEngineExecutionContext.java:109)
	at io.cucumber.junit.platform.engine.NodeDescriptor$PickleDescriptor.execute(NodeDescriptor.java:168)
	at io.cucumber.junit.platform.engine.NodeDescriptor$PickleDescriptor.execute(NodeDescriptor.java:90)
	at org.junit.platform.engine.support.hierarchical.NodeTestTask.lambda$executeRecursively$6(NodeTestTask.java:151)
	at org.junit.platform.engine.support.hierarchical.ThrowableCollector.execute(ThrowableCollector.java:73)
	at org.junit.platform.engine.support.hierarchical.NodeTestTask.lambda$executeRecursively$8(NodeTestTask.java:141)
	at org.junit.platform.engine.support.hierarchical.Node.around(Node.java:137)
	at org.junit.platform.engine.support.hierarchical.NodeTestTask.lambda$executeRecursively$9(NodeTestTask.java:139)
	at org.junit.platform.engine.support.hierarchical.ThrowableCollector.execute(ThrowableCollector.java:73)
	at org.junit.platform.engine.support.hierarchical.NodeTestTask.executeRecursively(NodeTestTask.java:138)
	at org.junit.platform.engine.support.hierarchical.NodeTestTask.execute(NodeTestTask.java:95)
	at java.base/java.util.ArrayList.forEach(ArrayList.java:1511)
	at org.junit.platform.engine.support.hierarchical.SameThreadHierarchicalTestExecutorService.invokeAll(SameThreadHierarchicalTestExecutorService.java:41)
	at org.junit.platform.engine.support.hierarchical.NodeTestTask.lambda$executeRecursively$6(NodeTestTask.java:155)
	at org.junit.platform.engine.support.hierarchical.ThrowableCollector.execute(ThrowableCollector.java:73)
	at org.junit.platform.engine.support.hierarchical.NodeTestTask.lambda$executeRecursively$8(NodeTestTask.java:141)
	at org.junit.platform.engine.support.hierarchical.Node.around(Node.java:137)
	at org.junit.platform.engine.support.hierarchical.NodeTestTask.lambda$executeRecursively$9(NodeTestTask.java:139)
	at org.junit.platform.engine.support.hierarchical.ThrowableCollector.execute(ThrowableCollector.java:73)
	at org.junit.platform.engine.support.hierarchical.NodeTestTask.executeRecursively(NodeTestTask.java:138)
	at org.junit.platform.engine.support.hierarchical.NodeTestTask.execute(NodeTestTask.java:95)
	at java.base/java.util.ArrayList.forEach(ArrayList.java:1511)
	at org.junit.platform.engine.support.hierarchical.SameThreadHierarchicalTestExecutorService.invokeAll(SameThreadHierarchicalTestExecutorService.java:41)
	at org.junit.platform.engine.support.hierarchical.NodeTestTask.lambda$executeRecursively$6(NodeTestTask.java:155)
	at org.junit.platform.engine.support.hierarchical.ThrowableCollector.execute(ThrowableCollector.java:73)
	at org.junit.platform.engine.support.hierarchical.NodeTestTask.lambda$executeRecursively$8(NodeTestTask.java:141)
	at org.junit.platform.engine.support.hierarchical.Node.around(Node.java:137)
	at org.junit.platform.engine.support.hierarchical.NodeTestTask.lambda$executeRecursively$9(NodeTestTask.java:139)
	at org.junit.platform.engine.support.hierarchical.ThrowableCollector.execute(ThrowableCollector.java:73)
	at org.junit.platform.engine.support.hierarchical.NodeTestTask.executeRecursively(NodeTestTask.java:138)
	at org.junit.platform.engine.support.hierarchical.NodeTestTask.execute(NodeTestTask.java:95)
	at org.junit.platform.engine.support.hierarchical.SameThreadHierarchicalTestExecutorService.submit(SameThreadHierarchicalTestExecutorService.java:35)
	at org.junit.platform.engine.support.hierarchical.HierarchicalTestExecutor.execute(HierarchicalTestExecutor.java:57)
	at org.junit.platform.engine.support.hierarchical.HierarchicalTestEngine.execute(HierarchicalTestEngine.java:54)
	at org.junit.platform.launcher.core.EngineExecutionOrchestrator.execute(EngineExecutionOrchestrator.java:198)
	at org.junit.platform.launcher.core.EngineExecutionOrchestrator.execute(EngineExecutionOrchestrator.java:169)
	at org.junit.platform.launcher.core.EngineExecutionOrchestrator.execute(EngineExecutionOrchestrator.java:93)
	at org.junit.platform.launcher.core.EngineExecutionOrchestrator.execute(EngineExecutionOrchestrator.java:76)
	at org.junit.platform.suite.engine.SuiteLauncher.execute(SuiteLauncher.java:63)
	at org.junit.platform.suite.engine.SuiteTestDescriptor.execute(SuiteTestDescriptor.java:128)
	at org.junit.platform.suite.engine.SuiteTestEngine.lambda$execute$0(SuiteTestEngine.java:73)
	at java.base/java.util.stream.ForEachOps$ForEachOp$OfRef.accept(ForEachOps.java:183)
	at java.base/java.util.stream.ReferencePipeline$3$1.accept(ReferencePipeline.java:197)
	at java.base/java.util.Iterator.forEachRemaining(Iterator.java:133)
	at java.base/java.util.Spliterators$IteratorSpliterator.forEachRemaining(Spliterators.java:1845)
	at java.base/java.util.stream.AbstractPipeline.copyInto(AbstractPipeline.java:509)
	at java.base/java.util.stream.AbstractPipeline.wrapAndCopyInto(AbstractPipeline.java:499)
	at java.base/java.util.stream.ForEachOps$ForEachOp.evaluateSequential(ForEachOps.java:150)
	at java.base/java.util.stream.ForEachOps$ForEachOp$OfRef.evaluateSequential(ForEachOps.java:173)
	at java.base/java.util.stream.AbstractPipeline.evaluate(AbstractPipeline.java:234)
	at java.base/java.util.stream.ReferencePipeline.forEach(ReferencePipeline.java:596)
	at org.junit.platform.suite.engine.SuiteTestEngine.execute(SuiteTestEngine.java:73)
	at org.junit.platform.launcher.core.EngineExecutionOrchestrator.execute(EngineExecutionOrchestrator.java:198)
	at org.junit.platform.launcher.core.EngineExecutionOrchestrator.execute(EngineExecutionOrchestrator.java:169)
	at org.junit.platform.launcher.core.EngineExecutionOrchestrator.execute(EngineExecutionOrchestrator.java:93)
	at org.junit.platform.launcher.core.EngineExecutionOrchestrator.lambda$execute$0(EngineExecutionOrchestrator.java:58)
	at org.junit.platform.launcher.core.EngineExecutionOrchestrator.withInterceptedStreams(EngineExecutionOrchestrator.java:141)
	at org.junit.platform.launcher.core.EngineExecutionOrchestrator.execute(EngineExecutionOrchestrator.java:57)
	at org.junit.platform.launcher.core.DefaultLauncher.execute(DefaultLauncher.java:103)
	at org.junit.platform.launcher.core.DefaultLauncher.execute(DefaultLauncher.java:85)
	at org.junit.platform.launcher.core.DelegatingLauncher.execute(DelegatingLauncher.java:47)
	at org.apache.maven.surefire.junitplatform.LazyLauncher.execute(LazyLauncher.java:56)
	at org.apache.maven.surefire.junitplatform.JUnitPlatformProvider.execute(JUnitPlatformProvider.java:184)
	at org.apache.maven.surefire.junitplatform.JUnitPlatformProvider.invokeAllTests(JUnitPlatformProvider.java:148)
	at org.apache.maven.surefire.junitplatform.JUnitPlatformProvider.invoke(JUnitPlatformProvider.java:122)
	at org.apache.maven.surefire.booter.ForkedBooter.runSuitesInProcess(ForkedBooter.java:385)
	at org.apache.maven.surefire.booter.ForkedBooter.execute(ForkedBooter.java:162)
	at org.apache.maven.surefire.booter.ForkedBooter.run(ForkedBooter.java:507)
	at org.apache.maven.surefire.booter.ForkedBooter.main(ForkedBooter.java:495)
Caused by: org.springframework.beans.factory.UnsatisfiedDependencyException: Error creating bean with name 'trainerWorkloadService' defined in file [/Users/mariagevorgyan/Documents/Epam_Task1_Spring/trainer-workload-service/target/classes/com/epam/workload/service/TrainerWorkloadService.class]: Unsatisfied dependency expressed through constructor parameter 0: Error creating bean with name 'trainerSummaryRepository' defined in com.epam.workload.repository.TrainerSummaryRepository defined in @EnableMongoRepositories declared on MongoRepositoriesRegistrar.EnableMongoRepositoriesConfiguration: Cannot resolve reference to bean 'mongoTemplate' while setting bean property 'mongoOperations'
	at org.springframework.beans.factory.support.ConstructorResolver.createArgumentArray(ConstructorResolver.java:802)
	at org.springframework.beans.factory.support.ConstructorResolver.autowireConstructor(ConstructorResolver.java:241)
	at org.springframework.beans.factory.support.AbstractAutowireCapableBeanFactory.autowireConstructor(AbstractAutowireCapableBeanFactory.java:1356)
	at org.springframework.beans.factory.support.AbstractAutowireCapableBeanFactory.createBeanInstance(AbstractAutowireCapableBeanFactory.java:1193)
	at org.springframework.beans.factory.support.AbstractAutowireCapableBeanFactory.doCreateBean(AbstractAutowireCapableBeanFactory.java:563)
	at org.springframework.beans.factory.support.AbstractAutowireCapableBeanFactory.createBean(AbstractAutowireCapableBeanFactory.java:523)
	at org.springframework.beans.factory.support.AbstractBeanFactory.lambda$doGetBean$0(AbstractBeanFactory.java:325)
	at org.springframework.beans.factory.support.DefaultSingletonBeanRegistry.getSingleton(DefaultSingletonBeanRegistry.java:234)
	at org.springframework.beans.factory.support.AbstractBeanFactory.doGetBean(AbstractBeanFactory.java:323)
	at org.springframework.beans.factory.support.AbstractBeanFactory.getBean(AbstractBeanFactory.java:199)
	at org.springframework.beans.factory.config.DependencyDescriptor.resolveCandidate(DependencyDescriptor.java:254)
	at org.springframework.beans.factory.support.DefaultListableBeanFactory.doResolveDependency(DefaultListableBeanFactory.java:1441)
	at org.springframework.beans.factory.support.DefaultListableBeanFactory.resolveDependency(DefaultListableBeanFactory.java:1348)
	at org.springframework.beans.factory.support.ConstructorResolver.resolveAutowiredArgument(ConstructorResolver.java:911)
	at org.springframework.beans.factory.support.ConstructorResolver.createArgumentArray(ConstructorResolver.java:789)
	... 102 common frames omitted
Caused by: org.springframework.beans.factory.BeanCreationException: Error creating bean with name 'trainerSummaryRepository' defined in com.epam.workload.repository.TrainerSummaryRepository defined in @EnableMongoRepositories declared on MongoRepositoriesRegistrar.EnableMongoRepositoriesConfiguration: Cannot resolve reference to bean 'mongoTemplate' while setting bean property 'mongoOperations'
	at org.springframework.beans.factory.support.BeanDefinitionValueResolver.resolveReference(BeanDefinitionValueResolver.java:377)
	at org.springframework.beans.factory.support.BeanDefinitionValueResolver.resolveValueIfNecessary(BeanDefinitionValueResolver.java:135)
	at org.springframework.beans.factory.support.AbstractAutowireCapableBeanFactory.applyPropertyValues(AbstractAutowireCapableBeanFactory.java:1686)
	at org.springframework.beans.factory.support.AbstractAutowireCapableBeanFactory.populateBean(AbstractAutowireCapableBeanFactory.java:1435)
	at org.springframework.beans.factory.support.AbstractAutowireCapableBeanFactory.doCreateBean(AbstractAutowireCapableBeanFactory.java:600)
	at org.springframework.beans.factory.support.AbstractAutowireCapableBeanFactory.createBean(AbstractAutowireCapableBeanFactory.java:523)
	at org.springframework.beans.factory.support.AbstractBeanFactory.lambda$doGetBean$0(AbstractBeanFactory.java:325)
	at org.springframework.beans.factory.support.DefaultSingletonBeanRegistry.getSingleton(DefaultSingletonBeanRegistry.java:234)
	at org.springframework.beans.factory.support.AbstractBeanFactory.doGetBean(AbstractBeanFactory.java:323)
	at org.springframework.beans.factory.support.AbstractBeanFactory.getBean(AbstractBeanFactory.java:199)
	at org.springframework.beans.factory.config.DependencyDescriptor.resolveCandidate(DependencyDescriptor.java:254)
	at org.springframework.beans.factory.support.DefaultListableBeanFactory.doResolveDependency(DefaultListableBeanFactory.java:1441)
	at org.springframework.beans.factory.support.DefaultListableBeanFactory.resolveDependency(DefaultListableBeanFactory.java:1348)
	at org.springframework.beans.factory.support.ConstructorResolver.resolveAutowiredArgument(ConstructorResolver.java:911)
	at org.springframework.beans.factory.support.ConstructorResolver.createArgumentArray(ConstructorResolver.java:789)
	... 116 common frames omitted
Caused by: org.springframework.beans.factory.UnsatisfiedDependencyException: Error creating bean with name 'mongoTemplate' defined in class path resource [org/springframework/boot/autoconfigure/data/mongo/MongoDatabaseFactoryDependentConfiguration.class]: Unsatisfied dependency expressed through method 'mongoTemplate' parameter 0: Error creating bean with name 'mongoDatabaseFactory' defined in class path resource [org/springframework/boot/autoconfigure/data/mongo/MongoDatabaseFactoryConfiguration.class]: Unsatisfied dependency expressed through method 'mongoDatabaseFactory' parameter 0: Error creating bean with name 'syncClientServerWrapper' defined in class path resource [de/flapdoodle/embed/mongo/spring/autoconfigure/EmbeddedMongoAutoConfiguration$SyncClientServerWrapperConfig.class]: Unsatisfied dependency expressed through method 'syncClientServerWrapper' parameter 0: Error creating bean with name 'version' defined in class path resource [de/flapdoodle/embed/mongo/spring/autoconfigure/EmbeddedMongoAutoConfiguration.class]: Failed to instantiate [de.flapdoodle.embed.mongo.distribution.IFeatureAwareVersion]: Factory method 'version' threw exception with message: Set the de.flapdoodle.mongodb.embedded.version property or define your own IFeatureAwareVersion bean to use embedded MongoDB
	at org.springframework.beans.factory.support.ConstructorResolver.createArgumentArray(ConstructorResolver.java:802)
	at org.springframework.beans.factory.support.ConstructorResolver.instantiateUsingFactoryMethod(ConstructorResolver.java:546)
	at org.springframework.beans.factory.support.AbstractAutowireCapableBeanFactory.instantiateUsingFactoryMethod(AbstractAutowireCapableBeanFactory.java:1336)
	at org.springframework.beans.factory.support.AbstractAutowireCapableBeanFactory.createBeanInstance(AbstractAutowireCapableBeanFactory.java:1166)
	at org.springframework.beans.factory.support.AbstractAutowireCapableBeanFactory.doCreateBean(AbstractAutowireCapableBeanFactory.java:563)
	at org.springframework.beans.factory.support.AbstractAutowireCapableBeanFactory.createBean(AbstractAutowireCapableBeanFactory.java:523)
	at org.springframework.beans.factory.support.AbstractBeanFactory.lambda$doGetBean$0(AbstractBeanFactory.java:325)
	at org.springframework.beans.factory.support.DefaultSingletonBeanRegistry.getSingleton(DefaultSingletonBeanRegistry.java:234)
	at org.springframework.beans.factory.support.AbstractBeanFactory.doGetBean(AbstractBeanFactory.java:323)
	at org.springframework.beans.factory.support.AbstractBeanFactory.getBean(AbstractBeanFactory.java:199)
	at org.springframework.beans.factory.support.BeanDefinitionValueResolver.resolveReference(BeanDefinitionValueResolver.java:365)
	... 130 common frames omitted
Caused by: org.springframework.beans.factory.UnsatisfiedDependencyException: Error creating bean with name 'mongoDatabaseFactory' defined in class path resource [org/springframework/boot/autoconfigure/data/mongo/MongoDatabaseFactoryConfiguration.class]: Unsatisfied dependency expressed through method 'mongoDatabaseFactory' parameter 0: Error creating bean with name 'syncClientServerWrapper' defined in class path resource [de/flapdoodle/embed/mongo/spring/autoconfigure/EmbeddedMongoAutoConfiguration$SyncClientServerWrapperConfig.class]: Unsatisfied dependency expressed through method 'syncClientServerWrapper' parameter 0: Error creating bean with name 'version' defined in class path resource [de/flapdoodle/embed/mongo/spring/autoconfigure/EmbeddedMongoAutoConfiguration.class]: Failed to instantiate [de.flapdoodle.embed.mongo.distribution.IFeatureAwareVersion]: Factory method 'version' threw exception with message: Set the de.flapdoodle.mongodb.embedded.version property or define your own IFeatureAwareVersion bean to use embedded MongoDB
	at org.springframework.beans.factory.support.ConstructorResolver.createArgumentArray(ConstructorResolver.java:802)
	at org.springframework.beans.factory.support.ConstructorResolver.instantiateUsingFactoryMethod(ConstructorResolver.java:546)
	at org.springframework.beans.factory.support.AbstractAutowireCapableBeanFactory.instantiateUsingFactoryMethod(AbstractAutowireCapableBeanFactory.java:1336)
	at org.springframework.beans.factory.support.AbstractAutowireCapableBeanFactory.createBeanInstance(AbstractAutowireCapableBeanFactory.java:1166)
	at org.springframework.beans.factory.support.AbstractAutowireCapableBeanFactory.doCreateBean(AbstractAutowireCapableBeanFactory.java:563)
	at org.springframework.beans.factory.support.AbstractAutowireCapableBeanFactory.createBean(AbstractAutowireCapableBeanFactory.java:523)
	at org.springframework.beans.factory.support.AbstractBeanFactory.lambda$doGetBean$0(AbstractBeanFactory.java:325)
	at org.springframework.beans.factory.support.DefaultSingletonBeanRegistry.getSingleton(DefaultSingletonBeanRegistry.java:234)
	at org.springframework.beans.factory.support.AbstractBeanFactory.doGetBean(AbstractBeanFactory.java:323)
	at org.springframework.beans.factory.support.AbstractBeanFactory.getBean(AbstractBeanFactory.java:199)
	at org.springframework.beans.factory.config.DependencyDescriptor.resolveCandidate(DependencyDescriptor.java:254)
	at org.springframework.beans.factory.support.DefaultListableBeanFactory.doResolveDependency(DefaultListableBeanFactory.java:1441)
	at org.springframework.beans.factory.support.DefaultListableBeanFactory.resolveDependency(DefaultListableBeanFactory.java:1348)
	at org.springframework.beans.factory.support.ConstructorResolver.resolveAutowiredArgument(ConstructorResolver.java:911)
	at org.springframework.beans.factory.support.ConstructorResolver.createArgumentArray(ConstructorResolver.java:789)
	... 140 common frames omitted
Caused by: org.springframework.beans.factory.UnsatisfiedDependencyException: Error creating bean with name 'syncClientServerWrapper' defined in class path resource [de/flapdoodle/embed/mongo/spring/autoconfigure/EmbeddedMongoAutoConfiguration$SyncClientServerWrapperConfig.class]: Unsatisfied dependency expressed through method 'syncClientServerWrapper' parameter 0: Error creating bean with name 'version' defined in class path resource [de/flapdoodle/embed/mongo/spring/autoconfigure/EmbeddedMongoAutoConfiguration.class]: Failed to instantiate [de.flapdoodle.embed.mongo.distribution.IFeatureAwareVersion]: Factory method 'version' threw exception with message: Set the de.flapdoodle.mongodb.embedded.version property or define your own IFeatureAwareVersion bean to use embedded MongoDB
	at org.springframework.beans.factory.support.ConstructorResolver.createArgumentArray(ConstructorResolver.java:802)
	at org.springframework.beans.factory.support.ConstructorResolver.instantiateUsingFactoryMethod(ConstructorResolver.java:546)
	at org.springframework.beans.factory.support.AbstractAutowireCapableBeanFactory.instantiateUsingFactoryMethod(AbstractAutowireCapableBeanFactory.java:1336)
	at org.springframework.beans.factory.support.AbstractAutowireCapableBeanFactory.createBeanInstance(AbstractAutowireCapableBeanFactory.java:1166)
	at org.springframework.beans.factory.support.AbstractAutowireCapableBeanFactory.doCreateBean(AbstractAutowireCapableBeanFactory.java:563)
	at org.springframework.beans.factory.support.AbstractAutowireCapableBeanFactory.createBean(AbstractAutowireCapableBeanFactory.java:523)
	at org.springframework.beans.factory.support.AbstractBeanFactory.lambda$doGetBean$0(AbstractBeanFactory.java:325)
	at org.springframework.beans.factory.support.DefaultSingletonBeanRegistry.getSingleton(DefaultSingletonBeanRegistry.java:234)
	at org.springframework.beans.factory.support.AbstractBeanFactory.doGetBean(AbstractBeanFactory.java:323)
	at org.springframework.beans.factory.support.AbstractBeanFactory.getBean(AbstractBeanFactory.java:199)
	at org.springframework.beans.factory.support.AbstractBeanFactory.doGetBean(AbstractBeanFactory.java:312)
	at org.springframework.beans.factory.support.AbstractBeanFactory.getBean(AbstractBeanFactory.java:199)
	at org.springframework.beans.factory.config.DependencyDescriptor.resolveCandidate(DependencyDescriptor.java:254)
	at org.springframework.beans.factory.support.DefaultListableBeanFactory.doResolveDependency(DefaultListableBeanFactory.java:1441)
	at org.springframework.beans.factory.support.DefaultListableBeanFactory.resolveDependency(DefaultListableBeanFactory.java:1348)
	at org.springframework.beans.factory.support.ConstructorResolver.resolveAutowiredArgument(ConstructorResolver.java:911)
	at org.springframework.beans.factory.support.ConstructorResolver.createArgumentArray(ConstructorResolver.java:789)
	... 154 common frames omitted
Caused by: org.springframework.beans.factory.BeanCreationException: Error creating bean with name 'version' defined in class path resource [de/flapdoodle/embed/mongo/spring/autoconfigure/EmbeddedMongoAutoConfiguration.class]: Failed to instantiate [de.flapdoodle.embed.mongo.distribution.IFeatureAwareVersion]: Factory method 'version' threw exception with message: Set the de.flapdoodle.mongodb.embedded.version property or define your own IFeatureAwareVersion bean to use embedded MongoDB
	at org.springframework.beans.factory.support.ConstructorResolver.instantiate(ConstructorResolver.java:655)
	at org.springframework.beans.factory.support.ConstructorResolver.instantiateUsingFactoryMethod(ConstructorResolver.java:643)
	at org.springframework.beans.factory.support.AbstractAutowireCapableBeanFactory.instantiateUsingFactoryMethod(AbstractAutowireCapableBeanFactory.java:1336)
	at org.springframework.beans.factory.support.AbstractAutowireCapableBeanFactory.createBeanInstance(AbstractAutowireCapableBeanFactory.java:1166)
	at org.springframework.beans.factory.support.AbstractAutowireCapableBeanFactory.doCreateBean(AbstractAutowireCapableBeanFactory.java:563)
	at org.springframework.beans.factory.support.AbstractAutowireCapableBeanFactory.createBean(AbstractAutowireCapableBeanFactory.java:523)
	at org.springframework.beans.factory.support.AbstractBeanFactory.lambda$doGetBean$0(AbstractBeanFactory.java:325)
	at org.springframework.beans.factory.support.DefaultSingletonBeanRegistry.getSingleton(DefaultSingletonBeanRegistry.java:234)
	at org.springframework.beans.factory.support.AbstractBeanFactory.doGetBean(AbstractBeanFactory.java:323)
	at org.springframework.beans.factory.support.AbstractBeanFactory.getBean(AbstractBeanFactory.java:199)
	at org.springframework.beans.factory.config.DependencyDescriptor.resolveCandidate(DependencyDescriptor.java:254)
	at org.springframework.beans.factory.support.DefaultListableBeanFactory.doResolveDependency(DefaultListableBeanFactory.java:1441)
	at org.springframework.beans.factory.support.DefaultListableBeanFactory.resolveDependency(DefaultListableBeanFactory.java:1348)
	at org.springframework.beans.factory.support.ConstructorResolver.resolveAutowiredArgument(ConstructorResolver.java:911)
	at org.springframework.beans.factory.support.ConstructorResolver.createArgumentArray(ConstructorResolver.java:789)
	... 170 common frames omitted
Caused by: org.springframework.beans.BeanInstantiationException: Failed to instantiate [de.flapdoodle.embed.mongo.distribution.IFeatureAwareVersion]: Factory method 'version' threw exception with message: Set the de.flapdoodle.mongodb.embedded.version property or define your own IFeatureAwareVersion bean to use embedded MongoDB
	at org.springframework.beans.factory.support.SimpleInstantiationStrategy.instantiate(SimpleInstantiationStrategy.java:178)
	at org.springframework.beans.factory.support.ConstructorResolver.instantiate(ConstructorResolver.java:651)
	... 184 common frames omitted
Caused by: java.lang.IllegalStateException: Set the de.flapdoodle.mongodb.embedded.version property or define your own IFeatureAwareVersion bean to use embedded MongoDB
	at org.springframework.util.Assert.state(Assert.java:76)
	at de.flapdoodle.embed.mongo.spring.autoconfigure.EmbeddedMongoAutoConfiguration.determineVersion(EmbeddedMongoAutoConfiguration.java:132)
	at de.flapdoodle.embed.mongo.spring.autoconfigure.EmbeddedMongoAutoConfiguration.version(EmbeddedMongoAutoConfiguration.java:128)
	at java.base/jdk.internal.reflect.NativeMethodAccessorImpl.invoke0(Native Method)
	at java.base/jdk.internal.reflect.NativeMethodAccessorImpl.invoke(NativeMethodAccessorImpl.java:77)
	at java.base/jdk.internal.reflect.DelegatingMethodAccessorImpl.invoke(DelegatingMethodAccessorImpl.java:43)
	at java.base/java.lang.reflect.Method.invoke(Method.java:569)
	at org.springframework.beans.factory.support.SimpleInstantiationStrategy.instantiate(SimpleInstantiationStrategy.java:140)
	... 185 common frames omitted
2026-05-26 00:58:17 [main] [txId=] INFO  c.e.w.c.c.CucumberWorkloadConfig - Starting CucumberWorkloadConfig using Java 17.0.18 with PID 68560 (started by mariagevorgyan in /Users/mariagevorgyan/Documents/Epam_Task1_Spring/trainer-workload-service)
2026-05-26 00:58:17 [main] [txId=] DEBUG c.e.w.c.c.CucumberWorkloadConfig - Running with Spring Boot v3.2.0, Spring v6.1.1
2026-05-26 00:58:17 [main] [txId=] INFO  c.e.w.c.c.CucumberWorkloadConfig - The following 1 profile is active: "test"
2026-05-26 00:58:17 [main] [txId=] WARN  o.s.c.s.PostProcessorRegistrationDelegate$BeanPostProcessorChecker - Bean 'de.flapdoodle.embed.mongo.spring.autoconfigure.EmbeddedMongoAutoConfiguration' of type [de.flapdoodle.embed.mongo.spring.autoconfigure.EmbeddedMongoAutoConfiguration] is not eligible for getting processed by all BeanPostProcessors (for example: not eligible for auto-proxying). The currently created BeanPostProcessor [fixTransactionAndAuth] is declared through a non-static factory method on that class; consider declaring it as static instead.
2026-05-26 00:58:17 [main] [txId=] WARN  o.s.c.s.PostProcessorRegistrationDelegate$BeanPostProcessorChecker - Bean 'org.springframework.cloud.commons.config.CommonsConfigAutoConfiguration' of type [org.springframework.cloud.commons.config.CommonsConfigAutoConfiguration] is not eligible for getting processed by all BeanPostProcessors (for example: not eligible for auto-proxying). Is this bean getting eagerly injected into a currently created BeanPostProcessor [fixTransactionAndAuth]? Check the corresponding BeanPostProcessor declaration and its dependencies.
2026-05-26 00:58:17 [main] [txId=] WARN  o.s.c.s.PostProcessorRegistrationDelegate$BeanPostProcessorChecker - Bean 'org.springframework.cloud.client.loadbalancer.LoadBalancerDefaultMappingsProviderAutoConfiguration' of type [org.springframework.cloud.client.loadbalancer.LoadBalancerDefaultMappingsProviderAutoConfiguration] is not eligible for getting processed by all BeanPostProcessors (for example: not eligible for auto-proxying). Is this bean getting eagerly injected into a currently created BeanPostProcessor [fixTransactionAndAuth]? Check the corresponding BeanPostProcessor declaration and its dependencies.
2026-05-26 00:58:17 [main] [txId=] WARN  o.s.c.s.PostProcessorRegistrationDelegate$BeanPostProcessorChecker - Bean 'loadBalancerClientsDefaultsMappingsProvider' of type [org.springframework.cloud.client.loadbalancer.LoadBalancerDefaultMappingsProviderAutoConfiguration$$Lambda$1218/0x000000700158da58] is not eligible for getting processed by all BeanPostProcessors (for example: not eligible for auto-proxying). Is this bean getting eagerly injected into a currently created BeanPostProcessor [fixTransactionAndAuth]? Check the corresponding BeanPostProcessor declaration and its dependencies.
2026-05-26 00:58:17 [main] [txId=] WARN  o.s.c.s.PostProcessorRegistrationDelegate$BeanPostProcessorChecker - Bean 'defaultsBindHandlerAdvisor' of type [org.springframework.cloud.commons.config.DefaultsBindHandlerAdvisor] is not eligible for getting processed by all BeanPostProcessors (for example: not eligible for auto-proxying). Is this bean getting eagerly injected into a currently created BeanPostProcessor [fixTransactionAndAuth]? Check the corresponding BeanPostProcessor declaration and its dependencies.
2026-05-26 00:58:17 [main] [txId=] WARN  o.s.c.s.PostProcessorRegistrationDelegate$BeanPostProcessorChecker - Bean 'de.flapdoodle.mongodb.embedded-de.flapdoodle.embed.mongo.spring.autoconfigure.EmbeddedMongoProperties' of type [de.flapdoodle.embed.mongo.spring.autoconfigure.EmbeddedMongoProperties] is not eligible for getting processed by all BeanPostProcessors (for example: not eligible for auto-proxying). Is this bean getting eagerly injected into a currently created BeanPostProcessor [fixTransactionAndAuth]? Check the corresponding BeanPostProcessor declaration and its dependencies.
2026-05-26 00:58:17 [main] [txId=] WARN  o.s.c.s.PostProcessorRegistrationDelegate$BeanPostProcessorChecker - Bean 'net' of type [de.flapdoodle.embed.mongo.config.ImmutableNet] is not eligible for getting processed by all BeanPostProcessors (for example: not eligible for auto-proxying). Is this bean getting eagerly injected into a currently created BeanPostProcessor [fixTransactionAndAuth]? Check the corresponding BeanPostProcessor declaration and its dependencies.
2026-05-26 00:58:17 [main] [txId=] WARN  o.s.c.s.PostProcessorRegistrationDelegate$BeanPostProcessorChecker - Bean 'spring.data.mongodb-org.springframework.boot.autoconfigure.mongo.MongoProperties' of type [org.springframework.boot.autoconfigure.mongo.MongoProperties] is not eligible for getting processed by all BeanPostProcessors (for example: not eligible for auto-proxying). Is this bean getting eagerly injected into a currently created BeanPostProcessor [fixTransactionAndAuth]? Check the corresponding BeanPostProcessor declaration and its dependencies.
2026-05-26 00:58:17 [main] [txId=] WARN  o.s.c.s.PostProcessorRegistrationDelegate$BeanPostProcessorChecker - Bean 'org.springframework.cloud.client.loadbalancer.LoadBalancerAutoConfiguration$LoadBalancerInterceptorConfig' of type [org.springframework.cloud.client.loadbalancer.LoadBalancerAutoConfiguration$LoadBalancerInterceptorConfig] is not eligible for getting processed by all BeanPostProcessors (for example: not eligible for auto-proxying). The currently created BeanPostProcessor [lbRestClientPostProcessor] is declared through a non-static factory method on that class; consider declaring it as static instead.
2026-05-26 00:58:17 [main] [txId=] WARN  o.s.c.s.PostProcessorRegistrationDelegate$BeanPostProcessorChecker - Bean 'org.springframework.cloud.loadbalancer.config.BlockingLoadBalancerClientAutoConfiguration' of type [org.springframework.cloud.loadbalancer.config.BlockingLoadBalancerClientAutoConfiguration] is not eligible for getting processed by all BeanPostProcessors (for example: not eligible for auto-proxying). Is this bean getting eagerly injected into a currently created BeanPostProcessor [lbRestClientPostProcessor]? Check the corresponding BeanPostProcessor declaration and its dependencies.
2026-05-26 00:58:17 [main] [txId=] WARN  o.s.c.s.PostProcessorRegistrationDelegate$BeanPostProcessorChecker - Bean 'org.springframework.cloud.loadbalancer.config.LoadBalancerAutoConfiguration' of type [org.springframework.cloud.loadbalancer.config.LoadBalancerAutoConfiguration] is not eligible for getting processed by all BeanPostProcessors (for example: not eligible for auto-proxying). Is this bean getting eagerly injected into a currently created BeanPostProcessor [lbRestClientPostProcessor]? Check the corresponding BeanPostProcessor declaration and its dependencies.
2026-05-26 00:58:17 [main] [txId=] WARN  o.s.c.s.PostProcessorRegistrationDelegate$BeanPostProcessorChecker - Bean 'spring.cloud.loadbalancer-org.springframework.cloud.client.loadbalancer.LoadBalancerClientsProperties' of type [org.springframework.cloud.client.loadbalancer.LoadBalancerClientsProperties] is not eligible for getting processed by all BeanPostProcessors (for example: not eligible for auto-proxying). Is this bean getting eagerly injected into a currently created BeanPostProcessor [lbRestClientPostProcessor]? Check the corresponding BeanPostProcessor declaration and its dependencies.
2026-05-26 00:58:17 [main] [txId=] WARN  o.s.c.s.PostProcessorRegistrationDelegate$BeanPostProcessorChecker - Bean 'default.org.springframework.cloud.loadbalancer.config.LoadBalancerAutoConfiguration.LoadBalancerClientSpecification' of type [org.springframework.cloud.loadbalancer.annotation.LoadBalancerClientSpecification] is not eligible for getting processed by all BeanPostProcessors (for example: not eligible for auto-proxying). Is this bean getting eagerly injected into a currently created BeanPostProcessor [lbRestClientPostProcessor]? Check the corresponding BeanPostProcessor declaration and its dependencies.
2026-05-26 00:58:17 [main] [txId=] WARN  o.s.c.s.PostProcessorRegistrationDelegate$BeanPostProcessorChecker - Bean 'default.org.springframework.cloud.loadbalancer.config.BlockingLoadBalancerClientAutoConfiguration.LoadBalancerClientSpecification' of type [org.springframework.cloud.loadbalancer.annotation.LoadBalancerClientSpecification] is not eligible for getting processed by all BeanPostProcessors (for example: not eligible for auto-proxying). Is this bean getting eagerly injected into a currently created BeanPostProcessor [lbRestClientPostProcessor]? Check the corresponding BeanPostProcessor declaration and its dependencies.
2026-05-26 00:58:17 [main] [txId=] WARN  o.s.c.s.PostProcessorRegistrationDelegate$BeanPostProcessorChecker - Bean 'loadBalancerClientFactory' of type [org.springframework.cloud.loadbalancer.support.LoadBalancerClientFactory] is not eligible for getting processed by all BeanPostProcessors (for example: not eligible for auto-proxying). Is this bean getting eagerly injected into a currently created BeanPostProcessor [lbRestClientPostProcessor]? Check the corresponding BeanPostProcessor declaration and its dependencies.
2026-05-26 00:58:17 [main] [txId=] WARN  o.s.c.s.PostProcessorRegistrationDelegate$BeanPostProcessorChecker - Bean 'blockingLoadBalancerClient' of type [org.springframework.cloud.loadbalancer.blocking.client.BlockingLoadBalancerClient] is not eligible for getting processed by all BeanPostProcessors (for example: not eligible for auto-proxying). Is this bean getting eagerly injected into a currently created BeanPostProcessor [lbRestClientPostProcessor]? Check the corresponding BeanPostProcessor declaration and its dependencies.
2026-05-26 00:58:17 [main] [txId=] WARN  o.s.c.s.PostProcessorRegistrationDelegate$BeanPostProcessorChecker - Bean 'loadBalancerServiceInstanceCookieTransformer' of type [org.springframework.cloud.loadbalancer.core.LoadBalancerServiceInstanceCookieTransformer] is not eligible for getting processed by all BeanPostProcessors (for example: not eligible for auto-proxying). Is this bean getting eagerly injected into a currently created BeanPostProcessor [lbRestClientPostProcessor]? Check the corresponding BeanPostProcessor declaration and its dependencies.
2026-05-26 00:58:17 [main] [txId=] WARN  o.s.c.s.PostProcessorRegistrationDelegate$BeanPostProcessorChecker - Bean 'xForwarderHeadersTransformer' of type [org.springframework.cloud.loadbalancer.blocking.XForwardedHeadersTransformer] is not eligible for getting processed by all BeanPostProcessors (for example: not eligible for auto-proxying). Is this bean getting eagerly injected into a currently created BeanPostProcessor [lbRestClientPostProcessor]? Check the corresponding BeanPostProcessor declaration and its dependencies.
2026-05-26 00:58:17 [main] [txId=] WARN  o.s.c.s.PostProcessorRegistrationDelegate$BeanPostProcessorChecker - Bean 'org.springframework.cloud.client.loadbalancer.LoadBalancerAutoConfiguration' of type [org.springframework.cloud.client.loadbalancer.LoadBalancerAutoConfiguration] is not eligible for getting processed by all BeanPostProcessors (for example: not eligible for auto-proxying). Is this bean getting eagerly injected into a currently created BeanPostProcessor [lbRestClientPostProcessor]? Check the corresponding BeanPostProcessor declaration and its dependencies.
2026-05-26 00:58:17 [main] [txId=] WARN  o.s.c.s.PostProcessorRegistrationDelegate$BeanPostProcessorChecker - Bean 'loadBalancerRequestFactory' of type [org.springframework.cloud.client.loadbalancer.LoadBalancerRequestFactory] is not eligible for getting processed by all BeanPostProcessors (for example: not eligible for auto-proxying). Is this bean getting eagerly injected into a currently created BeanPostProcessor [lbRestClientPostProcessor]? Check the corresponding BeanPostProcessor declaration and its dependencies.
2026-05-26 00:58:17 [main] [txId=] WARN  o.s.c.s.PostProcessorRegistrationDelegate$BeanPostProcessorChecker - Bean 'loadBalancerInterceptor' of type [org.springframework.cloud.client.loadbalancer.LoadBalancerInterceptor] is not eligible for getting processed by all BeanPostProcessors (for example: not eligible for auto-proxying). Is this bean getting eagerly injected into a currently created BeanPostProcessor [lbRestClientPostProcessor]? Check the corresponding BeanPostProcessor declaration and its dependencies.
2026-05-26 00:58:25 [main] [txId=] WARN  o.s.b.a.s.s.UserDetailsServiceAutoConfiguration - 

Using generated security password: 6a71400c-9294-4d18-aed2-d1f8ddd33dcd

This generated password is for development use only. Your security configuration must be updated before running your application in production.

2026-05-26 00:58:26 [main] [txId=] DEBUG c.e.w.l.TransactionLoggingFilter - Filter 'transactionLoggingFilter' configured for use
2026-05-26 00:58:26 [main] [txId=] DEBUG c.e.workload.security.JwtAuthFilter - Filter 'jwtAuthFilter' configured for use
2026-05-26 00:58:26 [main] [txId=] WARN  o.s.c.l.c.LoadBalancerCacheAutoConfiguration$LoadBalancerCaffeineWarnLogger - Spring Cloud LoadBalancer is currently working with the default cache. While this cache implementation is useful for development and tests, it's recommended to use Caffeine cache in production.You can switch to using Caffeine cache, by adding it and org.springframework.cache.caffeine.CaffeineCacheManager to the classpath.
2026-05-26 00:58:26 [main] [txId=] WARN  o.s.w.c.s.GenericWebApplicationContext - Exception encountered during context initialization - cancelling refresh attempt: org.springframework.context.ApplicationContextException: Failed to start bean 'org.springframework.jms.config.internalJmsListenerEndpointRegistry'
2026-05-26 00:58:26 [main] [txId=] ERROR d.f.embed.mongo.runtime.Mongod - Got some response, should be an error message
2026-05-26 00:58:26 [main] [txId=] ERROR o.s.boot.SpringApplication - Application run failed
org.springframework.context.ApplicationContextException: Failed to start bean 'org.springframework.jms.config.internalJmsListenerEndpointRegistry'
	at org.springframework.context.support.DefaultLifecycleProcessor.doStart(DefaultLifecycleProcessor.java:287)
	at org.springframework.context.support.DefaultLifecycleProcessor$LifecycleGroup.start(DefaultLifecycleProcessor.java:467)
	at java.base/java.lang.Iterable.forEach(Iterable.java:75)
	at org.springframework.context.support.DefaultLifecycleProcessor.startBeans(DefaultLifecycleProcessor.java:256)
	at org.springframework.context.support.DefaultLifecycleProcessor.onRefresh(DefaultLifecycleProcessor.java:201)
	at org.springframework.context.support.AbstractApplicationContext.finishRefresh(AbstractApplicationContext.java:965)
	at org.springframework.context.support.AbstractApplicationContext.refresh(AbstractApplicationContext.java:619)
	at org.springframework.boot.SpringApplication.refresh(SpringApplication.java:753)
	at org.springframework.boot.SpringApplication.refreshContext(SpringApplication.java:455)
	at org.springframework.boot.SpringApplication.run(SpringApplication.java:323)
	at org.springframework.boot.test.context.SpringBootContextLoader.lambda$loadContext$3(SpringBootContextLoader.java:137)
	at org.springframework.util.function.ThrowingSupplier.get(ThrowingSupplier.java:58)
	at org.springframework.util.function.ThrowingSupplier.get(ThrowingSupplier.java:46)
	at org.springframework.boot.SpringApplication.withHook(SpringApplication.java:1442)
	at org.springframework.boot.test.context.SpringBootContextLoader$ContextLoaderHook.run(SpringBootContextLoader.java:552)
	at org.springframework.boot.test.context.SpringBootContextLoader.loadContext(SpringBootContextLoader.java:137)
	at org.springframework.boot.test.context.SpringBootContextLoader.loadContext(SpringBootContextLoader.java:108)
	at org.springframework.test.context.cache.DefaultCacheAwareContextLoaderDelegate.loadContextInternal(DefaultCacheAwareContextLoaderDelegate.java:225)
	at org.springframework.test.context.cache.DefaultCacheAwareContextLoaderDelegate.loadContext(DefaultCacheAwareContextLoaderDelegate.java:152)
	at org.springframework.test.context.support.DefaultTestContext.getApplicationContext(DefaultTestContext.java:130)
	at io.cucumber.spring.TestContextAdaptor.create(TestContextAdaptor.java:42)
	at io.cucumber.spring.SpringFactory.start(SpringFactory.java:121)
	at io.cucumber.core.runner.Runner.buildBackendWorlds(Runner.java:134)
	at io.cucumber.core.runner.Runner.runPickle(Runner.java:70)
	at io.cucumber.junit.platform.engine.CucumberEngineExecutionContext.lambda$runTestCase$4(CucumberEngineExecutionContext.java:112)
	at io.cucumber.core.runtime.CucumberExecutionContext.lambda$runTestCase$5(CucumberExecutionContext.java:137)
	at io.cucumber.core.runtime.RethrowingThrowableCollector.executeAndThrow(RethrowingThrowableCollector.java:23)
	at io.cucumber.core.runtime.CucumberExecutionContext.runTestCase(CucumberExecutionContext.java:137)
	at io.cucumber.junit.platform.engine.CucumberEngineExecutionContext.runTestCase(CucumberEngineExecutionContext.java:109)
	at io.cucumber.junit.platform.engine.NodeDescriptor$PickleDescriptor.execute(NodeDescriptor.java:168)
	at io.cucumber.junit.platform.engine.NodeDescriptor$PickleDescriptor.execute(NodeDescriptor.java:90)
	at org.junit.platform.engine.support.hierarchical.NodeTestTask.lambda$executeRecursively$6(NodeTestTask.java:151)
	at org.junit.platform.engine.support.hierarchical.ThrowableCollector.execute(ThrowableCollector.java:73)
	at org.junit.platform.engine.support.hierarchical.NodeTestTask.lambda$executeRecursively$8(NodeTestTask.java:141)
	at org.junit.platform.engine.support.hierarchical.Node.around(Node.java:137)
	at org.junit.platform.engine.support.hierarchical.NodeTestTask.lambda$executeRecursively$9(NodeTestTask.java:139)
	at org.junit.platform.engine.support.hierarchical.ThrowableCollector.execute(ThrowableCollector.java:73)
	at org.junit.platform.engine.support.hierarchical.NodeTestTask.executeRecursively(NodeTestTask.java:138)
	at org.junit.platform.engine.support.hierarchical.NodeTestTask.execute(NodeTestTask.java:95)
	at java.base/java.util.ArrayList.forEach(ArrayList.java:1511)
	at org.junit.platform.engine.support.hierarchical.SameThreadHierarchicalTestExecutorService.invokeAll(SameThreadHierarchicalTestExecutorService.java:41)
	at org.junit.platform.engine.support.hierarchical.NodeTestTask.lambda$executeRecursively$6(NodeTestTask.java:155)
	at org.junit.platform.engine.support.hierarchical.ThrowableCollector.execute(ThrowableCollector.java:73)
	at org.junit.platform.engine.support.hierarchical.NodeTestTask.lambda$executeRecursively$8(NodeTestTask.java:141)
	at org.junit.platform.engine.support.hierarchical.Node.around(Node.java:137)
	at org.junit.platform.engine.support.hierarchical.NodeTestTask.lambda$executeRecursively$9(NodeTestTask.java:139)
	at org.junit.platform.engine.support.hierarchical.ThrowableCollector.execute(ThrowableCollector.java:73)
	at org.junit.platform.engine.support.hierarchical.NodeTestTask.executeRecursively(NodeTestTask.java:138)
	at org.junit.platform.engine.support.hierarchical.NodeTestTask.execute(NodeTestTask.java:95)
	at java.base/java.util.ArrayList.forEach(ArrayList.java:1511)
	at org.junit.platform.engine.support.hierarchical.SameThreadHierarchicalTestExecutorService.invokeAll(SameThreadHierarchicalTestExecutorService.java:41)
	at org.junit.platform.engine.support.hierarchical.NodeTestTask.lambda$executeRecursively$6(NodeTestTask.java:155)
	at org.junit.platform.engine.support.hierarchical.ThrowableCollector.execute(ThrowableCollector.java:73)
	at org.junit.platform.engine.support.hierarchical.NodeTestTask.lambda$executeRecursively$8(NodeTestTask.java:141)
	at org.junit.platform.engine.support.hierarchical.Node.around(Node.java:137)
	at org.junit.platform.engine.support.hierarchical.NodeTestTask.lambda$executeRecursively$9(NodeTestTask.java:139)
	at org.junit.platform.engine.support.hierarchical.ThrowableCollector.execute(ThrowableCollector.java:73)
	at org.junit.platform.engine.support.hierarchical.NodeTestTask.executeRecursively(NodeTestTask.java:138)
	at org.junit.platform.engine.support.hierarchical.NodeTestTask.execute(NodeTestTask.java:95)
	at org.junit.platform.engine.support.hierarchical.SameThreadHierarchicalTestExecutorService.submit(SameThreadHierarchicalTestExecutorService.java:35)
	at org.junit.platform.engine.support.hierarchical.HierarchicalTestExecutor.execute(HierarchicalTestExecutor.java:57)
	at org.junit.platform.engine.support.hierarchical.HierarchicalTestEngine.execute(HierarchicalTestEngine.java:54)
	at org.junit.platform.launcher.core.EngineExecutionOrchestrator.execute(EngineExecutionOrchestrator.java:198)
	at org.junit.platform.launcher.core.EngineExecutionOrchestrator.execute(EngineExecutionOrchestrator.java:169)
	at org.junit.platform.launcher.core.EngineExecutionOrchestrator.execute(EngineExecutionOrchestrator.java:93)
	at org.junit.platform.launcher.core.EngineExecutionOrchestrator.execute(EngineExecutionOrchestrator.java:76)
	at org.junit.platform.suite.engine.SuiteLauncher.execute(SuiteLauncher.java:63)
	at org.junit.platform.suite.engine.SuiteTestDescriptor.execute(SuiteTestDescriptor.java:128)
	at org.junit.platform.suite.engine.SuiteTestEngine.lambda$execute$0(SuiteTestEngine.java:73)
	at java.base/java.util.stream.ForEachOps$ForEachOp$OfRef.accept(ForEachOps.java:183)
	at java.base/java.util.stream.ReferencePipeline$3$1.accept(ReferencePipeline.java:197)
	at java.base/java.util.Iterator.forEachRemaining(Iterator.java:133)
	at java.base/java.util.Spliterators$IteratorSpliterator.forEachRemaining(Spliterators.java:1845)
	at java.base/java.util.stream.AbstractPipeline.copyInto(AbstractPipeline.java:509)
	at java.base/java.util.stream.AbstractPipeline.wrapAndCopyInto(AbstractPipeline.java:499)
	at java.base/java.util.stream.ForEachOps$ForEachOp.evaluateSequential(ForEachOps.java:150)
	at java.base/java.util.stream.ForEachOps$ForEachOp$OfRef.evaluateSequential(ForEachOps.java:173)
	at java.base/java.util.stream.AbstractPipeline.evaluate(AbstractPipeline.java:234)
	at java.base/java.util.stream.ReferencePipeline.forEach(ReferencePipeline.java:596)
	at org.junit.platform.suite.engine.SuiteTestEngine.execute(SuiteTestEngine.java:73)
	at org.junit.platform.launcher.core.EngineExecutionOrchestrator.execute(EngineExecutionOrchestrator.java:198)
	at org.junit.platform.launcher.core.EngineExecutionOrchestrator.execute(EngineExecutionOrchestrator.java:169)
	at org.junit.platform.launcher.core.EngineExecutionOrchestrator.execute(EngineExecutionOrchestrator.java:93)
	at org.junit.platform.launcher.core.EngineExecutionOrchestrator.lambda$execute$0(EngineExecutionOrchestrator.java:58)
	at org.junit.platform.launcher.core.EngineExecutionOrchestrator.withInterceptedStreams(EngineExecutionOrchestrator.java:141)
	at org.junit.platform.launcher.core.EngineExecutionOrchestrator.execute(EngineExecutionOrchestrator.java:57)
	at org.junit.platform.launcher.core.DefaultLauncher.execute(DefaultLauncher.java:103)
	at org.junit.platform.launcher.core.DefaultLauncher.execute(DefaultLauncher.java:85)
	at org.junit.platform.launcher.core.DelegatingLauncher.execute(DelegatingLauncher.java:47)
	at org.apache.maven.surefire.junitplatform.LazyLauncher.execute(LazyLauncher.java:56)
	at org.apache.maven.surefire.junitplatform.JUnitPlatformProvider.execute(JUnitPlatformProvider.java:184)
	at org.apache.maven.surefire.junitplatform.JUnitPlatformProvider.invokeAllTests(JUnitPlatformProvider.java:148)
	at org.apache.maven.surefire.junitplatform.JUnitPlatformProvider.invoke(JUnitPlatformProvider.java:122)
	at org.apache.maven.surefire.booter.ForkedBooter.runSuitesInProcess(ForkedBooter.java:385)
	at org.apache.maven.surefire.booter.ForkedBooter.execute(ForkedBooter.java:162)
	at org.apache.maven.surefire.booter.ForkedBooter.run(ForkedBooter.java:507)
	at org.apache.maven.surefire.booter.ForkedBooter.main(ForkedBooter.java:495)
Caused by: java.lang.NoClassDefFoundError: javax/jms/InvalidClientIDException
	at org.apache.activemq.broker.BrokerService.createRegionBroker(BrokerService.java:2381)
	at org.apache.activemq.broker.BrokerService.createRegionBroker(BrokerService.java:2374)
	at org.apache.activemq.broker.BrokerService.createBroker(BrokerService.java:2331)
	at org.apache.activemq.broker.BrokerService.getBroker(BrokerService.java:1023)
	at org.apache.activemq.broker.BrokerService.getAdminConnectionContext(BrokerService.java:2604)
	at org.apache.activemq.broker.BrokerService.startVirtualConsumerDestinations(BrokerService.java:2765)
	at org.apache.activemq.broker.BrokerService.startDestinations(BrokerService.java:2595)
	at org.apache.activemq.broker.BrokerService.doStartBroker(BrokerService.java:730)
	at org.apache.activemq.broker.BrokerService.startBroker(BrokerService.java:724)
	at org.apache.activemq.broker.BrokerService.start(BrokerService.java:622)
	at org.apache.activemq.transport.vm.VMTransportFactory.doCompositeConnect(VMTransportFactory.java:127)
	at org.apache.activemq.transport.vm.VMTransportFactory.doConnect(VMTransportFactory.java:56)
	at org.apache.activemq.transport.TransportFactory.connect(TransportFactory.java:65)
	at org.apache.activemq.ActiveMQConnectionFactory.createTransport(ActiveMQConnectionFactory.java:376)
	at org.apache.activemq.ActiveMQConnectionFactory.createActiveMQConnection(ActiveMQConnectionFactory.java:391)
	at org.apache.activemq.ActiveMQConnectionFactory.createActiveMQConnection(ActiveMQConnectionFactory.java:349)
	at org.apache.activemq.ActiveMQConnectionFactory.createConnection(ActiveMQConnectionFactory.java:245)
	at org.springframework.jms.support.JmsAccessor.createConnection(JmsAccessor.java:211)
	at org.springframework.jms.listener.AbstractJmsListeningContainer.createSharedConnection(AbstractJmsListeningContainer.java:405)
	at org.springframework.jms.listener.AbstractJmsListeningContainer.establishSharedConnection(AbstractJmsListeningContainer.java:375)
	at org.springframework.jms.listener.DefaultMessageListenerContainer.establishSharedConnection(DefaultMessageListenerContainer.java:882)
	at org.springframework.jms.listener.AbstractJmsListeningContainer.doStart(AbstractJmsListeningContainer.java:287)
	at org.springframework.jms.listener.AbstractJmsListeningContainer.start(AbstractJmsListeningContainer.java:272)
	at org.springframework.jms.listener.DefaultMessageListenerContainer.start(DefaultMessageListenerContainer.java:676)
	at org.springframework.jms.config.JmsListenerEndpointRegistry.startIfNecessary(JmsListenerEndpointRegistry.java:242)
	at org.springframework.jms.config.JmsListenerEndpointRegistry.start(JmsListenerEndpointRegistry.java:205)
	at org.springframework.context.support.DefaultLifecycleProcessor.doStart(DefaultLifecycleProcessor.java:284)
	... 96 common frames omitted
Caused by: java.lang.ClassNotFoundException: javax.jms.InvalidClientIDException
	at java.base/jdk.internal.loader.BuiltinClassLoader.loadClass(BuiltinClassLoader.java:641)
	at java.base/jdk.internal.loader.ClassLoaders$AppClassLoader.loadClass(ClassLoaders.java:188)
	at java.base/java.lang.ClassLoader.loadClass(ClassLoader.java:525)
	... 123 common frames omitted
2026-05-26 00:58:36 [main] [txId=] INFO  c.e.w.c.c.CucumberWorkloadConfig - Starting CucumberWorkloadConfig using Java 17.0.18 with PID 68618 (started by mariagevorgyan in /Users/mariagevorgyan/Documents/Epam_Task1_Spring/trainer-workload-service)
2026-05-26 00:58:36 [main] [txId=] DEBUG c.e.w.c.c.CucumberWorkloadConfig - Running with Spring Boot v3.2.0, Spring v6.1.1
2026-05-26 00:58:36 [main] [txId=] INFO  c.e.w.c.c.CucumberWorkloadConfig - The following 1 profile is active: "test"
2026-05-26 00:58:37 [main] [txId=] WARN  o.s.c.s.PostProcessorRegistrationDelegate$BeanPostProcessorChecker - Bean 'de.flapdoodle.embed.mongo.spring.autoconfigure.EmbeddedMongoAutoConfiguration' of type [de.flapdoodle.embed.mongo.spring.autoconfigure.EmbeddedMongoAutoConfiguration] is not eligible for getting processed by all BeanPostProcessors (for example: not eligible for auto-proxying). The currently created BeanPostProcessor [fixTransactionAndAuth] is declared through a non-static factory method on that class; consider declaring it as static instead.
2026-05-26 00:58:37 [main] [txId=] WARN  o.s.c.s.PostProcessorRegistrationDelegate$BeanPostProcessorChecker - Bean 'org.springframework.cloud.commons.config.CommonsConfigAutoConfiguration' of type [org.springframework.cloud.commons.config.CommonsConfigAutoConfiguration] is not eligible for getting processed by all BeanPostProcessors (for example: not eligible for auto-proxying). Is this bean getting eagerly injected into a currently created BeanPostProcessor [fixTransactionAndAuth]? Check the corresponding BeanPostProcessor declaration and its dependencies.
2026-05-26 00:58:37 [main] [txId=] WARN  o.s.c.s.PostProcessorRegistrationDelegate$BeanPostProcessorChecker - Bean 'org.springframework.cloud.client.loadbalancer.LoadBalancerDefaultMappingsProviderAutoConfiguration' of type [org.springframework.cloud.client.loadbalancer.LoadBalancerDefaultMappingsProviderAutoConfiguration] is not eligible for getting processed by all BeanPostProcessors (for example: not eligible for auto-proxying). Is this bean getting eagerly injected into a currently created BeanPostProcessor [fixTransactionAndAuth]? Check the corresponding BeanPostProcessor declaration and its dependencies.
2026-05-26 00:58:37 [main] [txId=] WARN  o.s.c.s.PostProcessorRegistrationDelegate$BeanPostProcessorChecker - Bean 'loadBalancerClientsDefaultsMappingsProvider' of type [org.springframework.cloud.client.loadbalancer.LoadBalancerDefaultMappingsProviderAutoConfiguration$$Lambda$1218/0x000000e001590250] is not eligible for getting processed by all BeanPostProcessors (for example: not eligible for auto-proxying). Is this bean getting eagerly injected into a currently created BeanPostProcessor [fixTransactionAndAuth]? Check the corresponding BeanPostProcessor declaration and its dependencies.
2026-05-26 00:58:37 [main] [txId=] WARN  o.s.c.s.PostProcessorRegistrationDelegate$BeanPostProcessorChecker - Bean 'defaultsBindHandlerAdvisor' of type [org.springframework.cloud.commons.config.DefaultsBindHandlerAdvisor] is not eligible for getting processed by all BeanPostProcessors (for example: not eligible for auto-proxying). Is this bean getting eagerly injected into a currently created BeanPostProcessor [fixTransactionAndAuth]? Check the corresponding BeanPostProcessor declaration and its dependencies.
2026-05-26 00:58:37 [main] [txId=] WARN  o.s.c.s.PostProcessorRegistrationDelegate$BeanPostProcessorChecker - Bean 'de.flapdoodle.mongodb.embedded-de.flapdoodle.embed.mongo.spring.autoconfigure.EmbeddedMongoProperties' of type [de.flapdoodle.embed.mongo.spring.autoconfigure.EmbeddedMongoProperties] is not eligible for getting processed by all BeanPostProcessors (for example: not eligible for auto-proxying). Is this bean getting eagerly injected into a currently created BeanPostProcessor [fixTransactionAndAuth]? Check the corresponding BeanPostProcessor declaration and its dependencies.
2026-05-26 00:58:37 [main] [txId=] WARN  o.s.c.s.PostProcessorRegistrationDelegate$BeanPostProcessorChecker - Bean 'net' of type [de.flapdoodle.embed.mongo.config.ImmutableNet] is not eligible for getting processed by all BeanPostProcessors (for example: not eligible for auto-proxying). Is this bean getting eagerly injected into a currently created BeanPostProcessor [fixTransactionAndAuth]? Check the corresponding BeanPostProcessor declaration and its dependencies.
2026-05-26 00:58:37 [main] [txId=] WARN  o.s.c.s.PostProcessorRegistrationDelegate$BeanPostProcessorChecker - Bean 'spring.data.mongodb-org.springframework.boot.autoconfigure.mongo.MongoProperties' of type [org.springframework.boot.autoconfigure.mongo.MongoProperties] is not eligible for getting processed by all BeanPostProcessors (for example: not eligible for auto-proxying). Is this bean getting eagerly injected into a currently created BeanPostProcessor [fixTransactionAndAuth]? Check the corresponding BeanPostProcessor declaration and its dependencies.
2026-05-26 00:58:37 [main] [txId=] WARN  o.s.c.s.PostProcessorRegistrationDelegate$BeanPostProcessorChecker - Bean 'org.springframework.cloud.client.loadbalancer.LoadBalancerAutoConfiguration$LoadBalancerInterceptorConfig' of type [org.springframework.cloud.client.loadbalancer.LoadBalancerAutoConfiguration$LoadBalancerInterceptorConfig] is not eligible for getting processed by all BeanPostProcessors (for example: not eligible for auto-proxying). The currently created BeanPostProcessor [lbRestClientPostProcessor] is declared through a non-static factory method on that class; consider declaring it as static instead.
2026-05-26 00:58:37 [main] [txId=] WARN  o.s.c.s.PostProcessorRegistrationDelegate$BeanPostProcessorChecker - Bean 'org.springframework.cloud.loadbalancer.config.BlockingLoadBalancerClientAutoConfiguration' of type [org.springframework.cloud.loadbalancer.config.BlockingLoadBalancerClientAutoConfiguration] is not eligible for getting processed by all BeanPostProcessors (for example: not eligible for auto-proxying). Is this bean getting eagerly injected into a currently created BeanPostProcessor [lbRestClientPostProcessor]? Check the corresponding BeanPostProcessor declaration and its dependencies.
2026-05-26 00:58:37 [main] [txId=] WARN  o.s.c.s.PostProcessorRegistrationDelegate$BeanPostProcessorChecker - Bean 'org.springframework.cloud.loadbalancer.config.LoadBalancerAutoConfiguration' of type [org.springframework.cloud.loadbalancer.config.LoadBalancerAutoConfiguration] is not eligible for getting processed by all BeanPostProcessors (for example: not eligible for auto-proxying). Is this bean getting eagerly injected into a currently created BeanPostProcessor [lbRestClientPostProcessor]? Check the corresponding BeanPostProcessor declaration and its dependencies.
2026-05-26 00:58:37 [main] [txId=] WARN  o.s.c.s.PostProcessorRegistrationDelegate$BeanPostProcessorChecker - Bean 'spring.cloud.loadbalancer-org.springframework.cloud.client.loadbalancer.LoadBalancerClientsProperties' of type [org.springframework.cloud.client.loadbalancer.LoadBalancerClientsProperties] is not eligible for getting processed by all BeanPostProcessors (for example: not eligible for auto-proxying). Is this bean getting eagerly injected into a currently created BeanPostProcessor [lbRestClientPostProcessor]? Check the corresponding BeanPostProcessor declaration and its dependencies.
2026-05-26 00:58:37 [main] [txId=] WARN  o.s.c.s.PostProcessorRegistrationDelegate$BeanPostProcessorChecker - Bean 'default.org.springframework.cloud.loadbalancer.config.LoadBalancerAutoConfiguration.LoadBalancerClientSpecification' of type [org.springframework.cloud.loadbalancer.annotation.LoadBalancerClientSpecification] is not eligible for getting processed by all BeanPostProcessors (for example: not eligible for auto-proxying). Is this bean getting eagerly injected into a currently created BeanPostProcessor [lbRestClientPostProcessor]? Check the corresponding BeanPostProcessor declaration and its dependencies.
2026-05-26 00:58:37 [main] [txId=] WARN  o.s.c.s.PostProcessorRegistrationDelegate$BeanPostProcessorChecker - Bean 'default.org.springframework.cloud.loadbalancer.config.BlockingLoadBalancerClientAutoConfiguration.LoadBalancerClientSpecification' of type [org.springframework.cloud.loadbalancer.annotation.LoadBalancerClientSpecification] is not eligible for getting processed by all BeanPostProcessors (for example: not eligible for auto-proxying). Is this bean getting eagerly injected into a currently created BeanPostProcessor [lbRestClientPostProcessor]? Check the corresponding BeanPostProcessor declaration and its dependencies.
2026-05-26 00:58:37 [main] [txId=] WARN  o.s.c.s.PostProcessorRegistrationDelegate$BeanPostProcessorChecker - Bean 'loadBalancerClientFactory' of type [org.springframework.cloud.loadbalancer.support.LoadBalancerClientFactory] is not eligible for getting processed by all BeanPostProcessors (for example: not eligible for auto-proxying). Is this bean getting eagerly injected into a currently created BeanPostProcessor [lbRestClientPostProcessor]? Check the corresponding BeanPostProcessor declaration and its dependencies.
2026-05-26 00:58:37 [main] [txId=] WARN  o.s.c.s.PostProcessorRegistrationDelegate$BeanPostProcessorChecker - Bean 'blockingLoadBalancerClient' of type [org.springframework.cloud.loadbalancer.blocking.client.BlockingLoadBalancerClient] is not eligible for getting processed by all BeanPostProcessors (for example: not eligible for auto-proxying). Is this bean getting eagerly injected into a currently created BeanPostProcessor [lbRestClientPostProcessor]? Check the corresponding BeanPostProcessor declaration and its dependencies.
2026-05-26 00:58:37 [main] [txId=] WARN  o.s.c.s.PostProcessorRegistrationDelegate$BeanPostProcessorChecker - Bean 'loadBalancerServiceInstanceCookieTransformer' of type [org.springframework.cloud.loadbalancer.core.LoadBalancerServiceInstanceCookieTransformer] is not eligible for getting processed by all BeanPostProcessors (for example: not eligible for auto-proxying). Is this bean getting eagerly injected into a currently created BeanPostProcessor [lbRestClientPostProcessor]? Check the corresponding BeanPostProcessor declaration and its dependencies.
2026-05-26 00:58:37 [main] [txId=] WARN  o.s.c.s.PostProcessorRegistrationDelegate$BeanPostProcessorChecker - Bean 'xForwarderHeadersTransformer' of type [org.springframework.cloud.loadbalancer.blocking.XForwardedHeadersTransformer] is not eligible for getting processed by all BeanPostProcessors (for example: not eligible for auto-proxying). Is this bean getting eagerly injected into a currently created BeanPostProcessor [lbRestClientPostProcessor]? Check the corresponding BeanPostProcessor declaration and its dependencies.
2026-05-26 00:58:37 [main] [txId=] WARN  o.s.c.s.PostProcessorRegistrationDelegate$BeanPostProcessorChecker - Bean 'org.springframework.cloud.client.loadbalancer.LoadBalancerAutoConfiguration' of type [org.springframework.cloud.client.loadbalancer.LoadBalancerAutoConfiguration] is not eligible for getting processed by all BeanPostProcessors (for example: not eligible for auto-proxying). Is this bean getting eagerly injected into a currently created BeanPostProcessor [lbRestClientPostProcessor]? Check the corresponding BeanPostProcessor declaration and its dependencies.
2026-05-26 00:58:37 [main] [txId=] WARN  o.s.c.s.PostProcessorRegistrationDelegate$BeanPostProcessorChecker - Bean 'loadBalancerRequestFactory' of type [org.springframework.cloud.client.loadbalancer.LoadBalancerRequestFactory] is not eligible for getting processed by all BeanPostProcessors (for example: not eligible for auto-proxying). Is this bean getting eagerly injected into a currently created BeanPostProcessor [lbRestClientPostProcessor]? Check the corresponding BeanPostProcessor declaration and its dependencies.
2026-05-26 00:58:37 [main] [txId=] WARN  o.s.c.s.PostProcessorRegistrationDelegate$BeanPostProcessorChecker - Bean 'loadBalancerInterceptor' of type [org.springframework.cloud.client.loadbalancer.LoadBalancerInterceptor] is not eligible for getting processed by all BeanPostProcessors (for example: not eligible for auto-proxying). Is this bean getting eagerly injected into a currently created BeanPostProcessor [lbRestClientPostProcessor]? Check the corresponding BeanPostProcessor declaration and its dependencies.
2026-05-26 00:58:38 [main] [txId=] WARN  o.s.b.a.s.s.UserDetailsServiceAutoConfiguration - 

Using generated security password: 04182b99-4696-4320-9f1d-c92e1294e471

This generated password is for development use only. Your security configuration must be updated before running your application in production.

2026-05-26 00:58:38 [main] [txId=] DEBUG c.e.w.l.TransactionLoggingFilter - Filter 'transactionLoggingFilter' configured for use
2026-05-26 00:58:38 [main] [txId=] DEBUG c.e.workload.security.JwtAuthFilter - Filter 'jwtAuthFilter' configured for use
2026-05-26 00:58:38 [main] [txId=] WARN  o.s.c.l.c.LoadBalancerCacheAutoConfiguration$LoadBalancerCaffeineWarnLogger - Spring Cloud LoadBalancer is currently working with the default cache. While this cache implementation is useful for development and tests, it's recommended to use Caffeine cache in production.You can switch to using Caffeine cache, by adding it and org.springframework.cache.caffeine.CaffeineCacheManager to the classpath.
2026-05-26 00:58:38 [main] [txId=] WARN  o.s.w.c.s.GenericWebApplicationContext - Exception encountered during context initialization - cancelling refresh attempt: org.springframework.context.ApplicationContextException: Failed to start bean 'org.springframework.jms.config.internalJmsListenerEndpointRegistry'
2026-05-26 00:58:38 [main] [txId=] ERROR d.f.embed.mongo.runtime.Mongod - Got some response, should be an error message
2026-05-26 00:58:38 [main] [txId=] ERROR o.s.boot.SpringApplication - Application run failed
org.springframework.context.ApplicationContextException: Failed to start bean 'org.springframework.jms.config.internalJmsListenerEndpointRegistry'
	at org.springframework.context.support.DefaultLifecycleProcessor.doStart(DefaultLifecycleProcessor.java:287)
	at org.springframework.context.support.DefaultLifecycleProcessor$LifecycleGroup.start(DefaultLifecycleProcessor.java:467)
	at java.base/java.lang.Iterable.forEach(Iterable.java:75)
	at org.springframework.context.support.DefaultLifecycleProcessor.startBeans(DefaultLifecycleProcessor.java:256)
	at org.springframework.context.support.DefaultLifecycleProcessor.onRefresh(DefaultLifecycleProcessor.java:201)
	at org.springframework.context.support.AbstractApplicationContext.finishRefresh(AbstractApplicationContext.java:965)
	at org.springframework.context.support.AbstractApplicationContext.refresh(AbstractApplicationContext.java:619)
	at org.springframework.boot.SpringApplication.refresh(SpringApplication.java:753)
	at org.springframework.boot.SpringApplication.refreshContext(SpringApplication.java:455)
	at org.springframework.boot.SpringApplication.run(SpringApplication.java:323)
	at org.springframework.boot.test.context.SpringBootContextLoader.lambda$loadContext$3(SpringBootContextLoader.java:137)
	at org.springframework.util.function.ThrowingSupplier.get(ThrowingSupplier.java:58)
	at org.springframework.util.function.ThrowingSupplier.get(ThrowingSupplier.java:46)
	at org.springframework.boot.SpringApplication.withHook(SpringApplication.java:1442)
	at org.springframework.boot.test.context.SpringBootContextLoader$ContextLoaderHook.run(SpringBootContextLoader.java:552)
	at org.springframework.boot.test.context.SpringBootContextLoader.loadContext(SpringBootContextLoader.java:137)
	at org.springframework.boot.test.context.SpringBootContextLoader.loadContext(SpringBootContextLoader.java:108)
	at org.springframework.test.context.cache.DefaultCacheAwareContextLoaderDelegate.loadContextInternal(DefaultCacheAwareContextLoaderDelegate.java:225)
	at org.springframework.test.context.cache.DefaultCacheAwareContextLoaderDelegate.loadContext(DefaultCacheAwareContextLoaderDelegate.java:152)
	at org.springframework.test.context.support.DefaultTestContext.getApplicationContext(DefaultTestContext.java:130)
	at io.cucumber.spring.TestContextAdaptor.create(TestContextAdaptor.java:42)
	at io.cucumber.spring.SpringFactory.start(SpringFactory.java:121)
	at io.cucumber.core.runner.Runner.buildBackendWorlds(Runner.java:134)
	at io.cucumber.core.runner.Runner.runPickle(Runner.java:70)
	at io.cucumber.junit.platform.engine.CucumberEngineExecutionContext.lambda$runTestCase$4(CucumberEngineExecutionContext.java:112)
	at io.cucumber.core.runtime.CucumberExecutionContext.lambda$runTestCase$5(CucumberExecutionContext.java:137)
	at io.cucumber.core.runtime.RethrowingThrowableCollector.executeAndThrow(RethrowingThrowableCollector.java:23)
	at io.cucumber.core.runtime.CucumberExecutionContext.runTestCase(CucumberExecutionContext.java:137)
	at io.cucumber.junit.platform.engine.CucumberEngineExecutionContext.runTestCase(CucumberEngineExecutionContext.java:109)
	at io.cucumber.junit.platform.engine.NodeDescriptor$PickleDescriptor.execute(NodeDescriptor.java:168)
	at io.cucumber.junit.platform.engine.NodeDescriptor$PickleDescriptor.execute(NodeDescriptor.java:90)
	at org.junit.platform.engine.support.hierarchical.NodeTestTask.lambda$executeRecursively$6(NodeTestTask.java:151)
	at org.junit.platform.engine.support.hierarchical.ThrowableCollector.execute(ThrowableCollector.java:73)
	at org.junit.platform.engine.support.hierarchical.NodeTestTask.lambda$executeRecursively$8(NodeTestTask.java:141)
	at org.junit.platform.engine.support.hierarchical.Node.around(Node.java:137)
	at org.junit.platform.engine.support.hierarchical.NodeTestTask.lambda$executeRecursively$9(NodeTestTask.java:139)
	at org.junit.platform.engine.support.hierarchical.ThrowableCollector.execute(ThrowableCollector.java:73)
	at org.junit.platform.engine.support.hierarchical.NodeTestTask.executeRecursively(NodeTestTask.java:138)
	at org.junit.platform.engine.support.hierarchical.NodeTestTask.execute(NodeTestTask.java:95)
	at java.base/java.util.ArrayList.forEach(ArrayList.java:1511)
	at org.junit.platform.engine.support.hierarchical.SameThreadHierarchicalTestExecutorService.invokeAll(SameThreadHierarchicalTestExecutorService.java:41)
	at org.junit.platform.engine.support.hierarchical.NodeTestTask.lambda$executeRecursively$6(NodeTestTask.java:155)
	at org.junit.platform.engine.support.hierarchical.ThrowableCollector.execute(ThrowableCollector.java:73)
	at org.junit.platform.engine.support.hierarchical.NodeTestTask.lambda$executeRecursively$8(NodeTestTask.java:141)
	at org.junit.platform.engine.support.hierarchical.Node.around(Node.java:137)
	at org.junit.platform.engine.support.hierarchical.NodeTestTask.lambda$executeRecursively$9(NodeTestTask.java:139)
	at org.junit.platform.engine.support.hierarchical.ThrowableCollector.execute(ThrowableCollector.java:73)
	at org.junit.platform.engine.support.hierarchical.NodeTestTask.executeRecursively(NodeTestTask.java:138)
	at org.junit.platform.engine.support.hierarchical.NodeTestTask.execute(NodeTestTask.java:95)
	at java.base/java.util.ArrayList.forEach(ArrayList.java:1511)
	at org.junit.platform.engine.support.hierarchical.SameThreadHierarchicalTestExecutorService.invokeAll(SameThreadHierarchicalTestExecutorService.java:41)
	at org.junit.platform.engine.support.hierarchical.NodeTestTask.lambda$executeRecursively$6(NodeTestTask.java:155)
	at org.junit.platform.engine.support.hierarchical.ThrowableCollector.execute(ThrowableCollector.java:73)
	at org.junit.platform.engine.support.hierarchical.NodeTestTask.lambda$executeRecursively$8(NodeTestTask.java:141)
	at org.junit.platform.engine.support.hierarchical.Node.around(Node.java:137)
	at org.junit.platform.engine.support.hierarchical.NodeTestTask.lambda$executeRecursively$9(NodeTestTask.java:139)
	at org.junit.platform.engine.support.hierarchical.ThrowableCollector.execute(ThrowableCollector.java:73)
	at org.junit.platform.engine.support.hierarchical.NodeTestTask.executeRecursively(NodeTestTask.java:138)
	at org.junit.platform.engine.support.hierarchical.NodeTestTask.execute(NodeTestTask.java:95)
	at org.junit.platform.engine.support.hierarchical.SameThreadHierarchicalTestExecutorService.submit(SameThreadHierarchicalTestExecutorService.java:35)
	at org.junit.platform.engine.support.hierarchical.HierarchicalTestExecutor.execute(HierarchicalTestExecutor.java:57)
	at org.junit.platform.engine.support.hierarchical.HierarchicalTestEngine.execute(HierarchicalTestEngine.java:54)
	at org.junit.platform.launcher.core.EngineExecutionOrchestrator.execute(EngineExecutionOrchestrator.java:198)
	at org.junit.platform.launcher.core.EngineExecutionOrchestrator.execute(EngineExecutionOrchestrator.java:169)
	at org.junit.platform.launcher.core.EngineExecutionOrchestrator.execute(EngineExecutionOrchestrator.java:93)
	at org.junit.platform.launcher.core.EngineExecutionOrchestrator.execute(EngineExecutionOrchestrator.java:76)
	at org.junit.platform.suite.engine.SuiteLauncher.execute(SuiteLauncher.java:63)
	at org.junit.platform.suite.engine.SuiteTestDescriptor.execute(SuiteTestDescriptor.java:128)
	at org.junit.platform.suite.engine.SuiteTestEngine.lambda$execute$0(SuiteTestEngine.java:73)
	at java.base/java.util.stream.ForEachOps$ForEachOp$OfRef.accept(ForEachOps.java:183)
	at java.base/java.util.stream.ReferencePipeline$3$1.accept(ReferencePipeline.java:197)
	at java.base/java.util.Iterator.forEachRemaining(Iterator.java:133)
	at java.base/java.util.Spliterators$IteratorSpliterator.forEachRemaining(Spliterators.java:1845)
	at java.base/java.util.stream.AbstractPipeline.copyInto(AbstractPipeline.java:509)
	at java.base/java.util.stream.AbstractPipeline.wrapAndCopyInto(AbstractPipeline.java:499)
	at java.base/java.util.stream.ForEachOps$ForEachOp.evaluateSequential(ForEachOps.java:150)
	at java.base/java.util.stream.ForEachOps$ForEachOp$OfRef.evaluateSequential(ForEachOps.java:173)
	at java.base/java.util.stream.AbstractPipeline.evaluate(AbstractPipeline.java:234)
	at java.base/java.util.stream.ReferencePipeline.forEach(ReferencePipeline.java:596)
	at org.junit.platform.suite.engine.SuiteTestEngine.execute(SuiteTestEngine.java:73)
	at org.junit.platform.launcher.core.EngineExecutionOrchestrator.execute(EngineExecutionOrchestrator.java:198)
	at org.junit.platform.launcher.core.EngineExecutionOrchestrator.execute(EngineExecutionOrchestrator.java:169)
	at org.junit.platform.launcher.core.EngineExecutionOrchestrator.execute(EngineExecutionOrchestrator.java:93)
	at org.junit.platform.launcher.core.EngineExecutionOrchestrator.lambda$execute$0(EngineExecutionOrchestrator.java:58)
	at org.junit.platform.launcher.core.EngineExecutionOrchestrator.withInterceptedStreams(EngineExecutionOrchestrator.java:141)
	at org.junit.platform.launcher.core.EngineExecutionOrchestrator.execute(EngineExecutionOrchestrator.java:57)
	at org.junit.platform.launcher.core.DefaultLauncher.execute(DefaultLauncher.java:103)
	at org.junit.platform.launcher.core.DefaultLauncher.execute(DefaultLauncher.java:85)
	at org.junit.platform.launcher.core.DelegatingLauncher.execute(DelegatingLauncher.java:47)
	at org.apache.maven.surefire.junitplatform.LazyLauncher.execute(LazyLauncher.java:56)
	at org.apache.maven.surefire.junitplatform.JUnitPlatformProvider.execute(JUnitPlatformProvider.java:184)
	at org.apache.maven.surefire.junitplatform.JUnitPlatformProvider.invokeAllTests(JUnitPlatformProvider.java:148)
	at org.apache.maven.surefire.junitplatform.JUnitPlatformProvider.invoke(JUnitPlatformProvider.java:122)
	at org.apache.maven.surefire.booter.ForkedBooter.runSuitesInProcess(ForkedBooter.java:385)
	at org.apache.maven.surefire.booter.ForkedBooter.execute(ForkedBooter.java:162)
	at org.apache.maven.surefire.booter.ForkedBooter.run(ForkedBooter.java:507)
	at org.apache.maven.surefire.booter.ForkedBooter.main(ForkedBooter.java:495)
Caused by: java.lang.NoClassDefFoundError: javax/jms/JMSException
	at org.apache.activemq.broker.BrokerService.createRegionBroker(BrokerService.java:2381)
	at org.apache.activemq.broker.BrokerService.createRegionBroker(BrokerService.java:2374)
	at org.apache.activemq.broker.BrokerService.createBroker(BrokerService.java:2331)
	at org.apache.activemq.broker.BrokerService.getBroker(BrokerService.java:1023)
	at org.apache.activemq.broker.BrokerService.getAdminConnectionContext(BrokerService.java:2604)
	at org.apache.activemq.broker.BrokerService.startVirtualConsumerDestinations(BrokerService.java:2765)
	at org.apache.activemq.broker.BrokerService.startDestinations(BrokerService.java:2595)
	at org.apache.activemq.broker.BrokerService.doStartBroker(BrokerService.java:730)
	at org.apache.activemq.broker.BrokerService.startBroker(BrokerService.java:724)
	at org.apache.activemq.broker.BrokerService.start(BrokerService.java:622)
	at org.apache.activemq.transport.vm.VMTransportFactory.doCompositeConnect(VMTransportFactory.java:127)
	at org.apache.activemq.transport.vm.VMTransportFactory.doConnect(VMTransportFactory.java:56)
	at org.apache.activemq.transport.TransportFactory.connect(TransportFactory.java:65)
	at org.apache.activemq.ActiveMQConnectionFactory.createTransport(ActiveMQConnectionFactory.java:376)
	at org.apache.activemq.ActiveMQConnectionFactory.createActiveMQConnection(ActiveMQConnectionFactory.java:391)
	at org.apache.activemq.ActiveMQConnectionFactory.createActiveMQConnection(ActiveMQConnectionFactory.java:349)
	at org.apache.activemq.ActiveMQConnectionFactory.createConnection(ActiveMQConnectionFactory.java:245)
	at org.springframework.jms.support.JmsAccessor.createConnection(JmsAccessor.java:211)
	at org.springframework.jms.listener.AbstractJmsListeningContainer.createSharedConnection(AbstractJmsListeningContainer.java:405)
	at org.springframework.jms.listener.AbstractJmsListeningContainer.establishSharedConnection(AbstractJmsListeningContainer.java:375)
	at org.springframework.jms.listener.DefaultMessageListenerContainer.establishSharedConnection(DefaultMessageListenerContainer.java:882)
	at org.springframework.jms.listener.AbstractJmsListeningContainer.doStart(AbstractJmsListeningContainer.java:287)
	at org.springframework.jms.listener.AbstractJmsListeningContainer.start(AbstractJmsListeningContainer.java:272)
	at org.springframework.jms.listener.DefaultMessageListenerContainer.start(DefaultMessageListenerContainer.java:676)
	at org.springframework.jms.config.JmsListenerEndpointRegistry.startIfNecessary(JmsListenerEndpointRegistry.java:242)
	at org.springframework.jms.config.JmsListenerEndpointRegistry.start(JmsListenerEndpointRegistry.java:205)
	at org.springframework.context.support.DefaultLifecycleProcessor.doStart(DefaultLifecycleProcessor.java:284)
	... 96 common frames omitted
Caused by: java.lang.ClassNotFoundException: javax.jms.JMSException
	at java.base/jdk.internal.loader.BuiltinClassLoader.loadClass(BuiltinClassLoader.java:641)
	at java.base/jdk.internal.loader.ClassLoaders$AppClassLoader.loadClass(ClassLoaders.java:188)
	at java.base/java.lang.ClassLoader.loadClass(ClassLoader.java:525)
	... 123 common frames omitted
2026-05-26 01:02:07 [main] [txId=] INFO  c.e.w.c.c.CucumberWorkloadConfig - Starting CucumberWorkloadConfig using Java 17.0.18 with PID 69116 (started by mariagevorgyan in /Users/mariagevorgyan/Documents/Epam_Task1_Spring/trainer-workload-service)
2026-05-26 01:02:07 [main] [txId=] DEBUG c.e.w.c.c.CucumberWorkloadConfig - Running with Spring Boot v3.2.0, Spring v6.1.1
2026-05-26 01:02:07 [main] [txId=] INFO  c.e.w.c.c.CucumberWorkloadConfig - The following 1 profile is active: "test"
2026-05-26 01:02:07 [main] [txId=] WARN  o.s.c.s.PostProcessorRegistrationDelegate$BeanPostProcessorChecker - Bean 'de.flapdoodle.embed.mongo.spring.autoconfigure.EmbeddedMongoAutoConfiguration' of type [de.flapdoodle.embed.mongo.spring.autoconfigure.EmbeddedMongoAutoConfiguration] is not eligible for getting processed by all BeanPostProcessors (for example: not eligible for auto-proxying). The currently created BeanPostProcessor [fixTransactionAndAuth] is declared through a non-static factory method on that class; consider declaring it as static instead.
2026-05-26 01:02:07 [main] [txId=] WARN  o.s.c.s.PostProcessorRegistrationDelegate$BeanPostProcessorChecker - Bean 'org.springframework.cloud.commons.config.CommonsConfigAutoConfiguration' of type [org.springframework.cloud.commons.config.CommonsConfigAutoConfiguration] is not eligible for getting processed by all BeanPostProcessors (for example: not eligible for auto-proxying). Is this bean getting eagerly injected into a currently created BeanPostProcessor [fixTransactionAndAuth]? Check the corresponding BeanPostProcessor declaration and its dependencies.
2026-05-26 01:02:07 [main] [txId=] WARN  o.s.c.s.PostProcessorRegistrationDelegate$BeanPostProcessorChecker - Bean 'org.springframework.cloud.client.loadbalancer.LoadBalancerDefaultMappingsProviderAutoConfiguration' of type [org.springframework.cloud.client.loadbalancer.LoadBalancerDefaultMappingsProviderAutoConfiguration] is not eligible for getting processed by all BeanPostProcessors (for example: not eligible for auto-proxying). Is this bean getting eagerly injected into a currently created BeanPostProcessor [fixTransactionAndAuth]? Check the corresponding BeanPostProcessor declaration and its dependencies.
2026-05-26 01:02:07 [main] [txId=] WARN  o.s.c.s.PostProcessorRegistrationDelegate$BeanPostProcessorChecker - Bean 'loadBalancerClientsDefaultsMappingsProvider' of type [org.springframework.cloud.client.loadbalancer.LoadBalancerDefaultMappingsProviderAutoConfiguration$$Lambda$1245/0x000000700168c478] is not eligible for getting processed by all BeanPostProcessors (for example: not eligible for auto-proxying). Is this bean getting eagerly injected into a currently created BeanPostProcessor [fixTransactionAndAuth]? Check the corresponding BeanPostProcessor declaration and its dependencies.
2026-05-26 01:02:07 [main] [txId=] WARN  o.s.c.s.PostProcessorRegistrationDelegate$BeanPostProcessorChecker - Bean 'defaultsBindHandlerAdvisor' of type [org.springframework.cloud.commons.config.DefaultsBindHandlerAdvisor] is not eligible for getting processed by all BeanPostProcessors (for example: not eligible for auto-proxying). Is this bean getting eagerly injected into a currently created BeanPostProcessor [fixTransactionAndAuth]? Check the corresponding BeanPostProcessor declaration and its dependencies.
2026-05-26 01:02:07 [main] [txId=] WARN  o.s.c.s.PostProcessorRegistrationDelegate$BeanPostProcessorChecker - Bean 'de.flapdoodle.mongodb.embedded-de.flapdoodle.embed.mongo.spring.autoconfigure.EmbeddedMongoProperties' of type [de.flapdoodle.embed.mongo.spring.autoconfigure.EmbeddedMongoProperties] is not eligible for getting processed by all BeanPostProcessors (for example: not eligible for auto-proxying). Is this bean getting eagerly injected into a currently created BeanPostProcessor [fixTransactionAndAuth]? Check the corresponding BeanPostProcessor declaration and its dependencies.
2026-05-26 01:02:07 [main] [txId=] WARN  o.s.c.s.PostProcessorRegistrationDelegate$BeanPostProcessorChecker - Bean 'net' of type [de.flapdoodle.embed.mongo.config.ImmutableNet] is not eligible for getting processed by all BeanPostProcessors (for example: not eligible for auto-proxying). Is this bean getting eagerly injected into a currently created BeanPostProcessor [fixTransactionAndAuth]? Check the corresponding BeanPostProcessor declaration and its dependencies.
2026-05-26 01:02:07 [main] [txId=] WARN  o.s.c.s.PostProcessorRegistrationDelegate$BeanPostProcessorChecker - Bean 'spring.data.mongodb-org.springframework.boot.autoconfigure.mongo.MongoProperties' of type [org.springframework.boot.autoconfigure.mongo.MongoProperties] is not eligible for getting processed by all BeanPostProcessors (for example: not eligible for auto-proxying). Is this bean getting eagerly injected into a currently created BeanPostProcessor [fixTransactionAndAuth]? Check the corresponding BeanPostProcessor declaration and its dependencies.
2026-05-26 01:02:08 [main] [txId=] WARN  o.s.c.s.PostProcessorRegistrationDelegate$BeanPostProcessorChecker - Bean 'org.springframework.cloud.client.loadbalancer.LoadBalancerAutoConfiguration$LoadBalancerInterceptorConfig' of type [org.springframework.cloud.client.loadbalancer.LoadBalancerAutoConfiguration$LoadBalancerInterceptorConfig] is not eligible for getting processed by all BeanPostProcessors (for example: not eligible for auto-proxying). The currently created BeanPostProcessor [lbRestClientPostProcessor] is declared through a non-static factory method on that class; consider declaring it as static instead.
2026-05-26 01:02:08 [main] [txId=] WARN  o.s.c.s.PostProcessorRegistrationDelegate$BeanPostProcessorChecker - Bean 'org.springframework.cloud.loadbalancer.config.BlockingLoadBalancerClientAutoConfiguration' of type [org.springframework.cloud.loadbalancer.config.BlockingLoadBalancerClientAutoConfiguration] is not eligible for getting processed by all BeanPostProcessors (for example: not eligible for auto-proxying). Is this bean getting eagerly injected into a currently created BeanPostProcessor [lbRestClientPostProcessor]? Check the corresponding BeanPostProcessor declaration and its dependencies.
2026-05-26 01:02:08 [main] [txId=] WARN  o.s.c.s.PostProcessorRegistrationDelegate$BeanPostProcessorChecker - Bean 'org.springframework.cloud.loadbalancer.config.LoadBalancerAutoConfiguration' of type [org.springframework.cloud.loadbalancer.config.LoadBalancerAutoConfiguration] is not eligible for getting processed by all BeanPostProcessors (for example: not eligible for auto-proxying). Is this bean getting eagerly injected into a currently created BeanPostProcessor [lbRestClientPostProcessor]? Check the corresponding BeanPostProcessor declaration and its dependencies.
2026-05-26 01:02:08 [main] [txId=] WARN  o.s.c.s.PostProcessorRegistrationDelegate$BeanPostProcessorChecker - Bean 'spring.cloud.loadbalancer-org.springframework.cloud.client.loadbalancer.LoadBalancerClientsProperties' of type [org.springframework.cloud.client.loadbalancer.LoadBalancerClientsProperties] is not eligible for getting processed by all BeanPostProcessors (for example: not eligible for auto-proxying). Is this bean getting eagerly injected into a currently created BeanPostProcessor [lbRestClientPostProcessor]? Check the corresponding BeanPostProcessor declaration and its dependencies.
2026-05-26 01:02:08 [main] [txId=] WARN  o.s.c.s.PostProcessorRegistrationDelegate$BeanPostProcessorChecker - Bean 'default.org.springframework.cloud.loadbalancer.config.LoadBalancerAutoConfiguration.LoadBalancerClientSpecification' of type [org.springframework.cloud.loadbalancer.annotation.LoadBalancerClientSpecification] is not eligible for getting processed by all BeanPostProcessors (for example: not eligible for auto-proxying). Is this bean getting eagerly injected into a currently created BeanPostProcessor [lbRestClientPostProcessor]? Check the corresponding BeanPostProcessor declaration and its dependencies.
2026-05-26 01:02:08 [main] [txId=] WARN  o.s.c.s.PostProcessorRegistrationDelegate$BeanPostProcessorChecker - Bean 'default.org.springframework.cloud.loadbalancer.config.BlockingLoadBalancerClientAutoConfiguration.LoadBalancerClientSpecification' of type [org.springframework.cloud.loadbalancer.annotation.LoadBalancerClientSpecification] is not eligible for getting processed by all BeanPostProcessors (for example: not eligible for auto-proxying). Is this bean getting eagerly injected into a currently created BeanPostProcessor [lbRestClientPostProcessor]? Check the corresponding BeanPostProcessor declaration and its dependencies.
2026-05-26 01:02:08 [main] [txId=] WARN  o.s.c.s.PostProcessorRegistrationDelegate$BeanPostProcessorChecker - Bean 'loadBalancerClientFactory' of type [org.springframework.cloud.loadbalancer.support.LoadBalancerClientFactory] is not eligible for getting processed by all BeanPostProcessors (for example: not eligible for auto-proxying). Is this bean getting eagerly injected into a currently created BeanPostProcessor [lbRestClientPostProcessor]? Check the corresponding BeanPostProcessor declaration and its dependencies.
2026-05-26 01:02:08 [main] [txId=] WARN  o.s.c.s.PostProcessorRegistrationDelegate$BeanPostProcessorChecker - Bean 'blockingLoadBalancerClient' of type [org.springframework.cloud.loadbalancer.blocking.client.BlockingLoadBalancerClient] is not eligible for getting processed by all BeanPostProcessors (for example: not eligible for auto-proxying). Is this bean getting eagerly injected into a currently created BeanPostProcessor [lbRestClientPostProcessor]? Check the corresponding BeanPostProcessor declaration and its dependencies.
2026-05-26 01:02:08 [main] [txId=] WARN  o.s.c.s.PostProcessorRegistrationDelegate$BeanPostProcessorChecker - Bean 'loadBalancerServiceInstanceCookieTransformer' of type [org.springframework.cloud.loadbalancer.core.LoadBalancerServiceInstanceCookieTransformer] is not eligible for getting processed by all BeanPostProcessors (for example: not eligible for auto-proxying). Is this bean getting eagerly injected into a currently created BeanPostProcessor [lbRestClientPostProcessor]? Check the corresponding BeanPostProcessor declaration and its dependencies.
2026-05-26 01:02:08 [main] [txId=] WARN  o.s.c.s.PostProcessorRegistrationDelegate$BeanPostProcessorChecker - Bean 'xForwarderHeadersTransformer' of type [org.springframework.cloud.loadbalancer.blocking.XForwardedHeadersTransformer] is not eligible for getting processed by all BeanPostProcessors (for example: not eligible for auto-proxying). Is this bean getting eagerly injected into a currently created BeanPostProcessor [lbRestClientPostProcessor]? Check the corresponding BeanPostProcessor declaration and its dependencies.
2026-05-26 01:02:08 [main] [txId=] WARN  o.s.c.s.PostProcessorRegistrationDelegate$BeanPostProcessorChecker - Bean 'org.springframework.cloud.client.loadbalancer.LoadBalancerAutoConfiguration' of type [org.springframework.cloud.client.loadbalancer.LoadBalancerAutoConfiguration] is not eligible for getting processed by all BeanPostProcessors (for example: not eligible for auto-proxying). Is this bean getting eagerly injected into a currently created BeanPostProcessor [lbRestClientPostProcessor]? Check the corresponding BeanPostProcessor declaration and its dependencies.
2026-05-26 01:02:08 [main] [txId=] WARN  o.s.c.s.PostProcessorRegistrationDelegate$BeanPostProcessorChecker - Bean 'loadBalancerRequestFactory' of type [org.springframework.cloud.client.loadbalancer.LoadBalancerRequestFactory] is not eligible for getting processed by all BeanPostProcessors (for example: not eligible for auto-proxying). Is this bean getting eagerly injected into a currently created BeanPostProcessor [lbRestClientPostProcessor]? Check the corresponding BeanPostProcessor declaration and its dependencies.
2026-05-26 01:02:08 [main] [txId=] WARN  o.s.c.s.PostProcessorRegistrationDelegate$BeanPostProcessorChecker - Bean 'loadBalancerInterceptor' of type [org.springframework.cloud.client.loadbalancer.LoadBalancerInterceptor] is not eligible for getting processed by all BeanPostProcessors (for example: not eligible for auto-proxying). Is this bean getting eagerly injected into a currently created BeanPostProcessor [lbRestClientPostProcessor]? Check the corresponding BeanPostProcessor declaration and its dependencies.
2026-05-26 01:02:08 [main] [txId=] WARN  o.s.b.a.s.s.UserDetailsServiceAutoConfiguration - 

Using generated security password: 50b8b8fc-69cd-4263-b5db-6f06fd23151a

This generated password is for development use only. Your security configuration must be updated before running your application in production.

2026-05-26 01:02:09 [main] [txId=] DEBUG c.e.w.l.TransactionLoggingFilter - Filter 'transactionLoggingFilter' configured for use
2026-05-26 01:02:09 [main] [txId=] DEBUG c.e.workload.security.JwtAuthFilter - Filter 'jwtAuthFilter' configured for use
2026-05-26 01:02:09 [main] [txId=] WARN  o.s.c.l.c.LoadBalancerCacheAutoConfiguration$LoadBalancerCaffeineWarnLogger - Spring Cloud LoadBalancer is currently working with the default cache. While this cache implementation is useful for development and tests, it's recommended to use Caffeine cache in production.You can switch to using Caffeine cache, by adding it and org.springframework.cache.caffeine.CaffeineCacheManager to the classpath.
2026-05-26 01:02:09 [main] [txId=] INFO  c.e.w.c.c.CucumberWorkloadConfig - Started CucumberWorkloadConfig in 2.226 seconds (process running for 2.608)
2026-05-26 01:02:09 [main] [txId=] WARN  o.s.w.s.h.HandlerMappingIntrospector - Cache miss for REQUEST dispatch to '/api/trainer-workload' (previous null). Performing CorsConfiguration lookup. This is logged once only at WARN level, and every time at TRACE.
2026-05-26 01:02:09 [main] [txId=8fb30799-566e-4424-85b1-44a528ac22cc] INFO  c.e.w.l.TransactionLoggingFilter - [TRANSACTION] endpoint=/api/trainer-workload method=POST transactionId=8fb30799-566e-4424-85b1-44a528ac22cc
2026-05-26 01:02:09 [main] [txId=8fb30799-566e-4424-85b1-44a528ac22cc] INFO  c.e.w.c.TrainerWorkloadController - Updating workload for trainer 'john.doe', action=ADD
2026-05-26 01:02:09 [main] [txId=8fb30799-566e-4424-85b1-44a528ac22cc] INFO  c.e.w.service.TrainerWorkloadService - [TX:8fb30799-566e-4424-85b1-44a528ac22cc] Processing workload for trainer='john.doe', year=2024, month=3, duration=60, action=ADD
2026-05-26 01:02:09 [main] [txId=8fb30799-566e-4424-85b1-44a528ac22cc] DEBUG c.e.w.service.TrainerWorkloadService - [TX:8fb30799-566e-4424-85b1-44a528ac22cc] Lookup by username='john.doe': found=false
2026-05-26 01:02:09 [main] [txId=8fb30799-566e-4424-85b1-44a528ac22cc] INFO  c.e.w.service.TrainerWorkloadService - [TX:8fb30799-566e-4424-85b1-44a528ac22cc] No existing record for trainer='john.doe'. Creating new document.
2026-05-26 01:02:09 [main] [txId=8fb30799-566e-4424-85b1-44a528ac22cc] INFO  c.e.w.service.TrainerWorkloadService - [TX:8fb30799-566e-4424-85b1-44a528ac22cc] ADD: trainer='john.doe' 2024/3 -> new duration=60
2026-05-26 01:02:09 [main] [txId=8fb30799-566e-4424-85b1-44a528ac22cc] DEBUG c.e.w.service.TrainerWorkloadService - [TX:8fb30799-566e-4424-85b1-44a528ac22cc] Saved trainer summary for username='john.doe'
2026-05-26 01:02:09 [main] [txId=8fb30799-566e-4424-85b1-44a528ac22cc] INFO  c.e.w.c.TrainerWorkloadController - Workload updated successfully for trainer 'john.doe', transactionId=8fb30799-566e-4424-85b1-44a528ac22cc
2026-05-26 01:02:09 [main] [txId=8fb30799-566e-4424-85b1-44a528ac22cc] INFO  c.e.w.l.TransactionLoggingFilter - [TRANSACTION] endpoint=/api/trainer-workload status=200 transactionId=8fb30799-566e-4424-85b1-44a528ac22cc
2026-05-26 01:02:09 [main] [txId=586da898-a578-42ca-92b5-f721a78544b9] INFO  c.e.w.l.TransactionLoggingFilter - [TRANSACTION] endpoint=/api/trainer-workload method=POST transactionId=586da898-a578-42ca-92b5-f721a78544b9
2026-05-26 01:02:09 [main] [txId=586da898-a578-42ca-92b5-f721a78544b9] INFO  c.e.w.c.TrainerWorkloadController - Updating workload for trainer 'jane.smith', action=ADD
2026-05-26 01:02:09 [main] [txId=586da898-a578-42ca-92b5-f721a78544b9] INFO  c.e.w.service.TrainerWorkloadService - [TX:586da898-a578-42ca-92b5-f721a78544b9] Processing workload for trainer='jane.smith', year=2024, month=3, duration=60, action=ADD
2026-05-26 01:02:09 [main] [txId=586da898-a578-42ca-92b5-f721a78544b9] DEBUG c.e.w.service.TrainerWorkloadService - [TX:586da898-a578-42ca-92b5-f721a78544b9] Lookup by username='jane.smith': found=false
2026-05-26 01:02:09 [main] [txId=586da898-a578-42ca-92b5-f721a78544b9] INFO  c.e.w.service.TrainerWorkloadService - [TX:586da898-a578-42ca-92b5-f721a78544b9] No existing record for trainer='jane.smith'. Creating new document.
2026-05-26 01:02:09 [main] [txId=586da898-a578-42ca-92b5-f721a78544b9] INFO  c.e.w.service.TrainerWorkloadService - [TX:586da898-a578-42ca-92b5-f721a78544b9] ADD: trainer='jane.smith' 2024/3 -> new duration=60
2026-05-26 01:02:09 [main] [txId=586da898-a578-42ca-92b5-f721a78544b9] DEBUG c.e.w.service.TrainerWorkloadService - [TX:586da898-a578-42ca-92b5-f721a78544b9] Saved trainer summary for username='jane.smith'
2026-05-26 01:02:09 [main] [txId=586da898-a578-42ca-92b5-f721a78544b9] INFO  c.e.w.c.TrainerWorkloadController - Workload updated successfully for trainer 'jane.smith', transactionId=586da898-a578-42ca-92b5-f721a78544b9
2026-05-26 01:02:09 [main] [txId=586da898-a578-42ca-92b5-f721a78544b9] INFO  c.e.w.l.TransactionLoggingFilter - [TRANSACTION] endpoint=/api/trainer-workload status=200 transactionId=586da898-a578-42ca-92b5-f721a78544b9
2026-05-26 01:02:09 [main] [txId=1eb251b3-8386-460c-aa6d-3947321cb1a1] INFO  c.e.w.l.TransactionLoggingFilter - [TRANSACTION] endpoint=/api/trainer-workload method=POST transactionId=1eb251b3-8386-460c-aa6d-3947321cb1a1
2026-05-26 01:02:09 [main] [txId=1eb251b3-8386-460c-aa6d-3947321cb1a1] INFO  c.e.w.c.TrainerWorkloadController - Updating workload for trainer 'jane.smith', action=ADD
2026-05-26 01:02:09 [main] [txId=1eb251b3-8386-460c-aa6d-3947321cb1a1] INFO  c.e.w.service.TrainerWorkloadService - [TX:1eb251b3-8386-460c-aa6d-3947321cb1a1] Processing workload for trainer='jane.smith', year=2024, month=3, duration=30, action=ADD
2026-05-26 01:02:09 [main] [txId=1eb251b3-8386-460c-aa6d-3947321cb1a1] DEBUG c.e.w.service.TrainerWorkloadService - [TX:1eb251b3-8386-460c-aa6d-3947321cb1a1] Lookup by username='jane.smith': found=true
2026-05-26 01:02:09 [main] [txId=1eb251b3-8386-460c-aa6d-3947321cb1a1] INFO  c.e.w.service.TrainerWorkloadService - [TX:1eb251b3-8386-460c-aa6d-3947321cb1a1] ADD: trainer='jane.smith' 2024/3 -> new duration=90
2026-05-26 01:02:09 [main] [txId=1eb251b3-8386-460c-aa6d-3947321cb1a1] DEBUG c.e.w.service.TrainerWorkloadService - [TX:1eb251b3-8386-460c-aa6d-3947321cb1a1] Saved trainer summary for username='jane.smith'
2026-05-26 01:02:09 [main] [txId=1eb251b3-8386-460c-aa6d-3947321cb1a1] INFO  c.e.w.c.TrainerWorkloadController - Workload updated successfully for trainer 'jane.smith', transactionId=1eb251b3-8386-460c-aa6d-3947321cb1a1
2026-05-26 01:02:09 [main] [txId=1eb251b3-8386-460c-aa6d-3947321cb1a1] INFO  c.e.w.l.TransactionLoggingFilter - [TRANSACTION] endpoint=/api/trainer-workload status=200 transactionId=1eb251b3-8386-460c-aa6d-3947321cb1a1
2026-05-26 01:02:09 [main] [txId=439ee8f3-6a12-4fc5-b956-e04485e4acbe] INFO  c.e.w.l.TransactionLoggingFilter - [TRANSACTION] endpoint=/api/trainer-workload/jane.smith method=GET transactionId=439ee8f3-6a12-4fc5-b956-e04485e4acbe
2026-05-26 01:02:09 [main] [txId=439ee8f3-6a12-4fc5-b956-e04485e4acbe] INFO  c.e.w.c.TrainerWorkloadController - Fetching workload summary for trainer 'jane.smith'
2026-05-26 01:02:09 [main] [txId=439ee8f3-6a12-4fc5-b956-e04485e4acbe] DEBUG c.e.w.service.TrainerWorkloadService - [TX:439ee8f3-6a12-4fc5-b956-e04485e4acbe] Fetching summary for trainer='jane.smith'
2026-05-26 01:02:09 [main] [txId=439ee8f3-6a12-4fc5-b956-e04485e4acbe] INFO  c.e.w.service.TrainerWorkloadService - [TX:439ee8f3-6a12-4fc5-b956-e04485e4acbe] Summary found for trainer='jane.smith'
2026-05-26 01:02:09 [main] [txId=439ee8f3-6a12-4fc5-b956-e04485e4acbe] INFO  c.e.w.c.TrainerWorkloadController - Summary retrieved for trainer 'jane.smith', transactionId=439ee8f3-6a12-4fc5-b956-e04485e4acbe
2026-05-26 01:02:09 [main] [txId=439ee8f3-6a12-4fc5-b956-e04485e4acbe] INFO  c.e.w.l.TransactionLoggingFilter - [TRANSACTION] endpoint=/api/trainer-workload/jane.smith status=200 transactionId=439ee8f3-6a12-4fc5-b956-e04485e4acbe
2026-05-26 01:02:09 [main] [txId=a666e771-741a-4d60-9815-53710691ff62] INFO  c.e.w.l.TransactionLoggingFilter - [TRANSACTION] endpoint=/api/trainer-workload method=POST transactionId=a666e771-741a-4d60-9815-53710691ff62
2026-05-26 01:02:09 [main] [txId=a666e771-741a-4d60-9815-53710691ff62] INFO  c.e.w.c.TrainerWorkloadController - Updating workload for trainer 'bob.jones', action=ADD
2026-05-26 01:02:09 [main] [txId=a666e771-741a-4d60-9815-53710691ff62] INFO  c.e.w.service.TrainerWorkloadService - [TX:a666e771-741a-4d60-9815-53710691ff62] Processing workload for trainer='bob.jones', year=2024, month=4, duration=120, action=ADD
2026-05-26 01:02:09 [main] [txId=a666e771-741a-4d60-9815-53710691ff62] DEBUG c.e.w.service.TrainerWorkloadService - [TX:a666e771-741a-4d60-9815-53710691ff62] Lookup by username='bob.jones': found=false
2026-05-26 01:02:09 [main] [txId=a666e771-741a-4d60-9815-53710691ff62] INFO  c.e.w.service.TrainerWorkloadService - [TX:a666e771-741a-4d60-9815-53710691ff62] No existing record for trainer='bob.jones'. Creating new document.
2026-05-26 01:02:09 [main] [txId=a666e771-741a-4d60-9815-53710691ff62] INFO  c.e.w.service.TrainerWorkloadService - [TX:a666e771-741a-4d60-9815-53710691ff62] ADD: trainer='bob.jones' 2024/4 -> new duration=120
2026-05-26 01:02:09 [main] [txId=a666e771-741a-4d60-9815-53710691ff62] DEBUG c.e.w.service.TrainerWorkloadService - [TX:a666e771-741a-4d60-9815-53710691ff62] Saved trainer summary for username='bob.jones'
2026-05-26 01:02:09 [main] [txId=a666e771-741a-4d60-9815-53710691ff62] INFO  c.e.w.c.TrainerWorkloadController - Workload updated successfully for trainer 'bob.jones', transactionId=a666e771-741a-4d60-9815-53710691ff62
2026-05-26 01:02:09 [main] [txId=a666e771-741a-4d60-9815-53710691ff62] INFO  c.e.w.l.TransactionLoggingFilter - [TRANSACTION] endpoint=/api/trainer-workload status=200 transactionId=a666e771-741a-4d60-9815-53710691ff62
2026-05-26 01:02:09 [main] [txId=bae3d17d-52b8-4c5a-955b-f32ac783f538] INFO  c.e.w.l.TransactionLoggingFilter - [TRANSACTION] endpoint=/api/trainer-workload method=POST transactionId=bae3d17d-52b8-4c5a-955b-f32ac783f538
2026-05-26 01:02:09 [main] [txId=bae3d17d-52b8-4c5a-955b-f32ac783f538] INFO  c.e.w.c.TrainerWorkloadController - Updating workload for trainer 'bob.jones', action=DELETE
2026-05-26 01:02:09 [main] [txId=bae3d17d-52b8-4c5a-955b-f32ac783f538] INFO  c.e.w.service.TrainerWorkloadService - [TX:bae3d17d-52b8-4c5a-955b-f32ac783f538] Processing workload for trainer='bob.jones', year=2024, month=4, duration=60, action=DELETE
2026-05-26 01:02:09 [main] [txId=bae3d17d-52b8-4c5a-955b-f32ac783f538] DEBUG c.e.w.service.TrainerWorkloadService - [TX:bae3d17d-52b8-4c5a-955b-f32ac783f538] Lookup by username='bob.jones': found=true
2026-05-26 01:02:09 [main] [txId=bae3d17d-52b8-4c5a-955b-f32ac783f538] INFO  c.e.w.service.TrainerWorkloadService - [TX:bae3d17d-52b8-4c5a-955b-f32ac783f538] DELETE: trainer='bob.jones' 2024/4 -> new duration=60
2026-05-26 01:02:09 [main] [txId=bae3d17d-52b8-4c5a-955b-f32ac783f538] DEBUG c.e.w.service.TrainerWorkloadService - [TX:bae3d17d-52b8-4c5a-955b-f32ac783f538] Saved trainer summary for username='bob.jones'
2026-05-26 01:02:09 [main] [txId=bae3d17d-52b8-4c5a-955b-f32ac783f538] INFO  c.e.w.c.TrainerWorkloadController - Workload updated successfully for trainer 'bob.jones', transactionId=bae3d17d-52b8-4c5a-955b-f32ac783f538
2026-05-26 01:02:09 [main] [txId=bae3d17d-52b8-4c5a-955b-f32ac783f538] INFO  c.e.w.l.TransactionLoggingFilter - [TRANSACTION] endpoint=/api/trainer-workload status=200 transactionId=bae3d17d-52b8-4c5a-955b-f32ac783f538
2026-05-26 01:02:09 [main] [txId=e9262182-0730-4f76-a495-f74bfac06e59] INFO  c.e.w.l.TransactionLoggingFilter - [TRANSACTION] endpoint=/api/trainer-workload/bob.jones method=GET transactionId=e9262182-0730-4f76-a495-f74bfac06e59
2026-05-26 01:02:09 [main] [txId=e9262182-0730-4f76-a495-f74bfac06e59] INFO  c.e.w.c.TrainerWorkloadController - Fetching workload summary for trainer 'bob.jones'
2026-05-26 01:02:09 [main] [txId=e9262182-0730-4f76-a495-f74bfac06e59] DEBUG c.e.w.service.TrainerWorkloadService - [TX:e9262182-0730-4f76-a495-f74bfac06e59] Fetching summary for trainer='bob.jones'
2026-05-26 01:02:09 [main] [txId=e9262182-0730-4f76-a495-f74bfac06e59] INFO  c.e.w.service.TrainerWorkloadService - [TX:e9262182-0730-4f76-a495-f74bfac06e59] Summary found for trainer='bob.jones'
2026-05-26 01:02:09 [main] [txId=e9262182-0730-4f76-a495-f74bfac06e59] INFO  c.e.w.c.TrainerWorkloadController - Summary retrieved for trainer 'bob.jones', transactionId=e9262182-0730-4f76-a495-f74bfac06e59
2026-05-26 01:02:09 [main] [txId=e9262182-0730-4f76-a495-f74bfac06e59] INFO  c.e.w.l.TransactionLoggingFilter - [TRANSACTION] endpoint=/api/trainer-workload/bob.jones status=200 transactionId=e9262182-0730-4f76-a495-f74bfac06e59
2026-05-26 01:02:09 [main] [txId=676b410a-c6a5-470a-9232-9deadd3d7ce0] INFO  c.e.w.l.TransactionLoggingFilter - [TRANSACTION] endpoint=/api/trainer-workload method=POST transactionId=676b410a-c6a5-470a-9232-9deadd3d7ce0
2026-05-26 01:02:09 [main] [txId=676b410a-c6a5-470a-9232-9deadd3d7ce0] INFO  c.e.w.c.TrainerWorkloadController - Updating workload for trainer 'neg.test', action=ADD
2026-05-26 01:02:09 [main] [txId=676b410a-c6a5-470a-9232-9deadd3d7ce0] INFO  c.e.w.service.TrainerWorkloadService - [TX:676b410a-c6a5-470a-9232-9deadd3d7ce0] Processing workload for trainer='neg.test', year=2024, month=5, duration=10, action=ADD
2026-05-26 01:02:09 [main] [txId=676b410a-c6a5-470a-9232-9deadd3d7ce0] DEBUG c.e.w.service.TrainerWorkloadService - [TX:676b410a-c6a5-470a-9232-9deadd3d7ce0] Lookup by username='neg.test': found=false
2026-05-26 01:02:09 [main] [txId=676b410a-c6a5-470a-9232-9deadd3d7ce0] INFO  c.e.w.service.TrainerWorkloadService - [TX:676b410a-c6a5-470a-9232-9deadd3d7ce0] No existing record for trainer='neg.test'. Creating new document.
2026-05-26 01:02:09 [main] [txId=676b410a-c6a5-470a-9232-9deadd3d7ce0] INFO  c.e.w.service.TrainerWorkloadService - [TX:676b410a-c6a5-470a-9232-9deadd3d7ce0] ADD: trainer='neg.test' 2024/5 -> new duration=10
2026-05-26 01:02:09 [main] [txId=676b410a-c6a5-470a-9232-9deadd3d7ce0] DEBUG c.e.w.service.TrainerWorkloadService - [TX:676b410a-c6a5-470a-9232-9deadd3d7ce0] Saved trainer summary for username='neg.test'
2026-05-26 01:02:09 [main] [txId=676b410a-c6a5-470a-9232-9deadd3d7ce0] INFO  c.e.w.c.TrainerWorkloadController - Workload updated successfully for trainer 'neg.test', transactionId=676b410a-c6a5-470a-9232-9deadd3d7ce0
2026-05-26 01:02:09 [main] [txId=676b410a-c6a5-470a-9232-9deadd3d7ce0] INFO  c.e.w.l.TransactionLoggingFilter - [TRANSACTION] endpoint=/api/trainer-workload status=200 transactionId=676b410a-c6a5-470a-9232-9deadd3d7ce0
2026-05-26 01:02:09 [main] [txId=82a92f86-e970-4e67-8e92-150f2843c2b3] INFO  c.e.w.l.TransactionLoggingFilter - [TRANSACTION] endpoint=/api/trainer-workload method=POST transactionId=82a92f86-e970-4e67-8e92-150f2843c2b3
2026-05-26 01:02:09 [main] [txId=82a92f86-e970-4e67-8e92-150f2843c2b3] INFO  c.e.w.c.TrainerWorkloadController - Updating workload for trainer 'neg.test', action=DELETE
2026-05-26 01:02:09 [main] [txId=82a92f86-e970-4e67-8e92-150f2843c2b3] INFO  c.e.w.service.TrainerWorkloadService - [TX:82a92f86-e970-4e67-8e92-150f2843c2b3] Processing workload for trainer='neg.test', year=2024, month=5, duration=50, action=DELETE
2026-05-26 01:02:09 [main] [txId=82a92f86-e970-4e67-8e92-150f2843c2b3] DEBUG c.e.w.service.TrainerWorkloadService - [TX:82a92f86-e970-4e67-8e92-150f2843c2b3] Lookup by username='neg.test': found=true
2026-05-26 01:02:09 [main] [txId=82a92f86-e970-4e67-8e92-150f2843c2b3] INFO  c.e.w.service.TrainerWorkloadService - [TX:82a92f86-e970-4e67-8e92-150f2843c2b3] DELETE: trainer='neg.test' 2024/5 -> new duration=0
2026-05-26 01:02:09 [main] [txId=82a92f86-e970-4e67-8e92-150f2843c2b3] DEBUG c.e.w.service.TrainerWorkloadService - [TX:82a92f86-e970-4e67-8e92-150f2843c2b3] Saved trainer summary for username='neg.test'
2026-05-26 01:02:09 [main] [txId=82a92f86-e970-4e67-8e92-150f2843c2b3] INFO  c.e.w.c.TrainerWorkloadController - Workload updated successfully for trainer 'neg.test', transactionId=82a92f86-e970-4e67-8e92-150f2843c2b3
2026-05-26 01:02:09 [main] [txId=82a92f86-e970-4e67-8e92-150f2843c2b3] INFO  c.e.w.l.TransactionLoggingFilter - [TRANSACTION] endpoint=/api/trainer-workload status=200 transactionId=82a92f86-e970-4e67-8e92-150f2843c2b3
2026-05-26 01:02:09 [main] [txId=71cae0a1-62e5-40b7-b8f0-39435fbdc6e3] INFO  c.e.w.l.TransactionLoggingFilter - [TRANSACTION] endpoint=/api/trainer-workload/neg.test method=GET transactionId=71cae0a1-62e5-40b7-b8f0-39435fbdc6e3
2026-05-26 01:02:09 [main] [txId=71cae0a1-62e5-40b7-b8f0-39435fbdc6e3] INFO  c.e.w.c.TrainerWorkloadController - Fetching workload summary for trainer 'neg.test'
2026-05-26 01:02:09 [main] [txId=71cae0a1-62e5-40b7-b8f0-39435fbdc6e3] DEBUG c.e.w.service.TrainerWorkloadService - [TX:71cae0a1-62e5-40b7-b8f0-39435fbdc6e3] Fetching summary for trainer='neg.test'
2026-05-26 01:02:09 [main] [txId=71cae0a1-62e5-40b7-b8f0-39435fbdc6e3] INFO  c.e.w.service.TrainerWorkloadService - [TX:71cae0a1-62e5-40b7-b8f0-39435fbdc6e3] Summary found for trainer='neg.test'
2026-05-26 01:02:09 [main] [txId=71cae0a1-62e5-40b7-b8f0-39435fbdc6e3] INFO  c.e.w.c.TrainerWorkloadController - Summary retrieved for trainer 'neg.test', transactionId=71cae0a1-62e5-40b7-b8f0-39435fbdc6e3
2026-05-26 01:02:09 [main] [txId=71cae0a1-62e5-40b7-b8f0-39435fbdc6e3] INFO  c.e.w.l.TransactionLoggingFilter - [TRANSACTION] endpoint=/api/trainer-workload/neg.test status=200 transactionId=71cae0a1-62e5-40b7-b8f0-39435fbdc6e3
2026-05-26 01:02:09 [main] [txId=3eb045a6-22fe-409a-a9ad-869be7f457ae] INFO  c.e.w.l.TransactionLoggingFilter - [TRANSACTION] endpoint=/api/trainer-workload method=POST transactionId=3eb045a6-22fe-409a-a9ad-869be7f457ae
2026-05-26 01:02:09 [main] [txId=3eb045a6-22fe-409a-a9ad-869be7f457ae] INFO  c.e.w.c.TrainerWorkloadController - Updating workload for trainer 'alice.trainer', action=ADD
2026-05-26 01:02:09 [main] [txId=3eb045a6-22fe-409a-a9ad-869be7f457ae] INFO  c.e.w.service.TrainerWorkloadService - [TX:3eb045a6-22fe-409a-a9ad-869be7f457ae] Processing workload for trainer='alice.trainer', year=2024, month=6, duration=45, action=ADD
2026-05-26 01:02:09 [main] [txId=3eb045a6-22fe-409a-a9ad-869be7f457ae] DEBUG c.e.w.service.TrainerWorkloadService - [TX:3eb045a6-22fe-409a-a9ad-869be7f457ae] Lookup by username='alice.trainer': found=false
2026-05-26 01:02:09 [main] [txId=3eb045a6-22fe-409a-a9ad-869be7f457ae] INFO  c.e.w.service.TrainerWorkloadService - [TX:3eb045a6-22fe-409a-a9ad-869be7f457ae] No existing record for trainer='alice.trainer'. Creating new document.
2026-05-26 01:02:09 [main] [txId=3eb045a6-22fe-409a-a9ad-869be7f457ae] INFO  c.e.w.service.TrainerWorkloadService - [TX:3eb045a6-22fe-409a-a9ad-869be7f457ae] ADD: trainer='alice.trainer' 2024/6 -> new duration=45
2026-05-26 01:02:09 [main] [txId=3eb045a6-22fe-409a-a9ad-869be7f457ae] DEBUG c.e.w.service.TrainerWorkloadService - [TX:3eb045a6-22fe-409a-a9ad-869be7f457ae] Saved trainer summary for username='alice.trainer'
2026-05-26 01:02:09 [main] [txId=3eb045a6-22fe-409a-a9ad-869be7f457ae] INFO  c.e.w.c.TrainerWorkloadController - Workload updated successfully for trainer 'alice.trainer', transactionId=3eb045a6-22fe-409a-a9ad-869be7f457ae
2026-05-26 01:02:09 [main] [txId=3eb045a6-22fe-409a-a9ad-869be7f457ae] INFO  c.e.w.l.TransactionLoggingFilter - [TRANSACTION] endpoint=/api/trainer-workload status=200 transactionId=3eb045a6-22fe-409a-a9ad-869be7f457ae
2026-05-26 01:02:09 [main] [txId=d345756b-c343-4269-bf43-3952c5cfad98] INFO  c.e.w.l.TransactionLoggingFilter - [TRANSACTION] endpoint=/api/trainer-workload/alice.trainer method=GET transactionId=d345756b-c343-4269-bf43-3952c5cfad98
2026-05-26 01:02:09 [main] [txId=d345756b-c343-4269-bf43-3952c5cfad98] INFO  c.e.w.c.TrainerWorkloadController - Fetching workload summary for trainer 'alice.trainer'
2026-05-26 01:02:09 [main] [txId=d345756b-c343-4269-bf43-3952c5cfad98] DEBUG c.e.w.service.TrainerWorkloadService - [TX:d345756b-c343-4269-bf43-3952c5cfad98] Fetching summary for trainer='alice.trainer'
2026-05-26 01:02:09 [main] [txId=d345756b-c343-4269-bf43-3952c5cfad98] INFO  c.e.w.service.TrainerWorkloadService - [TX:d345756b-c343-4269-bf43-3952c5cfad98] Summary found for trainer='alice.trainer'
2026-05-26 01:02:09 [main] [txId=d345756b-c343-4269-bf43-3952c5cfad98] INFO  c.e.w.c.TrainerWorkloadController - Summary retrieved for trainer 'alice.trainer', transactionId=d345756b-c343-4269-bf43-3952c5cfad98
2026-05-26 01:02:09 [main] [txId=d345756b-c343-4269-bf43-3952c5cfad98] INFO  c.e.w.l.TransactionLoggingFilter - [TRANSACTION] endpoint=/api/trainer-workload/alice.trainer status=200 transactionId=d345756b-c343-4269-bf43-3952c5cfad98
2026-05-26 01:02:09 [main] [txId=f91c4b7a-6002-489d-a2ee-95f6c5598656] INFO  c.e.w.l.TransactionLoggingFilter - [TRANSACTION] endpoint=/api/trainer-workload/nobody.here method=GET transactionId=f91c4b7a-6002-489d-a2ee-95f6c5598656
2026-05-26 01:02:09 [main] [txId=f91c4b7a-6002-489d-a2ee-95f6c5598656] INFO  c.e.w.c.TrainerWorkloadController - Fetching workload summary for trainer 'nobody.here'
2026-05-26 01:02:09 [main] [txId=f91c4b7a-6002-489d-a2ee-95f6c5598656] DEBUG c.e.w.service.TrainerWorkloadService - [TX:f91c4b7a-6002-489d-a2ee-95f6c5598656] Fetching summary for trainer='nobody.here'
2026-05-26 01:02:09 [main] [txId=f91c4b7a-6002-489d-a2ee-95f6c5598656] WARN  c.e.w.service.TrainerWorkloadService - [TX:f91c4b7a-6002-489d-a2ee-95f6c5598656] No summary found for trainer='nobody.here'
2026-05-26 01:02:09 [main] [txId=f91c4b7a-6002-489d-a2ee-95f6c5598656] WARN  c.e.w.c.TrainerWorkloadController - No summary found for trainer 'nobody.here'
2026-05-26 01:02:09 [main] [txId=f91c4b7a-6002-489d-a2ee-95f6c5598656] INFO  c.e.w.l.TransactionLoggingFilter - [TRANSACTION] endpoint=/api/trainer-workload/nobody.here status=404 transactionId=f91c4b7a-6002-489d-a2ee-95f6c5598656
2026-05-26 01:02:09 [SpringApplicationShutdownHook] [txId=] ERROR d.f.embed.mongo.runtime.Mongod - Got some response, should be an error message
2026-05-26 01:02:36 [main] [txId=] INFO  c.e.w.c.c.CucumberWorkloadConfig - Starting CucumberWorkloadConfig using Java 17.0.18 with PID 69217 (started by mariagevorgyan in /Users/mariagevorgyan/Documents/Epam_Task1_Spring/trainer-workload-service)
2026-05-26 01:02:36 [main] [txId=] DEBUG c.e.w.c.c.CucumberWorkloadConfig - Running with Spring Boot v3.2.0, Spring v6.1.1
2026-05-26 01:02:36 [main] [txId=] INFO  c.e.w.c.c.CucumberWorkloadConfig - The following 1 profile is active: "test"
2026-05-26 01:02:36 [main] [txId=] WARN  o.s.c.s.PostProcessorRegistrationDelegate$BeanPostProcessorChecker - Bean 'de.flapdoodle.embed.mongo.spring.autoconfigure.EmbeddedMongoAutoConfiguration' of type [de.flapdoodle.embed.mongo.spring.autoconfigure.EmbeddedMongoAutoConfiguration] is not eligible for getting processed by all BeanPostProcessors (for example: not eligible for auto-proxying). The currently created BeanPostProcessor [fixTransactionAndAuth] is declared through a non-static factory method on that class; consider declaring it as static instead.
2026-05-26 01:02:36 [main] [txId=] WARN  o.s.c.s.PostProcessorRegistrationDelegate$BeanPostProcessorChecker - Bean 'org.springframework.cloud.commons.config.CommonsConfigAutoConfiguration' of type [org.springframework.cloud.commons.config.CommonsConfigAutoConfiguration] is not eligible for getting processed by all BeanPostProcessors (for example: not eligible for auto-proxying). Is this bean getting eagerly injected into a currently created BeanPostProcessor [fixTransactionAndAuth]? Check the corresponding BeanPostProcessor declaration and its dependencies.
2026-05-26 01:02:36 [main] [txId=] WARN  o.s.c.s.PostProcessorRegistrationDelegate$BeanPostProcessorChecker - Bean 'org.springframework.cloud.client.loadbalancer.LoadBalancerDefaultMappingsProviderAutoConfiguration' of type [org.springframework.cloud.client.loadbalancer.LoadBalancerDefaultMappingsProviderAutoConfiguration] is not eligible for getting processed by all BeanPostProcessors (for example: not eligible for auto-proxying). Is this bean getting eagerly injected into a currently created BeanPostProcessor [fixTransactionAndAuth]? Check the corresponding BeanPostProcessor declaration and its dependencies.
2026-05-26 01:02:36 [main] [txId=] WARN  o.s.c.s.PostProcessorRegistrationDelegate$BeanPostProcessorChecker - Bean 'loadBalancerClientsDefaultsMappingsProvider' of type [org.springframework.cloud.client.loadbalancer.LoadBalancerDefaultMappingsProviderAutoConfiguration$$Lambda$1439/0x000000700170c8b0] is not eligible for getting processed by all BeanPostProcessors (for example: not eligible for auto-proxying). Is this bean getting eagerly injected into a currently created BeanPostProcessor [fixTransactionAndAuth]? Check the corresponding BeanPostProcessor declaration and its dependencies.
2026-05-26 01:02:36 [main] [txId=] WARN  o.s.c.s.PostProcessorRegistrationDelegate$BeanPostProcessorChecker - Bean 'defaultsBindHandlerAdvisor' of type [org.springframework.cloud.commons.config.DefaultsBindHandlerAdvisor] is not eligible for getting processed by all BeanPostProcessors (for example: not eligible for auto-proxying). Is this bean getting eagerly injected into a currently created BeanPostProcessor [fixTransactionAndAuth]? Check the corresponding BeanPostProcessor declaration and its dependencies.
2026-05-26 01:02:36 [main] [txId=] WARN  o.s.c.s.PostProcessorRegistrationDelegate$BeanPostProcessorChecker - Bean 'de.flapdoodle.mongodb.embedded-de.flapdoodle.embed.mongo.spring.autoconfigure.EmbeddedMongoProperties' of type [de.flapdoodle.embed.mongo.spring.autoconfigure.EmbeddedMongoProperties] is not eligible for getting processed by all BeanPostProcessors (for example: not eligible for auto-proxying). Is this bean getting eagerly injected into a currently created BeanPostProcessor [fixTransactionAndAuth]? Check the corresponding BeanPostProcessor declaration and its dependencies.
2026-05-26 01:02:36 [main] [txId=] WARN  o.s.c.s.PostProcessorRegistrationDelegate$BeanPostProcessorChecker - Bean 'net' of type [de.flapdoodle.embed.mongo.config.ImmutableNet] is not eligible for getting processed by all BeanPostProcessors (for example: not eligible for auto-proxying). Is this bean getting eagerly injected into a currently created BeanPostProcessor [fixTransactionAndAuth]? Check the corresponding BeanPostProcessor declaration and its dependencies.
2026-05-26 01:02:36 [main] [txId=] WARN  o.s.c.s.PostProcessorRegistrationDelegate$BeanPostProcessorChecker - Bean 'spring.data.mongodb-org.springframework.boot.autoconfigure.mongo.MongoProperties' of type [org.springframework.boot.autoconfigure.mongo.MongoProperties] is not eligible for getting processed by all BeanPostProcessors (for example: not eligible for auto-proxying). Is this bean getting eagerly injected into a currently created BeanPostProcessor [fixTransactionAndAuth]? Check the corresponding BeanPostProcessor declaration and its dependencies.
2026-05-26 01:02:36 [main] [txId=] WARN  o.s.c.s.PostProcessorRegistrationDelegate$BeanPostProcessorChecker - Bean 'org.springframework.cloud.client.loadbalancer.LoadBalancerAutoConfiguration$LoadBalancerInterceptorConfig' of type [org.springframework.cloud.client.loadbalancer.LoadBalancerAutoConfiguration$LoadBalancerInterceptorConfig] is not eligible for getting processed by all BeanPostProcessors (for example: not eligible for auto-proxying). The currently created BeanPostProcessor [lbRestClientPostProcessor] is declared through a non-static factory method on that class; consider declaring it as static instead.
2026-05-26 01:02:36 [main] [txId=] WARN  o.s.c.s.PostProcessorRegistrationDelegate$BeanPostProcessorChecker - Bean 'org.springframework.cloud.loadbalancer.config.BlockingLoadBalancerClientAutoConfiguration' of type [org.springframework.cloud.loadbalancer.config.BlockingLoadBalancerClientAutoConfiguration] is not eligible for getting processed by all BeanPostProcessors (for example: not eligible for auto-proxying). Is this bean getting eagerly injected into a currently created BeanPostProcessor [lbRestClientPostProcessor]? Check the corresponding BeanPostProcessor declaration and its dependencies.
2026-05-26 01:02:36 [main] [txId=] WARN  o.s.c.s.PostProcessorRegistrationDelegate$BeanPostProcessorChecker - Bean 'org.springframework.cloud.loadbalancer.config.LoadBalancerAutoConfiguration' of type [org.springframework.cloud.loadbalancer.config.LoadBalancerAutoConfiguration] is not eligible for getting processed by all BeanPostProcessors (for example: not eligible for auto-proxying). Is this bean getting eagerly injected into a currently created BeanPostProcessor [lbRestClientPostProcessor]? Check the corresponding BeanPostProcessor declaration and its dependencies.
2026-05-26 01:02:36 [main] [txId=] WARN  o.s.c.s.PostProcessorRegistrationDelegate$BeanPostProcessorChecker - Bean 'spring.cloud.loadbalancer-org.springframework.cloud.client.loadbalancer.LoadBalancerClientsProperties' of type [org.springframework.cloud.client.loadbalancer.LoadBalancerClientsProperties] is not eligible for getting processed by all BeanPostProcessors (for example: not eligible for auto-proxying). Is this bean getting eagerly injected into a currently created BeanPostProcessor [lbRestClientPostProcessor]? Check the corresponding BeanPostProcessor declaration and its dependencies.
2026-05-26 01:02:36 [main] [txId=] WARN  o.s.c.s.PostProcessorRegistrationDelegate$BeanPostProcessorChecker - Bean 'default.org.springframework.cloud.loadbalancer.config.LoadBalancerAutoConfiguration.LoadBalancerClientSpecification' of type [org.springframework.cloud.loadbalancer.annotation.LoadBalancerClientSpecification] is not eligible for getting processed by all BeanPostProcessors (for example: not eligible for auto-proxying). Is this bean getting eagerly injected into a currently created BeanPostProcessor [lbRestClientPostProcessor]? Check the corresponding BeanPostProcessor declaration and its dependencies.
2026-05-26 01:02:36 [main] [txId=] WARN  o.s.c.s.PostProcessorRegistrationDelegate$BeanPostProcessorChecker - Bean 'default.org.springframework.cloud.loadbalancer.config.BlockingLoadBalancerClientAutoConfiguration.LoadBalancerClientSpecification' of type [org.springframework.cloud.loadbalancer.annotation.LoadBalancerClientSpecification] is not eligible for getting processed by all BeanPostProcessors (for example: not eligible for auto-proxying). Is this bean getting eagerly injected into a currently created BeanPostProcessor [lbRestClientPostProcessor]? Check the corresponding BeanPostProcessor declaration and its dependencies.
2026-05-26 01:02:36 [main] [txId=] WARN  o.s.c.s.PostProcessorRegistrationDelegate$BeanPostProcessorChecker - Bean 'loadBalancerClientFactory' of type [org.springframework.cloud.loadbalancer.support.LoadBalancerClientFactory] is not eligible for getting processed by all BeanPostProcessors (for example: not eligible for auto-proxying). Is this bean getting eagerly injected into a currently created BeanPostProcessor [lbRestClientPostProcessor]? Check the corresponding BeanPostProcessor declaration and its dependencies.
2026-05-26 01:02:36 [main] [txId=] WARN  o.s.c.s.PostProcessorRegistrationDelegate$BeanPostProcessorChecker - Bean 'blockingLoadBalancerClient' of type [org.springframework.cloud.loadbalancer.blocking.client.BlockingLoadBalancerClient] is not eligible for getting processed by all BeanPostProcessors (for example: not eligible for auto-proxying). Is this bean getting eagerly injected into a currently created BeanPostProcessor [lbRestClientPostProcessor]? Check the corresponding BeanPostProcessor declaration and its dependencies.
2026-05-26 01:02:36 [main] [txId=] WARN  o.s.c.s.PostProcessorRegistrationDelegate$BeanPostProcessorChecker - Bean 'loadBalancerServiceInstanceCookieTransformer' of type [org.springframework.cloud.loadbalancer.core.LoadBalancerServiceInstanceCookieTransformer] is not eligible for getting processed by all BeanPostProcessors (for example: not eligible for auto-proxying). Is this bean getting eagerly injected into a currently created BeanPostProcessor [lbRestClientPostProcessor]? Check the corresponding BeanPostProcessor declaration and its dependencies.
2026-05-26 01:02:36 [main] [txId=] WARN  o.s.c.s.PostProcessorRegistrationDelegate$BeanPostProcessorChecker - Bean 'xForwarderHeadersTransformer' of type [org.springframework.cloud.loadbalancer.blocking.XForwardedHeadersTransformer] is not eligible for getting processed by all BeanPostProcessors (for example: not eligible for auto-proxying). Is this bean getting eagerly injected into a currently created BeanPostProcessor [lbRestClientPostProcessor]? Check the corresponding BeanPostProcessor declaration and its dependencies.
2026-05-26 01:02:36 [main] [txId=] WARN  o.s.c.s.PostProcessorRegistrationDelegate$BeanPostProcessorChecker - Bean 'org.springframework.cloud.client.loadbalancer.LoadBalancerAutoConfiguration' of type [org.springframework.cloud.client.loadbalancer.LoadBalancerAutoConfiguration] is not eligible for getting processed by all BeanPostProcessors (for example: not eligible for auto-proxying). Is this bean getting eagerly injected into a currently created BeanPostProcessor [lbRestClientPostProcessor]? Check the corresponding BeanPostProcessor declaration and its dependencies.
2026-05-26 01:02:36 [main] [txId=] WARN  o.s.c.s.PostProcessorRegistrationDelegate$BeanPostProcessorChecker - Bean 'loadBalancerRequestFactory' of type [org.springframework.cloud.client.loadbalancer.LoadBalancerRequestFactory] is not eligible for getting processed by all BeanPostProcessors (for example: not eligible for auto-proxying). Is this bean getting eagerly injected into a currently created BeanPostProcessor [lbRestClientPostProcessor]? Check the corresponding BeanPostProcessor declaration and its dependencies.
2026-05-26 01:02:36 [main] [txId=] WARN  o.s.c.s.PostProcessorRegistrationDelegate$BeanPostProcessorChecker - Bean 'loadBalancerInterceptor' of type [org.springframework.cloud.client.loadbalancer.LoadBalancerInterceptor] is not eligible for getting processed by all BeanPostProcessors (for example: not eligible for auto-proxying). Is this bean getting eagerly injected into a currently created BeanPostProcessor [lbRestClientPostProcessor]? Check the corresponding BeanPostProcessor declaration and its dependencies.
2026-05-26 01:02:37 [main] [txId=] WARN  o.s.b.a.s.s.UserDetailsServiceAutoConfiguration - 

Using generated security password: 0344fbf8-0af8-4af9-8ff9-4c3ab8f9a7a0

This generated password is for development use only. Your security configuration must be updated before running your application in production.

2026-05-26 01:02:37 [main] [txId=] DEBUG c.e.w.l.TransactionLoggingFilter - Filter 'transactionLoggingFilter' configured for use
2026-05-26 01:02:37 [main] [txId=] DEBUG c.e.workload.security.JwtAuthFilter - Filter 'jwtAuthFilter' configured for use
2026-05-26 01:02:37 [main] [txId=] WARN  o.s.c.l.c.LoadBalancerCacheAutoConfiguration$LoadBalancerCaffeineWarnLogger - Spring Cloud LoadBalancer is currently working with the default cache. While this cache implementation is useful for development and tests, it's recommended to use Caffeine cache in production.You can switch to using Caffeine cache, by adding it and org.springframework.cache.caffeine.CaffeineCacheManager to the classpath.
2026-05-26 01:02:37 [main] [txId=] INFO  c.e.w.c.c.CucumberWorkloadConfig - Started CucumberWorkloadConfig in 1.806 seconds (process running for 2.641)
2026-05-26 01:02:37 [main] [txId=] WARN  o.s.w.s.h.HandlerMappingIntrospector - Cache miss for REQUEST dispatch to '/api/trainer-workload' (previous null). Performing CorsConfiguration lookup. This is logged once only at WARN level, and every time at TRACE.
2026-05-26 01:02:37 [main] [txId=a837b100-e3ec-4f0c-bb60-cd81d09863ef] INFO  c.e.w.l.TransactionLoggingFilter - [TRANSACTION] endpoint=/api/trainer-workload method=POST transactionId=a837b100-e3ec-4f0c-bb60-cd81d09863ef
2026-05-26 01:02:37 [main] [txId=a837b100-e3ec-4f0c-bb60-cd81d09863ef] INFO  c.e.w.c.TrainerWorkloadController - Updating workload for trainer 'john.doe', action=ADD
2026-05-26 01:02:37 [main] [txId=a837b100-e3ec-4f0c-bb60-cd81d09863ef] INFO  c.e.w.service.TrainerWorkloadService - [TX:a837b100-e3ec-4f0c-bb60-cd81d09863ef] Processing workload for trainer='john.doe', year=2024, month=3, duration=60, action=ADD
2026-05-26 01:02:37 [main] [txId=a837b100-e3ec-4f0c-bb60-cd81d09863ef] DEBUG c.e.w.service.TrainerWorkloadService - [TX:a837b100-e3ec-4f0c-bb60-cd81d09863ef] Lookup by username='john.doe': found=false
2026-05-26 01:02:37 [main] [txId=a837b100-e3ec-4f0c-bb60-cd81d09863ef] INFO  c.e.w.service.TrainerWorkloadService - [TX:a837b100-e3ec-4f0c-bb60-cd81d09863ef] No existing record for trainer='john.doe'. Creating new document.
2026-05-26 01:02:37 [main] [txId=a837b100-e3ec-4f0c-bb60-cd81d09863ef] INFO  c.e.w.service.TrainerWorkloadService - [TX:a837b100-e3ec-4f0c-bb60-cd81d09863ef] ADD: trainer='john.doe' 2024/3 -> new duration=60
2026-05-26 01:02:37 [main] [txId=a837b100-e3ec-4f0c-bb60-cd81d09863ef] DEBUG c.e.w.service.TrainerWorkloadService - [TX:a837b100-e3ec-4f0c-bb60-cd81d09863ef] Saved trainer summary for username='john.doe'
2026-05-26 01:02:37 [main] [txId=a837b100-e3ec-4f0c-bb60-cd81d09863ef] INFO  c.e.w.c.TrainerWorkloadController - Workload updated successfully for trainer 'john.doe', transactionId=a837b100-e3ec-4f0c-bb60-cd81d09863ef
2026-05-26 01:02:37 [main] [txId=a837b100-e3ec-4f0c-bb60-cd81d09863ef] INFO  c.e.w.l.TransactionLoggingFilter - [TRANSACTION] endpoint=/api/trainer-workload status=200 transactionId=a837b100-e3ec-4f0c-bb60-cd81d09863ef
2026-05-26 01:02:37 [main] [txId=03b01fa7-ad9e-4081-927f-6027c91e527d] INFO  c.e.w.l.TransactionLoggingFilter - [TRANSACTION] endpoint=/api/trainer-workload method=POST transactionId=03b01fa7-ad9e-4081-927f-6027c91e527d
2026-05-26 01:02:37 [main] [txId=03b01fa7-ad9e-4081-927f-6027c91e527d] INFO  c.e.w.c.TrainerWorkloadController - Updating workload for trainer 'jane.smith', action=ADD
2026-05-26 01:02:37 [main] [txId=03b01fa7-ad9e-4081-927f-6027c91e527d] INFO  c.e.w.service.TrainerWorkloadService - [TX:03b01fa7-ad9e-4081-927f-6027c91e527d] Processing workload for trainer='jane.smith', year=2024, month=3, duration=60, action=ADD
2026-05-26 01:02:37 [main] [txId=03b01fa7-ad9e-4081-927f-6027c91e527d] DEBUG c.e.w.service.TrainerWorkloadService - [TX:03b01fa7-ad9e-4081-927f-6027c91e527d] Lookup by username='jane.smith': found=false
2026-05-26 01:02:37 [main] [txId=03b01fa7-ad9e-4081-927f-6027c91e527d] INFO  c.e.w.service.TrainerWorkloadService - [TX:03b01fa7-ad9e-4081-927f-6027c91e527d] No existing record for trainer='jane.smith'. Creating new document.
2026-05-26 01:02:37 [main] [txId=03b01fa7-ad9e-4081-927f-6027c91e527d] INFO  c.e.w.service.TrainerWorkloadService - [TX:03b01fa7-ad9e-4081-927f-6027c91e527d] ADD: trainer='jane.smith' 2024/3 -> new duration=60
2026-05-26 01:02:37 [main] [txId=03b01fa7-ad9e-4081-927f-6027c91e527d] DEBUG c.e.w.service.TrainerWorkloadService - [TX:03b01fa7-ad9e-4081-927f-6027c91e527d] Saved trainer summary for username='jane.smith'
2026-05-26 01:02:37 [main] [txId=03b01fa7-ad9e-4081-927f-6027c91e527d] INFO  c.e.w.c.TrainerWorkloadController - Workload updated successfully for trainer 'jane.smith', transactionId=03b01fa7-ad9e-4081-927f-6027c91e527d
2026-05-26 01:02:37 [main] [txId=03b01fa7-ad9e-4081-927f-6027c91e527d] INFO  c.e.w.l.TransactionLoggingFilter - [TRANSACTION] endpoint=/api/trainer-workload status=200 transactionId=03b01fa7-ad9e-4081-927f-6027c91e527d
2026-05-26 01:02:37 [main] [txId=186ae5c2-369c-4d76-945c-2ab61b433c82] INFO  c.e.w.l.TransactionLoggingFilter - [TRANSACTION] endpoint=/api/trainer-workload method=POST transactionId=186ae5c2-369c-4d76-945c-2ab61b433c82
2026-05-26 01:02:37 [main] [txId=186ae5c2-369c-4d76-945c-2ab61b433c82] INFO  c.e.w.c.TrainerWorkloadController - Updating workload for trainer 'jane.smith', action=ADD
2026-05-26 01:02:37 [main] [txId=186ae5c2-369c-4d76-945c-2ab61b433c82] INFO  c.e.w.service.TrainerWorkloadService - [TX:186ae5c2-369c-4d76-945c-2ab61b433c82] Processing workload for trainer='jane.smith', year=2024, month=3, duration=30, action=ADD
2026-05-26 01:02:37 [main] [txId=186ae5c2-369c-4d76-945c-2ab61b433c82] DEBUG c.e.w.service.TrainerWorkloadService - [TX:186ae5c2-369c-4d76-945c-2ab61b433c82] Lookup by username='jane.smith': found=true
2026-05-26 01:02:37 [main] [txId=186ae5c2-369c-4d76-945c-2ab61b433c82] INFO  c.e.w.service.TrainerWorkloadService - [TX:186ae5c2-369c-4d76-945c-2ab61b433c82] ADD: trainer='jane.smith' 2024/3 -> new duration=90
2026-05-26 01:02:37 [main] [txId=186ae5c2-369c-4d76-945c-2ab61b433c82] DEBUG c.e.w.service.TrainerWorkloadService - [TX:186ae5c2-369c-4d76-945c-2ab61b433c82] Saved trainer summary for username='jane.smith'
2026-05-26 01:02:37 [main] [txId=186ae5c2-369c-4d76-945c-2ab61b433c82] INFO  c.e.w.c.TrainerWorkloadController - Workload updated successfully for trainer 'jane.smith', transactionId=186ae5c2-369c-4d76-945c-2ab61b433c82
2026-05-26 01:02:37 [main] [txId=186ae5c2-369c-4d76-945c-2ab61b433c82] INFO  c.e.w.l.TransactionLoggingFilter - [TRANSACTION] endpoint=/api/trainer-workload status=200 transactionId=186ae5c2-369c-4d76-945c-2ab61b433c82
2026-05-26 01:02:37 [main] [txId=2a8cc790-e4b2-4a08-a08e-30b06e9d34c9] INFO  c.e.w.l.TransactionLoggingFilter - [TRANSACTION] endpoint=/api/trainer-workload/jane.smith method=GET transactionId=2a8cc790-e4b2-4a08-a08e-30b06e9d34c9
2026-05-26 01:02:37 [main] [txId=2a8cc790-e4b2-4a08-a08e-30b06e9d34c9] INFO  c.e.w.c.TrainerWorkloadController - Fetching workload summary for trainer 'jane.smith'
2026-05-26 01:02:37 [main] [txId=2a8cc790-e4b2-4a08-a08e-30b06e9d34c9] DEBUG c.e.w.service.TrainerWorkloadService - [TX:2a8cc790-e4b2-4a08-a08e-30b06e9d34c9] Fetching summary for trainer='jane.smith'
2026-05-26 01:02:37 [main] [txId=2a8cc790-e4b2-4a08-a08e-30b06e9d34c9] INFO  c.e.w.service.TrainerWorkloadService - [TX:2a8cc790-e4b2-4a08-a08e-30b06e9d34c9] Summary found for trainer='jane.smith'
2026-05-26 01:02:37 [main] [txId=2a8cc790-e4b2-4a08-a08e-30b06e9d34c9] INFO  c.e.w.c.TrainerWorkloadController - Summary retrieved for trainer 'jane.smith', transactionId=2a8cc790-e4b2-4a08-a08e-30b06e9d34c9
2026-05-26 01:02:37 [main] [txId=2a8cc790-e4b2-4a08-a08e-30b06e9d34c9] INFO  c.e.w.l.TransactionLoggingFilter - [TRANSACTION] endpoint=/api/trainer-workload/jane.smith status=200 transactionId=2a8cc790-e4b2-4a08-a08e-30b06e9d34c9
2026-05-26 01:02:37 [main] [txId=69970ec6-4ac7-45a2-9474-4b03562c0fd3] INFO  c.e.w.l.TransactionLoggingFilter - [TRANSACTION] endpoint=/api/trainer-workload method=POST transactionId=69970ec6-4ac7-45a2-9474-4b03562c0fd3
2026-05-26 01:02:37 [main] [txId=69970ec6-4ac7-45a2-9474-4b03562c0fd3] INFO  c.e.w.c.TrainerWorkloadController - Updating workload for trainer 'bob.jones', action=ADD
2026-05-26 01:02:37 [main] [txId=69970ec6-4ac7-45a2-9474-4b03562c0fd3] INFO  c.e.w.service.TrainerWorkloadService - [TX:69970ec6-4ac7-45a2-9474-4b03562c0fd3] Processing workload for trainer='bob.jones', year=2024, month=4, duration=120, action=ADD
2026-05-26 01:02:37 [main] [txId=69970ec6-4ac7-45a2-9474-4b03562c0fd3] DEBUG c.e.w.service.TrainerWorkloadService - [TX:69970ec6-4ac7-45a2-9474-4b03562c0fd3] Lookup by username='bob.jones': found=false
2026-05-26 01:02:37 [main] [txId=69970ec6-4ac7-45a2-9474-4b03562c0fd3] INFO  c.e.w.service.TrainerWorkloadService - [TX:69970ec6-4ac7-45a2-9474-4b03562c0fd3] No existing record for trainer='bob.jones'. Creating new document.
2026-05-26 01:02:37 [main] [txId=69970ec6-4ac7-45a2-9474-4b03562c0fd3] INFO  c.e.w.service.TrainerWorkloadService - [TX:69970ec6-4ac7-45a2-9474-4b03562c0fd3] ADD: trainer='bob.jones' 2024/4 -> new duration=120
2026-05-26 01:02:37 [main] [txId=69970ec6-4ac7-45a2-9474-4b03562c0fd3] DEBUG c.e.w.service.TrainerWorkloadService - [TX:69970ec6-4ac7-45a2-9474-4b03562c0fd3] Saved trainer summary for username='bob.jones'
2026-05-26 01:02:37 [main] [txId=69970ec6-4ac7-45a2-9474-4b03562c0fd3] INFO  c.e.w.c.TrainerWorkloadController - Workload updated successfully for trainer 'bob.jones', transactionId=69970ec6-4ac7-45a2-9474-4b03562c0fd3
2026-05-26 01:02:37 [main] [txId=69970ec6-4ac7-45a2-9474-4b03562c0fd3] INFO  c.e.w.l.TransactionLoggingFilter - [TRANSACTION] endpoint=/api/trainer-workload status=200 transactionId=69970ec6-4ac7-45a2-9474-4b03562c0fd3
2026-05-26 01:02:37 [main] [txId=a9e841af-c2b8-49d4-869e-627ba00c6531] INFO  c.e.w.l.TransactionLoggingFilter - [TRANSACTION] endpoint=/api/trainer-workload method=POST transactionId=a9e841af-c2b8-49d4-869e-627ba00c6531
2026-05-26 01:02:37 [main] [txId=a9e841af-c2b8-49d4-869e-627ba00c6531] INFO  c.e.w.c.TrainerWorkloadController - Updating workload for trainer 'bob.jones', action=DELETE
2026-05-26 01:02:37 [main] [txId=a9e841af-c2b8-49d4-869e-627ba00c6531] INFO  c.e.w.service.TrainerWorkloadService - [TX:a9e841af-c2b8-49d4-869e-627ba00c6531] Processing workload for trainer='bob.jones', year=2024, month=4, duration=60, action=DELETE
2026-05-26 01:02:37 [main] [txId=a9e841af-c2b8-49d4-869e-627ba00c6531] DEBUG c.e.w.service.TrainerWorkloadService - [TX:a9e841af-c2b8-49d4-869e-627ba00c6531] Lookup by username='bob.jones': found=true
2026-05-26 01:02:37 [main] [txId=a9e841af-c2b8-49d4-869e-627ba00c6531] INFO  c.e.w.service.TrainerWorkloadService - [TX:a9e841af-c2b8-49d4-869e-627ba00c6531] DELETE: trainer='bob.jones' 2024/4 -> new duration=60
2026-05-26 01:02:37 [main] [txId=a9e841af-c2b8-49d4-869e-627ba00c6531] DEBUG c.e.w.service.TrainerWorkloadService - [TX:a9e841af-c2b8-49d4-869e-627ba00c6531] Saved trainer summary for username='bob.jones'
2026-05-26 01:02:37 [main] [txId=a9e841af-c2b8-49d4-869e-627ba00c6531] INFO  c.e.w.c.TrainerWorkloadController - Workload updated successfully for trainer 'bob.jones', transactionId=a9e841af-c2b8-49d4-869e-627ba00c6531
2026-05-26 01:02:37 [main] [txId=a9e841af-c2b8-49d4-869e-627ba00c6531] INFO  c.e.w.l.TransactionLoggingFilter - [TRANSACTION] endpoint=/api/trainer-workload status=200 transactionId=a9e841af-c2b8-49d4-869e-627ba00c6531
2026-05-26 01:02:37 [main] [txId=a52e753e-a3aa-4d04-aa13-8057d81ef4de] INFO  c.e.w.l.TransactionLoggingFilter - [TRANSACTION] endpoint=/api/trainer-workload/bob.jones method=GET transactionId=a52e753e-a3aa-4d04-aa13-8057d81ef4de
2026-05-26 01:02:37 [main] [txId=a52e753e-a3aa-4d04-aa13-8057d81ef4de] INFO  c.e.w.c.TrainerWorkloadController - Fetching workload summary for trainer 'bob.jones'
2026-05-26 01:02:37 [main] [txId=a52e753e-a3aa-4d04-aa13-8057d81ef4de] DEBUG c.e.w.service.TrainerWorkloadService - [TX:a52e753e-a3aa-4d04-aa13-8057d81ef4de] Fetching summary for trainer='bob.jones'
2026-05-26 01:02:37 [main] [txId=a52e753e-a3aa-4d04-aa13-8057d81ef4de] INFO  c.e.w.service.TrainerWorkloadService - [TX:a52e753e-a3aa-4d04-aa13-8057d81ef4de] Summary found for trainer='bob.jones'
2026-05-26 01:02:37 [main] [txId=a52e753e-a3aa-4d04-aa13-8057d81ef4de] INFO  c.e.w.c.TrainerWorkloadController - Summary retrieved for trainer 'bob.jones', transactionId=a52e753e-a3aa-4d04-aa13-8057d81ef4de
2026-05-26 01:02:37 [main] [txId=a52e753e-a3aa-4d04-aa13-8057d81ef4de] INFO  c.e.w.l.TransactionLoggingFilter - [TRANSACTION] endpoint=/api/trainer-workload/bob.jones status=200 transactionId=a52e753e-a3aa-4d04-aa13-8057d81ef4de
2026-05-26 01:02:37 [main] [txId=a657fcf1-61dd-4a13-8d5e-8b73863d8695] INFO  c.e.w.l.TransactionLoggingFilter - [TRANSACTION] endpoint=/api/trainer-workload method=POST transactionId=a657fcf1-61dd-4a13-8d5e-8b73863d8695
2026-05-26 01:02:37 [main] [txId=a657fcf1-61dd-4a13-8d5e-8b73863d8695] INFO  c.e.w.c.TrainerWorkloadController - Updating workload for trainer 'neg.test', action=ADD
2026-05-26 01:02:37 [main] [txId=a657fcf1-61dd-4a13-8d5e-8b73863d8695] INFO  c.e.w.service.TrainerWorkloadService - [TX:a657fcf1-61dd-4a13-8d5e-8b73863d8695] Processing workload for trainer='neg.test', year=2024, month=5, duration=10, action=ADD
2026-05-26 01:02:37 [main] [txId=a657fcf1-61dd-4a13-8d5e-8b73863d8695] DEBUG c.e.w.service.TrainerWorkloadService - [TX:a657fcf1-61dd-4a13-8d5e-8b73863d8695] Lookup by username='neg.test': found=false
2026-05-26 01:02:37 [main] [txId=a657fcf1-61dd-4a13-8d5e-8b73863d8695] INFO  c.e.w.service.TrainerWorkloadService - [TX:a657fcf1-61dd-4a13-8d5e-8b73863d8695] No existing record for trainer='neg.test'. Creating new document.
2026-05-26 01:02:37 [main] [txId=a657fcf1-61dd-4a13-8d5e-8b73863d8695] INFO  c.e.w.service.TrainerWorkloadService - [TX:a657fcf1-61dd-4a13-8d5e-8b73863d8695] ADD: trainer='neg.test' 2024/5 -> new duration=10
2026-05-26 01:02:37 [main] [txId=a657fcf1-61dd-4a13-8d5e-8b73863d8695] DEBUG c.e.w.service.TrainerWorkloadService - [TX:a657fcf1-61dd-4a13-8d5e-8b73863d8695] Saved trainer summary for username='neg.test'
2026-05-26 01:02:37 [main] [txId=a657fcf1-61dd-4a13-8d5e-8b73863d8695] INFO  c.e.w.c.TrainerWorkloadController - Workload updated successfully for trainer 'neg.test', transactionId=a657fcf1-61dd-4a13-8d5e-8b73863d8695
2026-05-26 01:02:37 [main] [txId=a657fcf1-61dd-4a13-8d5e-8b73863d8695] INFO  c.e.w.l.TransactionLoggingFilter - [TRANSACTION] endpoint=/api/trainer-workload status=200 transactionId=a657fcf1-61dd-4a13-8d5e-8b73863d8695
2026-05-26 01:02:37 [main] [txId=64ebf5be-a518-45af-8cbe-fa94d41072e0] INFO  c.e.w.l.TransactionLoggingFilter - [TRANSACTION] endpoint=/api/trainer-workload method=POST transactionId=64ebf5be-a518-45af-8cbe-fa94d41072e0
2026-05-26 01:02:37 [main] [txId=64ebf5be-a518-45af-8cbe-fa94d41072e0] INFO  c.e.w.c.TrainerWorkloadController - Updating workload for trainer 'neg.test', action=DELETE
2026-05-26 01:02:37 [main] [txId=64ebf5be-a518-45af-8cbe-fa94d41072e0] INFO  c.e.w.service.TrainerWorkloadService - [TX:64ebf5be-a518-45af-8cbe-fa94d41072e0] Processing workload for trainer='neg.test', year=2024, month=5, duration=50, action=DELETE
2026-05-26 01:02:37 [main] [txId=64ebf5be-a518-45af-8cbe-fa94d41072e0] DEBUG c.e.w.service.TrainerWorkloadService - [TX:64ebf5be-a518-45af-8cbe-fa94d41072e0] Lookup by username='neg.test': found=true
2026-05-26 01:02:37 [main] [txId=64ebf5be-a518-45af-8cbe-fa94d41072e0] INFO  c.e.w.service.TrainerWorkloadService - [TX:64ebf5be-a518-45af-8cbe-fa94d41072e0] DELETE: trainer='neg.test' 2024/5 -> new duration=0
2026-05-26 01:02:37 [main] [txId=64ebf5be-a518-45af-8cbe-fa94d41072e0] DEBUG c.e.w.service.TrainerWorkloadService - [TX:64ebf5be-a518-45af-8cbe-fa94d41072e0] Saved trainer summary for username='neg.test'
2026-05-26 01:02:37 [main] [txId=64ebf5be-a518-45af-8cbe-fa94d41072e0] INFO  c.e.w.c.TrainerWorkloadController - Workload updated successfully for trainer 'neg.test', transactionId=64ebf5be-a518-45af-8cbe-fa94d41072e0
2026-05-26 01:02:37 [main] [txId=64ebf5be-a518-45af-8cbe-fa94d41072e0] INFO  c.e.w.l.TransactionLoggingFilter - [TRANSACTION] endpoint=/api/trainer-workload status=200 transactionId=64ebf5be-a518-45af-8cbe-fa94d41072e0
2026-05-26 01:02:37 [main] [txId=64862040-c4cf-4378-a01d-29b458659ea7] INFO  c.e.w.l.TransactionLoggingFilter - [TRANSACTION] endpoint=/api/trainer-workload/neg.test method=GET transactionId=64862040-c4cf-4378-a01d-29b458659ea7
2026-05-26 01:02:37 [main] [txId=64862040-c4cf-4378-a01d-29b458659ea7] INFO  c.e.w.c.TrainerWorkloadController - Fetching workload summary for trainer 'neg.test'
2026-05-26 01:02:37 [main] [txId=64862040-c4cf-4378-a01d-29b458659ea7] DEBUG c.e.w.service.TrainerWorkloadService - [TX:64862040-c4cf-4378-a01d-29b458659ea7] Fetching summary for trainer='neg.test'
2026-05-26 01:02:37 [main] [txId=64862040-c4cf-4378-a01d-29b458659ea7] INFO  c.e.w.service.TrainerWorkloadService - [TX:64862040-c4cf-4378-a01d-29b458659ea7] Summary found for trainer='neg.test'
2026-05-26 01:02:37 [main] [txId=64862040-c4cf-4378-a01d-29b458659ea7] INFO  c.e.w.c.TrainerWorkloadController - Summary retrieved for trainer 'neg.test', transactionId=64862040-c4cf-4378-a01d-29b458659ea7
2026-05-26 01:02:37 [main] [txId=64862040-c4cf-4378-a01d-29b458659ea7] INFO  c.e.w.l.TransactionLoggingFilter - [TRANSACTION] endpoint=/api/trainer-workload/neg.test status=200 transactionId=64862040-c4cf-4378-a01d-29b458659ea7
2026-05-26 01:02:37 [main] [txId=6e25d3c0-5e40-4bb3-ab83-5ed4f66373c4] INFO  c.e.w.l.TransactionLoggingFilter - [TRANSACTION] endpoint=/api/trainer-workload method=POST transactionId=6e25d3c0-5e40-4bb3-ab83-5ed4f66373c4
2026-05-26 01:02:37 [main] [txId=6e25d3c0-5e40-4bb3-ab83-5ed4f66373c4] INFO  c.e.w.c.TrainerWorkloadController - Updating workload for trainer 'alice.trainer', action=ADD
2026-05-26 01:02:37 [main] [txId=6e25d3c0-5e40-4bb3-ab83-5ed4f66373c4] INFO  c.e.w.service.TrainerWorkloadService - [TX:6e25d3c0-5e40-4bb3-ab83-5ed4f66373c4] Processing workload for trainer='alice.trainer', year=2024, month=6, duration=45, action=ADD
2026-05-26 01:02:37 [main] [txId=6e25d3c0-5e40-4bb3-ab83-5ed4f66373c4] DEBUG c.e.w.service.TrainerWorkloadService - [TX:6e25d3c0-5e40-4bb3-ab83-5ed4f66373c4] Lookup by username='alice.trainer': found=false
2026-05-26 01:02:37 [main] [txId=6e25d3c0-5e40-4bb3-ab83-5ed4f66373c4] INFO  c.e.w.service.TrainerWorkloadService - [TX:6e25d3c0-5e40-4bb3-ab83-5ed4f66373c4] No existing record for trainer='alice.trainer'. Creating new document.
2026-05-26 01:02:37 [main] [txId=6e25d3c0-5e40-4bb3-ab83-5ed4f66373c4] INFO  c.e.w.service.TrainerWorkloadService - [TX:6e25d3c0-5e40-4bb3-ab83-5ed4f66373c4] ADD: trainer='alice.trainer' 2024/6 -> new duration=45
2026-05-26 01:02:37 [main] [txId=6e25d3c0-5e40-4bb3-ab83-5ed4f66373c4] DEBUG c.e.w.service.TrainerWorkloadService - [TX:6e25d3c0-5e40-4bb3-ab83-5ed4f66373c4] Saved trainer summary for username='alice.trainer'
2026-05-26 01:02:37 [main] [txId=6e25d3c0-5e40-4bb3-ab83-5ed4f66373c4] INFO  c.e.w.c.TrainerWorkloadController - Workload updated successfully for trainer 'alice.trainer', transactionId=6e25d3c0-5e40-4bb3-ab83-5ed4f66373c4
2026-05-26 01:02:37 [main] [txId=6e25d3c0-5e40-4bb3-ab83-5ed4f66373c4] INFO  c.e.w.l.TransactionLoggingFilter - [TRANSACTION] endpoint=/api/trainer-workload status=200 transactionId=6e25d3c0-5e40-4bb3-ab83-5ed4f66373c4
2026-05-26 01:02:37 [main] [txId=0dcbf58c-2f86-40c8-a5ae-33375c04a23a] INFO  c.e.w.l.TransactionLoggingFilter - [TRANSACTION] endpoint=/api/trainer-workload/alice.trainer method=GET transactionId=0dcbf58c-2f86-40c8-a5ae-33375c04a23a
2026-05-26 01:02:37 [main] [txId=0dcbf58c-2f86-40c8-a5ae-33375c04a23a] INFO  c.e.w.c.TrainerWorkloadController - Fetching workload summary for trainer 'alice.trainer'
2026-05-26 01:02:37 [main] [txId=0dcbf58c-2f86-40c8-a5ae-33375c04a23a] DEBUG c.e.w.service.TrainerWorkloadService - [TX:0dcbf58c-2f86-40c8-a5ae-33375c04a23a] Fetching summary for trainer='alice.trainer'
2026-05-26 01:02:37 [main] [txId=0dcbf58c-2f86-40c8-a5ae-33375c04a23a] INFO  c.e.w.service.TrainerWorkloadService - [TX:0dcbf58c-2f86-40c8-a5ae-33375c04a23a] Summary found for trainer='alice.trainer'
2026-05-26 01:02:37 [main] [txId=0dcbf58c-2f86-40c8-a5ae-33375c04a23a] INFO  c.e.w.c.TrainerWorkloadController - Summary retrieved for trainer 'alice.trainer', transactionId=0dcbf58c-2f86-40c8-a5ae-33375c04a23a
2026-05-26 01:02:37 [main] [txId=0dcbf58c-2f86-40c8-a5ae-33375c04a23a] INFO  c.e.w.l.TransactionLoggingFilter - [TRANSACTION] endpoint=/api/trainer-workload/alice.trainer status=200 transactionId=0dcbf58c-2f86-40c8-a5ae-33375c04a23a
2026-05-26 01:02:37 [main] [txId=a084fba6-30ce-4c74-8fa7-5dbefb97bb51] INFO  c.e.w.l.TransactionLoggingFilter - [TRANSACTION] endpoint=/api/trainer-workload/nobody.here method=GET transactionId=a084fba6-30ce-4c74-8fa7-5dbefb97bb51
2026-05-26 01:02:37 [main] [txId=a084fba6-30ce-4c74-8fa7-5dbefb97bb51] INFO  c.e.w.c.TrainerWorkloadController - Fetching workload summary for trainer 'nobody.here'
2026-05-26 01:02:37 [main] [txId=a084fba6-30ce-4c74-8fa7-5dbefb97bb51] DEBUG c.e.w.service.TrainerWorkloadService - [TX:a084fba6-30ce-4c74-8fa7-5dbefb97bb51] Fetching summary for trainer='nobody.here'
2026-05-26 01:02:37 [main] [txId=a084fba6-30ce-4c74-8fa7-5dbefb97bb51] WARN  c.e.w.service.TrainerWorkloadService - [TX:a084fba6-30ce-4c74-8fa7-5dbefb97bb51] No summary found for trainer='nobody.here'
2026-05-26 01:02:37 [main] [txId=a084fba6-30ce-4c74-8fa7-5dbefb97bb51] WARN  c.e.w.c.TrainerWorkloadController - No summary found for trainer 'nobody.here'
2026-05-26 01:02:37 [main] [txId=a084fba6-30ce-4c74-8fa7-5dbefb97bb51] INFO  c.e.w.l.TransactionLoggingFilter - [TRANSACTION] endpoint=/api/trainer-workload/nobody.here status=404 transactionId=a084fba6-30ce-4c74-8fa7-5dbefb97bb51
2026-05-26 01:02:38 [SpringApplicationShutdownHook] [txId=] ERROR d.f.embed.mongo.runtime.Mongod - Got some response, should be an error message
2026-05-26 02:21:34 [main] [txId=] INFO  c.e.w.c.c.CucumberWorkloadConfig - Starting CucumberWorkloadConfig using Java 17.0.18 with PID 78673 (started by mariagevorgyan in /Users/mariagevorgyan/Documents/Epam_Task1_Spring/trainer-workload-service)
2026-05-26 02:21:34 [main] [txId=] DEBUG c.e.w.c.c.CucumberWorkloadConfig - Running with Spring Boot v3.2.0, Spring v6.1.1
2026-05-26 02:21:34 [main] [txId=] INFO  c.e.w.c.c.CucumberWorkloadConfig - The following 1 profile is active: "test"
2026-05-26 02:21:34 [main] [txId=] WARN  o.s.c.s.PostProcessorRegistrationDelegate$BeanPostProcessorChecker - Bean 'de.flapdoodle.embed.mongo.spring.autoconfigure.EmbeddedMongoAutoConfiguration' of type [de.flapdoodle.embed.mongo.spring.autoconfigure.EmbeddedMongoAutoConfiguration] is not eligible for getting processed by all BeanPostProcessors (for example: not eligible for auto-proxying). The currently created BeanPostProcessor [fixTransactionAndAuth] is declared through a non-static factory method on that class; consider declaring it as static instead.
2026-05-26 02:21:34 [main] [txId=] WARN  o.s.c.s.PostProcessorRegistrationDelegate$BeanPostProcessorChecker - Bean 'org.springframework.cloud.commons.config.CommonsConfigAutoConfiguration' of type [org.springframework.cloud.commons.config.CommonsConfigAutoConfiguration] is not eligible for getting processed by all BeanPostProcessors (for example: not eligible for auto-proxying). Is this bean getting eagerly injected into a currently created BeanPostProcessor [fixTransactionAndAuth]? Check the corresponding BeanPostProcessor declaration and its dependencies.
2026-05-26 02:21:34 [main] [txId=] WARN  o.s.c.s.PostProcessorRegistrationDelegate$BeanPostProcessorChecker - Bean 'org.springframework.cloud.client.loadbalancer.LoadBalancerDefaultMappingsProviderAutoConfiguration' of type [org.springframework.cloud.client.loadbalancer.LoadBalancerDefaultMappingsProviderAutoConfiguration] is not eligible for getting processed by all BeanPostProcessors (for example: not eligible for auto-proxying). Is this bean getting eagerly injected into a currently created BeanPostProcessor [fixTransactionAndAuth]? Check the corresponding BeanPostProcessor declaration and its dependencies.
2026-05-26 02:21:34 [main] [txId=] WARN  o.s.c.s.PostProcessorRegistrationDelegate$BeanPostProcessorChecker - Bean 'loadBalancerClientsDefaultsMappingsProvider' of type [org.springframework.cloud.client.loadbalancer.LoadBalancerDefaultMappingsProviderAutoConfiguration$$Lambda$1439/0x000000b00170c080] is not eligible for getting processed by all BeanPostProcessors (for example: not eligible for auto-proxying). Is this bean getting eagerly injected into a currently created BeanPostProcessor [fixTransactionAndAuth]? Check the corresponding BeanPostProcessor declaration and its dependencies.
2026-05-26 02:21:34 [main] [txId=] WARN  o.s.c.s.PostProcessorRegistrationDelegate$BeanPostProcessorChecker - Bean 'defaultsBindHandlerAdvisor' of type [org.springframework.cloud.commons.config.DefaultsBindHandlerAdvisor] is not eligible for getting processed by all BeanPostProcessors (for example: not eligible for auto-proxying). Is this bean getting eagerly injected into a currently created BeanPostProcessor [fixTransactionAndAuth]? Check the corresponding BeanPostProcessor declaration and its dependencies.
2026-05-26 02:21:34 [main] [txId=] WARN  o.s.c.s.PostProcessorRegistrationDelegate$BeanPostProcessorChecker - Bean 'de.flapdoodle.mongodb.embedded-de.flapdoodle.embed.mongo.spring.autoconfigure.EmbeddedMongoProperties' of type [de.flapdoodle.embed.mongo.spring.autoconfigure.EmbeddedMongoProperties] is not eligible for getting processed by all BeanPostProcessors (for example: not eligible for auto-proxying). Is this bean getting eagerly injected into a currently created BeanPostProcessor [fixTransactionAndAuth]? Check the corresponding BeanPostProcessor declaration and its dependencies.
2026-05-26 02:21:34 [main] [txId=] WARN  o.s.c.s.PostProcessorRegistrationDelegate$BeanPostProcessorChecker - Bean 'net' of type [de.flapdoodle.embed.mongo.config.ImmutableNet] is not eligible for getting processed by all BeanPostProcessors (for example: not eligible for auto-proxying). Is this bean getting eagerly injected into a currently created BeanPostProcessor [fixTransactionAndAuth]? Check the corresponding BeanPostProcessor declaration and its dependencies.
2026-05-26 02:21:34 [main] [txId=] WARN  o.s.c.s.PostProcessorRegistrationDelegate$BeanPostProcessorChecker - Bean 'spring.data.mongodb-org.springframework.boot.autoconfigure.mongo.MongoProperties' of type [org.springframework.boot.autoconfigure.mongo.MongoProperties] is not eligible for getting processed by all BeanPostProcessors (for example: not eligible for auto-proxying). Is this bean getting eagerly injected into a currently created BeanPostProcessor [fixTransactionAndAuth]? Check the corresponding BeanPostProcessor declaration and its dependencies.
2026-05-26 02:21:34 [main] [txId=] WARN  o.s.c.s.PostProcessorRegistrationDelegate$BeanPostProcessorChecker - Bean 'org.springframework.cloud.client.loadbalancer.LoadBalancerAutoConfiguration$LoadBalancerInterceptorConfig' of type [org.springframework.cloud.client.loadbalancer.LoadBalancerAutoConfiguration$LoadBalancerInterceptorConfig] is not eligible for getting processed by all BeanPostProcessors (for example: not eligible for auto-proxying). The currently created BeanPostProcessor [lbRestClientPostProcessor] is declared through a non-static factory method on that class; consider declaring it as static instead.
2026-05-26 02:21:34 [main] [txId=] WARN  o.s.c.s.PostProcessorRegistrationDelegate$BeanPostProcessorChecker - Bean 'org.springframework.cloud.loadbalancer.config.BlockingLoadBalancerClientAutoConfiguration' of type [org.springframework.cloud.loadbalancer.config.BlockingLoadBalancerClientAutoConfiguration] is not eligible for getting processed by all BeanPostProcessors (for example: not eligible for auto-proxying). Is this bean getting eagerly injected into a currently created BeanPostProcessor [lbRestClientPostProcessor]? Check the corresponding BeanPostProcessor declaration and its dependencies.
2026-05-26 02:21:34 [main] [txId=] WARN  o.s.c.s.PostProcessorRegistrationDelegate$BeanPostProcessorChecker - Bean 'org.springframework.cloud.loadbalancer.config.LoadBalancerAutoConfiguration' of type [org.springframework.cloud.loadbalancer.config.LoadBalancerAutoConfiguration] is not eligible for getting processed by all BeanPostProcessors (for example: not eligible for auto-proxying). Is this bean getting eagerly injected into a currently created BeanPostProcessor [lbRestClientPostProcessor]? Check the corresponding BeanPostProcessor declaration and its dependencies.
2026-05-26 02:21:34 [main] [txId=] WARN  o.s.c.s.PostProcessorRegistrationDelegate$BeanPostProcessorChecker - Bean 'spring.cloud.loadbalancer-org.springframework.cloud.client.loadbalancer.LoadBalancerClientsProperties' of type [org.springframework.cloud.client.loadbalancer.LoadBalancerClientsProperties] is not eligible for getting processed by all BeanPostProcessors (for example: not eligible for auto-proxying). Is this bean getting eagerly injected into a currently created BeanPostProcessor [lbRestClientPostProcessor]? Check the corresponding BeanPostProcessor declaration and its dependencies.
2026-05-26 02:21:34 [main] [txId=] WARN  o.s.c.s.PostProcessorRegistrationDelegate$BeanPostProcessorChecker - Bean 'default.org.springframework.cloud.loadbalancer.config.LoadBalancerAutoConfiguration.LoadBalancerClientSpecification' of type [org.springframework.cloud.loadbalancer.annotation.LoadBalancerClientSpecification] is not eligible for getting processed by all BeanPostProcessors (for example: not eligible for auto-proxying). Is this bean getting eagerly injected into a currently created BeanPostProcessor [lbRestClientPostProcessor]? Check the corresponding BeanPostProcessor declaration and its dependencies.
2026-05-26 02:21:34 [main] [txId=] WARN  o.s.c.s.PostProcessorRegistrationDelegate$BeanPostProcessorChecker - Bean 'default.org.springframework.cloud.loadbalancer.config.BlockingLoadBalancerClientAutoConfiguration.LoadBalancerClientSpecification' of type [org.springframework.cloud.loadbalancer.annotation.LoadBalancerClientSpecification] is not eligible for getting processed by all BeanPostProcessors (for example: not eligible for auto-proxying). Is this bean getting eagerly injected into a currently created BeanPostProcessor [lbRestClientPostProcessor]? Check the corresponding BeanPostProcessor declaration and its dependencies.
2026-05-26 02:21:34 [main] [txId=] WARN  o.s.c.s.PostProcessorRegistrationDelegate$BeanPostProcessorChecker - Bean 'loadBalancerClientFactory' of type [org.springframework.cloud.loadbalancer.support.LoadBalancerClientFactory] is not eligible for getting processed by all BeanPostProcessors (for example: not eligible for auto-proxying). Is this bean getting eagerly injected into a currently created BeanPostProcessor [lbRestClientPostProcessor]? Check the corresponding BeanPostProcessor declaration and its dependencies.
2026-05-26 02:21:34 [main] [txId=] WARN  o.s.c.s.PostProcessorRegistrationDelegate$BeanPostProcessorChecker - Bean 'blockingLoadBalancerClient' of type [org.springframework.cloud.loadbalancer.blocking.client.BlockingLoadBalancerClient] is not eligible for getting processed by all BeanPostProcessors (for example: not eligible for auto-proxying). Is this bean getting eagerly injected into a currently created BeanPostProcessor [lbRestClientPostProcessor]? Check the corresponding BeanPostProcessor declaration and its dependencies.
2026-05-26 02:21:34 [main] [txId=] WARN  o.s.c.s.PostProcessorRegistrationDelegate$BeanPostProcessorChecker - Bean 'loadBalancerServiceInstanceCookieTransformer' of type [org.springframework.cloud.loadbalancer.core.LoadBalancerServiceInstanceCookieTransformer] is not eligible for getting processed by all BeanPostProcessors (for example: not eligible for auto-proxying). Is this bean getting eagerly injected into a currently created BeanPostProcessor [lbRestClientPostProcessor]? Check the corresponding BeanPostProcessor declaration and its dependencies.
2026-05-26 02:21:34 [main] [txId=] WARN  o.s.c.s.PostProcessorRegistrationDelegate$BeanPostProcessorChecker - Bean 'xForwarderHeadersTransformer' of type [org.springframework.cloud.loadbalancer.blocking.XForwardedHeadersTransformer] is not eligible for getting processed by all BeanPostProcessors (for example: not eligible for auto-proxying). Is this bean getting eagerly injected into a currently created BeanPostProcessor [lbRestClientPostProcessor]? Check the corresponding BeanPostProcessor declaration and its dependencies.
2026-05-26 02:21:34 [main] [txId=] WARN  o.s.c.s.PostProcessorRegistrationDelegate$BeanPostProcessorChecker - Bean 'org.springframework.cloud.client.loadbalancer.LoadBalancerAutoConfiguration' of type [org.springframework.cloud.client.loadbalancer.LoadBalancerAutoConfiguration] is not eligible for getting processed by all BeanPostProcessors (for example: not eligible for auto-proxying). Is this bean getting eagerly injected into a currently created BeanPostProcessor [lbRestClientPostProcessor]? Check the corresponding BeanPostProcessor declaration and its dependencies.
2026-05-26 02:21:34 [main] [txId=] WARN  o.s.c.s.PostProcessorRegistrationDelegate$BeanPostProcessorChecker - Bean 'loadBalancerRequestFactory' of type [org.springframework.cloud.client.loadbalancer.LoadBalancerRequestFactory] is not eligible for getting processed by all BeanPostProcessors (for example: not eligible for auto-proxying). Is this bean getting eagerly injected into a currently created BeanPostProcessor [lbRestClientPostProcessor]? Check the corresponding BeanPostProcessor declaration and its dependencies.
2026-05-26 02:21:34 [main] [txId=] WARN  o.s.c.s.PostProcessorRegistrationDelegate$BeanPostProcessorChecker - Bean 'loadBalancerInterceptor' of type [org.springframework.cloud.client.loadbalancer.LoadBalancerInterceptor] is not eligible for getting processed by all BeanPostProcessors (for example: not eligible for auto-proxying). Is this bean getting eagerly injected into a currently created BeanPostProcessor [lbRestClientPostProcessor]? Check the corresponding BeanPostProcessor declaration and its dependencies.
2026-05-26 02:21:35 [main] [txId=] WARN  o.s.b.a.s.s.UserDetailsServiceAutoConfiguration - 

Using generated security password: 83bc134a-81f6-481a-b31b-0a096436c7b3

This generated password is for development use only. Your security configuration must be updated before running your application in production.

2026-05-26 02:21:35 [main] [txId=] DEBUG c.e.w.l.TransactionLoggingFilter - Filter 'transactionLoggingFilter' configured for use
2026-05-26 02:21:35 [main] [txId=] DEBUG c.e.workload.security.JwtAuthFilter - Filter 'jwtAuthFilter' configured for use
2026-05-26 02:21:35 [main] [txId=] WARN  o.s.c.l.c.LoadBalancerCacheAutoConfiguration$LoadBalancerCaffeineWarnLogger - Spring Cloud LoadBalancer is currently working with the default cache. While this cache implementation is useful for development and tests, it's recommended to use Caffeine cache in production.You can switch to using Caffeine cache, by adding it and org.springframework.cache.caffeine.CaffeineCacheManager to the classpath.
2026-05-26 02:21:35 [main] [txId=] INFO  c.e.w.c.c.CucumberWorkloadConfig - Started CucumberWorkloadConfig in 1.777 seconds (process running for 2.616)
2026-05-26 02:21:35 [main] [txId=] WARN  o.s.w.s.h.HandlerMappingIntrospector - Cache miss for REQUEST dispatch to '/api/trainer-workload' (previous null). Performing CorsConfiguration lookup. This is logged once only at WARN level, and every time at TRACE.
2026-05-26 02:21:35 [main] [txId=256c1592-0ce2-45d1-b848-0552a6f83ad1] INFO  c.e.w.l.TransactionLoggingFilter - [TRANSACTION] endpoint=/api/trainer-workload method=POST transactionId=256c1592-0ce2-45d1-b848-0552a6f83ad1
2026-05-26 02:21:35 [main] [txId=256c1592-0ce2-45d1-b848-0552a6f83ad1] INFO  c.e.w.c.TrainerWorkloadController - Updating workload for trainer 'john.doe', action=ADD
2026-05-26 02:21:35 [main] [txId=256c1592-0ce2-45d1-b848-0552a6f83ad1] INFO  c.e.w.service.TrainerWorkloadService - [TX:256c1592-0ce2-45d1-b848-0552a6f83ad1] Processing workload for trainer='john.doe', year=2024, month=3, duration=60, action=ADD
2026-05-26 02:21:35 [main] [txId=256c1592-0ce2-45d1-b848-0552a6f83ad1] DEBUG c.e.w.service.TrainerWorkloadService - [TX:256c1592-0ce2-45d1-b848-0552a6f83ad1] Lookup by username='john.doe': found=false
2026-05-26 02:21:35 [main] [txId=256c1592-0ce2-45d1-b848-0552a6f83ad1] INFO  c.e.w.service.TrainerWorkloadService - [TX:256c1592-0ce2-45d1-b848-0552a6f83ad1] No existing record for trainer='john.doe'. Creating new document.
2026-05-26 02:21:35 [main] [txId=256c1592-0ce2-45d1-b848-0552a6f83ad1] INFO  c.e.w.service.TrainerWorkloadService - [TX:256c1592-0ce2-45d1-b848-0552a6f83ad1] ADD: trainer='john.doe' 2024/3 -> new duration=60
2026-05-26 02:21:35 [main] [txId=256c1592-0ce2-45d1-b848-0552a6f83ad1] DEBUG c.e.w.service.TrainerWorkloadService - [TX:256c1592-0ce2-45d1-b848-0552a6f83ad1] Saved trainer summary for username='john.doe'
2026-05-26 02:21:35 [main] [txId=256c1592-0ce2-45d1-b848-0552a6f83ad1] INFO  c.e.w.c.TrainerWorkloadController - Workload updated successfully for trainer 'john.doe', transactionId=256c1592-0ce2-45d1-b848-0552a6f83ad1
2026-05-26 02:21:35 [main] [txId=256c1592-0ce2-45d1-b848-0552a6f83ad1] INFO  c.e.w.l.TransactionLoggingFilter - [TRANSACTION] endpoint=/api/trainer-workload status=200 transactionId=256c1592-0ce2-45d1-b848-0552a6f83ad1
2026-05-26 02:21:36 [main] [txId=c94aade2-c359-41d5-9bb5-514981cb6ae1] INFO  c.e.w.l.TransactionLoggingFilter - [TRANSACTION] endpoint=/api/trainer-workload method=POST transactionId=c94aade2-c359-41d5-9bb5-514981cb6ae1
2026-05-26 02:21:36 [main] [txId=c94aade2-c359-41d5-9bb5-514981cb6ae1] INFO  c.e.w.c.TrainerWorkloadController - Updating workload for trainer 'jane.smith', action=ADD
2026-05-26 02:21:36 [main] [txId=c94aade2-c359-41d5-9bb5-514981cb6ae1] INFO  c.e.w.service.TrainerWorkloadService - [TX:c94aade2-c359-41d5-9bb5-514981cb6ae1] Processing workload for trainer='jane.smith', year=2024, month=3, duration=60, action=ADD
2026-05-26 02:21:36 [main] [txId=c94aade2-c359-41d5-9bb5-514981cb6ae1] DEBUG c.e.w.service.TrainerWorkloadService - [TX:c94aade2-c359-41d5-9bb5-514981cb6ae1] Lookup by username='jane.smith': found=false
2026-05-26 02:21:36 [main] [txId=c94aade2-c359-41d5-9bb5-514981cb6ae1] INFO  c.e.w.service.TrainerWorkloadService - [TX:c94aade2-c359-41d5-9bb5-514981cb6ae1] No existing record for trainer='jane.smith'. Creating new document.
2026-05-26 02:21:36 [main] [txId=c94aade2-c359-41d5-9bb5-514981cb6ae1] INFO  c.e.w.service.TrainerWorkloadService - [TX:c94aade2-c359-41d5-9bb5-514981cb6ae1] ADD: trainer='jane.smith' 2024/3 -> new duration=60
2026-05-26 02:21:36 [main] [txId=c94aade2-c359-41d5-9bb5-514981cb6ae1] DEBUG c.e.w.service.TrainerWorkloadService - [TX:c94aade2-c359-41d5-9bb5-514981cb6ae1] Saved trainer summary for username='jane.smith'
2026-05-26 02:21:36 [main] [txId=c94aade2-c359-41d5-9bb5-514981cb6ae1] INFO  c.e.w.c.TrainerWorkloadController - Workload updated successfully for trainer 'jane.smith', transactionId=c94aade2-c359-41d5-9bb5-514981cb6ae1
2026-05-26 02:21:36 [main] [txId=c94aade2-c359-41d5-9bb5-514981cb6ae1] INFO  c.e.w.l.TransactionLoggingFilter - [TRANSACTION] endpoint=/api/trainer-workload status=200 transactionId=c94aade2-c359-41d5-9bb5-514981cb6ae1
2026-05-26 02:21:36 [main] [txId=09ffa464-1d97-4194-a786-219c821d006b] INFO  c.e.w.l.TransactionLoggingFilter - [TRANSACTION] endpoint=/api/trainer-workload method=POST transactionId=09ffa464-1d97-4194-a786-219c821d006b
2026-05-26 02:21:36 [main] [txId=09ffa464-1d97-4194-a786-219c821d006b] INFO  c.e.w.c.TrainerWorkloadController - Updating workload for trainer 'jane.smith', action=ADD
2026-05-26 02:21:36 [main] [txId=09ffa464-1d97-4194-a786-219c821d006b] INFO  c.e.w.service.TrainerWorkloadService - [TX:09ffa464-1d97-4194-a786-219c821d006b] Processing workload for trainer='jane.smith', year=2024, month=3, duration=30, action=ADD
2026-05-26 02:21:36 [main] [txId=09ffa464-1d97-4194-a786-219c821d006b] DEBUG c.e.w.service.TrainerWorkloadService - [TX:09ffa464-1d97-4194-a786-219c821d006b] Lookup by username='jane.smith': found=true
2026-05-26 02:21:36 [main] [txId=09ffa464-1d97-4194-a786-219c821d006b] INFO  c.e.w.service.TrainerWorkloadService - [TX:09ffa464-1d97-4194-a786-219c821d006b] ADD: trainer='jane.smith' 2024/3 -> new duration=90
2026-05-26 02:21:36 [main] [txId=09ffa464-1d97-4194-a786-219c821d006b] DEBUG c.e.w.service.TrainerWorkloadService - [TX:09ffa464-1d97-4194-a786-219c821d006b] Saved trainer summary for username='jane.smith'
2026-05-26 02:21:36 [main] [txId=09ffa464-1d97-4194-a786-219c821d006b] INFO  c.e.w.c.TrainerWorkloadController - Workload updated successfully for trainer 'jane.smith', transactionId=09ffa464-1d97-4194-a786-219c821d006b
2026-05-26 02:21:36 [main] [txId=09ffa464-1d97-4194-a786-219c821d006b] INFO  c.e.w.l.TransactionLoggingFilter - [TRANSACTION] endpoint=/api/trainer-workload status=200 transactionId=09ffa464-1d97-4194-a786-219c821d006b
2026-05-26 02:21:36 [main] [txId=823f50b4-6e28-4b78-b268-65edde11622d] INFO  c.e.w.l.TransactionLoggingFilter - [TRANSACTION] endpoint=/api/trainer-workload/jane.smith method=GET transactionId=823f50b4-6e28-4b78-b268-65edde11622d
2026-05-26 02:21:36 [main] [txId=823f50b4-6e28-4b78-b268-65edde11622d] INFO  c.e.w.c.TrainerWorkloadController - Fetching workload summary for trainer 'jane.smith'
2026-05-26 02:21:36 [main] [txId=823f50b4-6e28-4b78-b268-65edde11622d] DEBUG c.e.w.service.TrainerWorkloadService - [TX:823f50b4-6e28-4b78-b268-65edde11622d] Fetching summary for trainer='jane.smith'
2026-05-26 02:21:36 [main] [txId=823f50b4-6e28-4b78-b268-65edde11622d] INFO  c.e.w.service.TrainerWorkloadService - [TX:823f50b4-6e28-4b78-b268-65edde11622d] Summary found for trainer='jane.smith'
2026-05-26 02:21:36 [main] [txId=823f50b4-6e28-4b78-b268-65edde11622d] INFO  c.e.w.c.TrainerWorkloadController - Summary retrieved for trainer 'jane.smith', transactionId=823f50b4-6e28-4b78-b268-65edde11622d
2026-05-26 02:21:36 [main] [txId=823f50b4-6e28-4b78-b268-65edde11622d] INFO  c.e.w.l.TransactionLoggingFilter - [TRANSACTION] endpoint=/api/trainer-workload/jane.smith status=200 transactionId=823f50b4-6e28-4b78-b268-65edde11622d
2026-05-26 02:21:36 [main] [txId=f87c6c8a-0500-41ba-a74d-14dcfc1b6902] INFO  c.e.w.l.TransactionLoggingFilter - [TRANSACTION] endpoint=/api/trainer-workload method=POST transactionId=f87c6c8a-0500-41ba-a74d-14dcfc1b6902
2026-05-26 02:21:36 [main] [txId=f87c6c8a-0500-41ba-a74d-14dcfc1b6902] INFO  c.e.w.c.TrainerWorkloadController - Updating workload for trainer 'bob.jones', action=ADD
2026-05-26 02:21:36 [main] [txId=f87c6c8a-0500-41ba-a74d-14dcfc1b6902] INFO  c.e.w.service.TrainerWorkloadService - [TX:f87c6c8a-0500-41ba-a74d-14dcfc1b6902] Processing workload for trainer='bob.jones', year=2024, month=4, duration=120, action=ADD
2026-05-26 02:21:36 [main] [txId=f87c6c8a-0500-41ba-a74d-14dcfc1b6902] DEBUG c.e.w.service.TrainerWorkloadService - [TX:f87c6c8a-0500-41ba-a74d-14dcfc1b6902] Lookup by username='bob.jones': found=false
2026-05-26 02:21:36 [main] [txId=f87c6c8a-0500-41ba-a74d-14dcfc1b6902] INFO  c.e.w.service.TrainerWorkloadService - [TX:f87c6c8a-0500-41ba-a74d-14dcfc1b6902] No existing record for trainer='bob.jones'. Creating new document.
2026-05-26 02:21:36 [main] [txId=f87c6c8a-0500-41ba-a74d-14dcfc1b6902] INFO  c.e.w.service.TrainerWorkloadService - [TX:f87c6c8a-0500-41ba-a74d-14dcfc1b6902] ADD: trainer='bob.jones' 2024/4 -> new duration=120
2026-05-26 02:21:36 [main] [txId=f87c6c8a-0500-41ba-a74d-14dcfc1b6902] DEBUG c.e.w.service.TrainerWorkloadService - [TX:f87c6c8a-0500-41ba-a74d-14dcfc1b6902] Saved trainer summary for username='bob.jones'
2026-05-26 02:21:36 [main] [txId=f87c6c8a-0500-41ba-a74d-14dcfc1b6902] INFO  c.e.w.c.TrainerWorkloadController - Workload updated successfully for trainer 'bob.jones', transactionId=f87c6c8a-0500-41ba-a74d-14dcfc1b6902
2026-05-26 02:21:36 [main] [txId=f87c6c8a-0500-41ba-a74d-14dcfc1b6902] INFO  c.e.w.l.TransactionLoggingFilter - [TRANSACTION] endpoint=/api/trainer-workload status=200 transactionId=f87c6c8a-0500-41ba-a74d-14dcfc1b6902
2026-05-26 02:21:36 [main] [txId=7fc18500-b85b-4bf9-8e50-20226c1977f7] INFO  c.e.w.l.TransactionLoggingFilter - [TRANSACTION] endpoint=/api/trainer-workload method=POST transactionId=7fc18500-b85b-4bf9-8e50-20226c1977f7
2026-05-26 02:21:36 [main] [txId=7fc18500-b85b-4bf9-8e50-20226c1977f7] INFO  c.e.w.c.TrainerWorkloadController - Updating workload for trainer 'bob.jones', action=DELETE
2026-05-26 02:21:36 [main] [txId=7fc18500-b85b-4bf9-8e50-20226c1977f7] INFO  c.e.w.service.TrainerWorkloadService - [TX:7fc18500-b85b-4bf9-8e50-20226c1977f7] Processing workload for trainer='bob.jones', year=2024, month=4, duration=60, action=DELETE
2026-05-26 02:21:36 [main] [txId=7fc18500-b85b-4bf9-8e50-20226c1977f7] DEBUG c.e.w.service.TrainerWorkloadService - [TX:7fc18500-b85b-4bf9-8e50-20226c1977f7] Lookup by username='bob.jones': found=true
2026-05-26 02:21:36 [main] [txId=7fc18500-b85b-4bf9-8e50-20226c1977f7] INFO  c.e.w.service.TrainerWorkloadService - [TX:7fc18500-b85b-4bf9-8e50-20226c1977f7] DELETE: trainer='bob.jones' 2024/4 -> new duration=60
2026-05-26 02:21:36 [main] [txId=7fc18500-b85b-4bf9-8e50-20226c1977f7] DEBUG c.e.w.service.TrainerWorkloadService - [TX:7fc18500-b85b-4bf9-8e50-20226c1977f7] Saved trainer summary for username='bob.jones'
2026-05-26 02:21:36 [main] [txId=7fc18500-b85b-4bf9-8e50-20226c1977f7] INFO  c.e.w.c.TrainerWorkloadController - Workload updated successfully for trainer 'bob.jones', transactionId=7fc18500-b85b-4bf9-8e50-20226c1977f7
2026-05-26 02:21:36 [main] [txId=7fc18500-b85b-4bf9-8e50-20226c1977f7] INFO  c.e.w.l.TransactionLoggingFilter - [TRANSACTION] endpoint=/api/trainer-workload status=200 transactionId=7fc18500-b85b-4bf9-8e50-20226c1977f7
2026-05-26 02:21:36 [main] [txId=c793b723-382c-40d2-a53c-9bd1137e8748] INFO  c.e.w.l.TransactionLoggingFilter - [TRANSACTION] endpoint=/api/trainer-workload/bob.jones method=GET transactionId=c793b723-382c-40d2-a53c-9bd1137e8748
2026-05-26 02:21:36 [main] [txId=c793b723-382c-40d2-a53c-9bd1137e8748] INFO  c.e.w.c.TrainerWorkloadController - Fetching workload summary for trainer 'bob.jones'
2026-05-26 02:21:36 [main] [txId=c793b723-382c-40d2-a53c-9bd1137e8748] DEBUG c.e.w.service.TrainerWorkloadService - [TX:c793b723-382c-40d2-a53c-9bd1137e8748] Fetching summary for trainer='bob.jones'
2026-05-26 02:21:36 [main] [txId=c793b723-382c-40d2-a53c-9bd1137e8748] INFO  c.e.w.service.TrainerWorkloadService - [TX:c793b723-382c-40d2-a53c-9bd1137e8748] Summary found for trainer='bob.jones'
2026-05-26 02:21:36 [main] [txId=c793b723-382c-40d2-a53c-9bd1137e8748] INFO  c.e.w.c.TrainerWorkloadController - Summary retrieved for trainer 'bob.jones', transactionId=c793b723-382c-40d2-a53c-9bd1137e8748
2026-05-26 02:21:36 [main] [txId=c793b723-382c-40d2-a53c-9bd1137e8748] INFO  c.e.w.l.TransactionLoggingFilter - [TRANSACTION] endpoint=/api/trainer-workload/bob.jones status=200 transactionId=c793b723-382c-40d2-a53c-9bd1137e8748
2026-05-26 02:21:36 [main] [txId=569d05ff-4b79-4d3a-91a1-343bdb5b9bfc] INFO  c.e.w.l.TransactionLoggingFilter - [TRANSACTION] endpoint=/api/trainer-workload method=POST transactionId=569d05ff-4b79-4d3a-91a1-343bdb5b9bfc
2026-05-26 02:21:36 [main] [txId=569d05ff-4b79-4d3a-91a1-343bdb5b9bfc] INFO  c.e.w.c.TrainerWorkloadController - Updating workload for trainer 'neg.test', action=ADD
2026-05-26 02:21:36 [main] [txId=569d05ff-4b79-4d3a-91a1-343bdb5b9bfc] INFO  c.e.w.service.TrainerWorkloadService - [TX:569d05ff-4b79-4d3a-91a1-343bdb5b9bfc] Processing workload for trainer='neg.test', year=2024, month=5, duration=10, action=ADD
2026-05-26 02:21:36 [main] [txId=569d05ff-4b79-4d3a-91a1-343bdb5b9bfc] DEBUG c.e.w.service.TrainerWorkloadService - [TX:569d05ff-4b79-4d3a-91a1-343bdb5b9bfc] Lookup by username='neg.test': found=false
2026-05-26 02:21:36 [main] [txId=569d05ff-4b79-4d3a-91a1-343bdb5b9bfc] INFO  c.e.w.service.TrainerWorkloadService - [TX:569d05ff-4b79-4d3a-91a1-343bdb5b9bfc] No existing record for trainer='neg.test'. Creating new document.
2026-05-26 02:21:36 [main] [txId=569d05ff-4b79-4d3a-91a1-343bdb5b9bfc] INFO  c.e.w.service.TrainerWorkloadService - [TX:569d05ff-4b79-4d3a-91a1-343bdb5b9bfc] ADD: trainer='neg.test' 2024/5 -> new duration=10
2026-05-26 02:21:36 [main] [txId=569d05ff-4b79-4d3a-91a1-343bdb5b9bfc] DEBUG c.e.w.service.TrainerWorkloadService - [TX:569d05ff-4b79-4d3a-91a1-343bdb5b9bfc] Saved trainer summary for username='neg.test'
2026-05-26 02:21:36 [main] [txId=569d05ff-4b79-4d3a-91a1-343bdb5b9bfc] INFO  c.e.w.c.TrainerWorkloadController - Workload updated successfully for trainer 'neg.test', transactionId=569d05ff-4b79-4d3a-91a1-343bdb5b9bfc
2026-05-26 02:21:36 [main] [txId=569d05ff-4b79-4d3a-91a1-343bdb5b9bfc] INFO  c.e.w.l.TransactionLoggingFilter - [TRANSACTION] endpoint=/api/trainer-workload status=200 transactionId=569d05ff-4b79-4d3a-91a1-343bdb5b9bfc
2026-05-26 02:21:36 [main] [txId=007803d7-89ad-42cb-a3a0-1ff2c1f01e39] INFO  c.e.w.l.TransactionLoggingFilter - [TRANSACTION] endpoint=/api/trainer-workload method=POST transactionId=007803d7-89ad-42cb-a3a0-1ff2c1f01e39
2026-05-26 02:21:36 [main] [txId=007803d7-89ad-42cb-a3a0-1ff2c1f01e39] INFO  c.e.w.c.TrainerWorkloadController - Updating workload for trainer 'neg.test', action=DELETE
2026-05-26 02:21:36 [main] [txId=007803d7-89ad-42cb-a3a0-1ff2c1f01e39] INFO  c.e.w.service.TrainerWorkloadService - [TX:007803d7-89ad-42cb-a3a0-1ff2c1f01e39] Processing workload for trainer='neg.test', year=2024, month=5, duration=50, action=DELETE
2026-05-26 02:21:36 [main] [txId=007803d7-89ad-42cb-a3a0-1ff2c1f01e39] DEBUG c.e.w.service.TrainerWorkloadService - [TX:007803d7-89ad-42cb-a3a0-1ff2c1f01e39] Lookup by username='neg.test': found=true
2026-05-26 02:21:36 [main] [txId=007803d7-89ad-42cb-a3a0-1ff2c1f01e39] INFO  c.e.w.service.TrainerWorkloadService - [TX:007803d7-89ad-42cb-a3a0-1ff2c1f01e39] DELETE: trainer='neg.test' 2024/5 -> new duration=0
2026-05-26 02:21:36 [main] [txId=007803d7-89ad-42cb-a3a0-1ff2c1f01e39] DEBUG c.e.w.service.TrainerWorkloadService - [TX:007803d7-89ad-42cb-a3a0-1ff2c1f01e39] Saved trainer summary for username='neg.test'
2026-05-26 02:21:36 [main] [txId=007803d7-89ad-42cb-a3a0-1ff2c1f01e39] INFO  c.e.w.c.TrainerWorkloadController - Workload updated successfully for trainer 'neg.test', transactionId=007803d7-89ad-42cb-a3a0-1ff2c1f01e39
2026-05-26 02:21:36 [main] [txId=007803d7-89ad-42cb-a3a0-1ff2c1f01e39] INFO  c.e.w.l.TransactionLoggingFilter - [TRANSACTION] endpoint=/api/trainer-workload status=200 transactionId=007803d7-89ad-42cb-a3a0-1ff2c1f01e39
2026-05-26 02:21:36 [main] [txId=02675b3a-af5a-467d-8bc7-77d2ed19d785] INFO  c.e.w.l.TransactionLoggingFilter - [TRANSACTION] endpoint=/api/trainer-workload/neg.test method=GET transactionId=02675b3a-af5a-467d-8bc7-77d2ed19d785
2026-05-26 02:21:36 [main] [txId=02675b3a-af5a-467d-8bc7-77d2ed19d785] INFO  c.e.w.c.TrainerWorkloadController - Fetching workload summary for trainer 'neg.test'
2026-05-26 02:21:36 [main] [txId=02675b3a-af5a-467d-8bc7-77d2ed19d785] DEBUG c.e.w.service.TrainerWorkloadService - [TX:02675b3a-af5a-467d-8bc7-77d2ed19d785] Fetching summary for trainer='neg.test'
2026-05-26 02:21:36 [main] [txId=02675b3a-af5a-467d-8bc7-77d2ed19d785] INFO  c.e.w.service.TrainerWorkloadService - [TX:02675b3a-af5a-467d-8bc7-77d2ed19d785] Summary found for trainer='neg.test'
2026-05-26 02:21:36 [main] [txId=02675b3a-af5a-467d-8bc7-77d2ed19d785] INFO  c.e.w.c.TrainerWorkloadController - Summary retrieved for trainer 'neg.test', transactionId=02675b3a-af5a-467d-8bc7-77d2ed19d785
2026-05-26 02:21:36 [main] [txId=02675b3a-af5a-467d-8bc7-77d2ed19d785] INFO  c.e.w.l.TransactionLoggingFilter - [TRANSACTION] endpoint=/api/trainer-workload/neg.test status=200 transactionId=02675b3a-af5a-467d-8bc7-77d2ed19d785
2026-05-26 02:21:36 [main] [txId=0ebf97b4-4b4d-4a97-aafd-d224e69c7973] INFO  c.e.w.l.TransactionLoggingFilter - [TRANSACTION] endpoint=/api/trainer-workload method=POST transactionId=0ebf97b4-4b4d-4a97-aafd-d224e69c7973
2026-05-26 02:21:36 [main] [txId=0ebf97b4-4b4d-4a97-aafd-d224e69c7973] INFO  c.e.w.c.TrainerWorkloadController - Updating workload for trainer 'alice.trainer', action=ADD
2026-05-26 02:21:36 [main] [txId=0ebf97b4-4b4d-4a97-aafd-d224e69c7973] INFO  c.e.w.service.TrainerWorkloadService - [TX:0ebf97b4-4b4d-4a97-aafd-d224e69c7973] Processing workload for trainer='alice.trainer', year=2024, month=6, duration=45, action=ADD
2026-05-26 02:21:36 [main] [txId=0ebf97b4-4b4d-4a97-aafd-d224e69c7973] DEBUG c.e.w.service.TrainerWorkloadService - [TX:0ebf97b4-4b4d-4a97-aafd-d224e69c7973] Lookup by username='alice.trainer': found=false
2026-05-26 02:21:36 [main] [txId=0ebf97b4-4b4d-4a97-aafd-d224e69c7973] INFO  c.e.w.service.TrainerWorkloadService - [TX:0ebf97b4-4b4d-4a97-aafd-d224e69c7973] No existing record for trainer='alice.trainer'. Creating new document.
2026-05-26 02:21:36 [main] [txId=0ebf97b4-4b4d-4a97-aafd-d224e69c7973] INFO  c.e.w.service.TrainerWorkloadService - [TX:0ebf97b4-4b4d-4a97-aafd-d224e69c7973] ADD: trainer='alice.trainer' 2024/6 -> new duration=45
2026-05-26 02:21:36 [main] [txId=0ebf97b4-4b4d-4a97-aafd-d224e69c7973] DEBUG c.e.w.service.TrainerWorkloadService - [TX:0ebf97b4-4b4d-4a97-aafd-d224e69c7973] Saved trainer summary for username='alice.trainer'
2026-05-26 02:21:36 [main] [txId=0ebf97b4-4b4d-4a97-aafd-d224e69c7973] INFO  c.e.w.c.TrainerWorkloadController - Workload updated successfully for trainer 'alice.trainer', transactionId=0ebf97b4-4b4d-4a97-aafd-d224e69c7973
2026-05-26 02:21:36 [main] [txId=0ebf97b4-4b4d-4a97-aafd-d224e69c7973] INFO  c.e.w.l.TransactionLoggingFilter - [TRANSACTION] endpoint=/api/trainer-workload status=200 transactionId=0ebf97b4-4b4d-4a97-aafd-d224e69c7973
2026-05-26 02:21:36 [main] [txId=a761ea70-a8cb-46f1-bb29-27d879f01bea] INFO  c.e.w.l.TransactionLoggingFilter - [TRANSACTION] endpoint=/api/trainer-workload/alice.trainer method=GET transactionId=a761ea70-a8cb-46f1-bb29-27d879f01bea
2026-05-26 02:21:36 [main] [txId=a761ea70-a8cb-46f1-bb29-27d879f01bea] INFO  c.e.w.c.TrainerWorkloadController - Fetching workload summary for trainer 'alice.trainer'
2026-05-26 02:21:36 [main] [txId=a761ea70-a8cb-46f1-bb29-27d879f01bea] DEBUG c.e.w.service.TrainerWorkloadService - [TX:a761ea70-a8cb-46f1-bb29-27d879f01bea] Fetching summary for trainer='alice.trainer'
2026-05-26 02:21:36 [main] [txId=a761ea70-a8cb-46f1-bb29-27d879f01bea] INFO  c.e.w.service.TrainerWorkloadService - [TX:a761ea70-a8cb-46f1-bb29-27d879f01bea] Summary found for trainer='alice.trainer'
2026-05-26 02:21:36 [main] [txId=a761ea70-a8cb-46f1-bb29-27d879f01bea] INFO  c.e.w.c.TrainerWorkloadController - Summary retrieved for trainer 'alice.trainer', transactionId=a761ea70-a8cb-46f1-bb29-27d879f01bea
2026-05-26 02:21:36 [main] [txId=a761ea70-a8cb-46f1-bb29-27d879f01bea] INFO  c.e.w.l.TransactionLoggingFilter - [TRANSACTION] endpoint=/api/trainer-workload/alice.trainer status=200 transactionId=a761ea70-a8cb-46f1-bb29-27d879f01bea
2026-05-26 02:21:36 [main] [txId=b925d941-ca97-4a2a-903f-0a9a2846f222] INFO  c.e.w.l.TransactionLoggingFilter - [TRANSACTION] endpoint=/api/trainer-workload/nobody.here method=GET transactionId=b925d941-ca97-4a2a-903f-0a9a2846f222
2026-05-26 02:21:36 [main] [txId=b925d941-ca97-4a2a-903f-0a9a2846f222] INFO  c.e.w.c.TrainerWorkloadController - Fetching workload summary for trainer 'nobody.here'
2026-05-26 02:21:36 [main] [txId=b925d941-ca97-4a2a-903f-0a9a2846f222] DEBUG c.e.w.service.TrainerWorkloadService - [TX:b925d941-ca97-4a2a-903f-0a9a2846f222] Fetching summary for trainer='nobody.here'
2026-05-26 02:21:36 [main] [txId=b925d941-ca97-4a2a-903f-0a9a2846f222] WARN  c.e.w.service.TrainerWorkloadService - [TX:b925d941-ca97-4a2a-903f-0a9a2846f222] No summary found for trainer='nobody.here'
2026-05-26 02:21:36 [main] [txId=b925d941-ca97-4a2a-903f-0a9a2846f222] WARN  c.e.w.c.TrainerWorkloadController - No summary found for trainer 'nobody.here'
2026-05-26 02:21:36 [main] [txId=b925d941-ca97-4a2a-903f-0a9a2846f222] INFO  c.e.w.l.TransactionLoggingFilter - [TRANSACTION] endpoint=/api/trainer-workload/nobody.here status=404 transactionId=b925d941-ca97-4a2a-903f-0a9a2846f222
2026-05-26 02:21:36 [SpringApplicationShutdownHook] [txId=] ERROR d.f.embed.mongo.runtime.Mongod - Got some response, should be an error message
